302 NORTH DE SOTO ROAD	66043	-94.91858166415703	39.2546648603708	
232 NORTH DE SOTO ROAD	66043	-94.91859653912391	39.25427195630348	
222 NORTH DE SOTO ROAD	66043	-94.91860004406556	39.2536439311971	
218 NORTH DE SOTO ROAD	66043	-94.91863217104122	39.25329470513616	
212 NORTH DE SOTO ROAD	66043	-94.91843823295358	39.25291929308376	
909 IDA STREET	66043	-94.91856781794134	39.25241974899182	
907 IDA STREET	66043	-94.91818088084167	39.25246769802203	
905 IDA STREET	66043	-94.91777427073366	39.252482660047804	
903 IDA STREET	66043	-94.91676586346662	39.25252966311326	
901 IDA STREET	66043	-94.91620041831341	39.25251927014379	
122 CONTINENTAL DRIVE	66043	-94.91725756585949	39.25528851555184	
124 CONTINENTAL DRIVE	66043	-94.91731982089067	39.25544135557413	
825 ENGLEWOOD STREET	66043	-94.91717284587085	39.25565064361792	
823 ENGLEWOOD STREET	66043	-94.9168250427804	39.2556844306435	
821 ENGLEWOOD STREET	66043	-94.9164951006818	39.25558083564481	
819 ENGLEWOOD STREET	66043	-94.91619998260157	39.25557253766025	
817 ENGLEWOOD STREET	66043	-94.91591788952672	39.25558426167832	
815 ENGLEWOOD STREET	66043	-94.9156387054517	39.25558510769444	
813 ENGLEWOOD STREET	66043	-94.91536541737915	39.25559602971188	
811 ENGLEWOOD STREET	66043	-94.91508288430275	39.25559266472744	
809 ENGLEWOOD STREET	66043	-94.91479608822684	39.25560594374602	
402 NORTH DE SOTO ROAD	66043	-94.91856193824263	39.2556278625348	
100 CONTINENTAL DRIVE	66043	-94.91616616433431	39.25283784219961	
102 CONTINENTAL DRIVE	66043	-94.91650483644777	39.25307397522027	
104 CONTINENTAL DRIVE	66043	-94.91680511654393	39.25323659223064	
106 CONTINENTAL DRIVE	66043	-94.91692448959296	39.25341529725405	
108 CONTINENTAL DRIVE	66043	-94.91707470165234	39.25361597127941	
110 CONTINENTAL DRIVE	66043	-94.91715955969788	39.25385667231527	
112 CONTINENTAL DRIVE	66043	-94.91721119973754	39.25412973335849	
114 CONTINENTAL DRIVE	66043	-94.91721842576203	39.25436810339841	
116 CONTINENTAL DRIVE	66043	-94.91723731179684	39.25468332545064	
120 CONTINENTAL DRIVE	66043	-94.91710237779053	39.25500072251203	
504 NORTH DE SOTO ROAD	66043	-94.91838470437617	39.25754739986955	
502 NORTH DE SOTO ROAD	66043	-94.91840182035914	39.257317915829766	
500 NORTH DE SOTO ROAD	66043	-94.91846228135644	39.25711721679237	
708 ENGLEWOOD STREET	66043	-94.91229434151828	39.255234423825975	
103 CONTINENTAL DRIVE	66043	-94.91619793139323	39.25337118228802	
717 HOLIDAY DRIVE	66043	-94.91258757087724	39.25820021131087	
715 HOLIDAY DRIVE	66043	-94.91217710676037	39.2581324613228	
711 HOLIDAY DRIVE	66043	-94.91189293667946	39.25808564033116	
709 HOLIDAY DRIVE	66043	-94.91167794862032	39.25807279534122	
707 HOLIDAY DRIVE	66043	-94.91146139556422	39.25809562235745	
705 HOLIDAY DRIVE	66043	-94.91121276250001	39.258124740376566	
703 HOLIDAY DRIVE	66043	-94.9109839094442	39.258186249400005	
701 HOLIDAY DRIVE	66043	-94.9107752943959	39.25826972242604	
507 WILLOW COURT	66043	-94.9104056073163	39.2584805104828	
505 WILLOW COURT	66043	-94.91029772226851	39.25828177445534	
709 NORTH DE SOTO ROAD	66043	-94.91969782897147	39.2601071862275	
900 IDA STREET	66043	-94.91789018465252	39.25129277283992	
700 ENGLEWOOD STREET	66043	-94.91072290810048	39.255290399925116	
97 CONTINENTAL DRIVE	66043	-94.91607069321564	39.25185305503848	
95 CONTINENTAL DRIVE	66043	-94.91599713517937	39.25167850801318	
93 CONTINENTAL DRIVE	66043	-94.91591288114314	39.25153501399368	
98 CONTINENTAL DRIVE	66043	-94.91556013509032	39.25198175708944	
96 CONTINENTAL DRIVE	66043	-94.91547217105177	39.25182417806779	
94 CONTINENTAL DRIVE	66043	-94.91535879200583	39.251661050046664	
82 CONTINENTAL DRIVE	66043	-94.91511019290682	39.25132077600329	
78 CONTINENTAL DRIVE	66043	-94.91463029575812	39.25111384199568	
76 CONTINENTAL DRIVE	66043	-94.91448051169941	39.25091942297131	
74 CONTINENTAL DRIVE	66043	-94.91459556771524	39.250758705937585	
73 CONTINENTAL DRIVE	66043	-94.91482699876705	39.250647920905635	
75 CONTINENTAL DRIVE	66043	-94.91509921584426	39.2506892438971	
77 CONTINENTAL DRIVE	66043	-94.91529564790692	39.25079286490342	
81 CONTINENTAL DRIVE	66043	-94.91548494496953	39.25091624891348	
83 CONTINENTAL DRIVE	66043	-94.91563101002501	39.25108771793416	
864 MEADOWLARK COURT	66043	-94.91463800682561	39.25180741411254	
80 CONTINENTAL DRIVE	66043	-94.91487093383144	39.251204739997306	
91 CONTINENTAL DRIVE	66043	-94.91581699010366	39.25139018797467	
99 CONTINENTAL DRIVE	66043	-94.91615901925394	39.25200722005955	
860 MEADOWLARK COURT	66043	-94.91512860896063	39.251838537089796	
862 MEADOWLARK COURT	66043	-94.91487887390015	39.25191013811615	
861 MEADOWLARK COURT	66043	-94.91474354281965	39.25144296804489	
863 MEADOWLARK COURT	66043	-94.91461863480136	39.25160563207954	
125 SOUTH BROOKRIDGE STREET	66043	-94.9104832456035	39.250708491163685	
422 NORTH DE SOTO ROAD	66043	-94.91812656522094	39.25663936873072	
117 SOUTH BROOKRIDGE STREET	66043	-94.9105339166648	39.251213602246295	
121 SOUTH BROOKRIDGE STREET	66043	-94.9104866306218	39.25089339519481	
89 CONTINENTAL DRIVE	66043	-94.91571481006324	39.251253247957315	
102 CRESTVIEW TERRACE	66043	-94.90053343486102	39.26062658240926	
104 CRESTVIEW TERRACE	66043	-94.9007873029306	39.260639384396896	
106 CRESTVIEW TERRACE	66043	-94.90104105100036	39.26065492838505	
108 CRESTVIEW TERRACE	66043	-94.90133664608263	39.26068312337297	
110 CRESTVIEW TERRACE	66043	-94.90162088016343	39.260728598364416	
112 ELMWOOD DRIVE	66043	-94.90186570221209	39.26054555731948	
114 ELMWOOD DRIVE	66043	-94.90200116322332	39.260278016266504	
104 HIGHLAND ROAD	66043	-94.90076246585592	39.25991951327655	
106 HIGHLAND ROAD	66043	-94.9010241889259	39.25991439126073	
108 HIGHLAND ROAD	66043	-94.90124163498801	39.25995177025468	
110 HIGHLAND ROAD	66043	-94.9015283310642	39.25994126923654	
214 HIGHLAND ROAD	66043	-94.90466885490427	39.25988304304743	
216 HIGHLAND ROAD	66043	-94.90493710597714	39.25989017403335	
218 HIGHLAND ROAD	66043	-94.90517745704173	39.25988887101943	
100 CRESTVIEW TERRACE	66043	-94.90024008778215	39.260627565426105	
112 HIGHLAND ROAD	66043	-94.90175002012589	39.25996255122745	
114 HIGHLAND ROAD	66043	-94.90200415219498	39.2599693132141	
116 HIGHLAND ROAD	66043	-94.90225076526298	39.259986314202905	
118 HIGHLAND ROAD	66043	-94.90249840532904	39.25997999018774	
120 HIGHLAND ROAD	66043	-94.90275025239484	39.25995839416969	
200 HIGHLAND ROAD	66043	-94.90298776245714	39.25994136115326	
202 HIGHLAND ROAD	66043	-94.90320078351235	39.259918730137294	
204 HIGHLAND ROAD	66043	-94.90345206157919	39.25991002912147	
206 HIGHLAND ROAD	66043	-94.90368627164017	39.259887687104296	
210 HIGHLAND ROAD	66043	-94.90419577877594	39.2598729390727	
212 HIGHLAND ROAD	66043	-94.90445001984482	39.25987722505895	
250 HOLIDAY TERRACE	66043	-94.90401530268284	39.25940172700332	
222 HOLIDAY TERRACE	66043	-94.90233088023759	39.25948908611424	
228 HOLIDAY TERRACE	66043	-94.90264805432268	39.25948607709563	
230 HOLIDAY TERRACE	66043	-94.90279270736198	39.259489817088024	
234 HOLIDAY TERRACE	66043	-94.90300517641924	39.25949030107598	
238 HOLIDAY TERRACE	66043	-94.90324546048352	39.25948601206152	
242 HOLIDAY TERRACE	66043	-94.9034796975472	39.25949224504918	
272 HOLIDAY DRIVE	66043	-94.90442601868848	39.25829004979186	
264 HOLIDAY DRIVE	66043	-94.90439869864717	39.25793060373262	
260 HOLIDAY DRIVE	66043	-94.90438687062904	39.25777251970655	
254 HOLIDAY DRIVE	66043	-94.9042880755827	39.2575632486768	
250 FAIRLANE STREET	66043	-94.90407681251517	39.25745027666975	
244 FAIRLANE STREET	66043	-94.90382912444713	39.25743599268143	
238 FAIRLANE STREET	66043	-94.90361220238903	39.257439160694375	
232 FAIRLANE STREET	66043	-94.90332927831317	39.257442833711124	
220 FAIRLANE STREET	66043	-94.90299160322266	39.25744673973107	
214 FAIRLANE STREET	66043	-94.90271829414932	39.25744967274712	
150 FAIRLANE STREET	66043	-94.90189270592802	39.25745992279596	
144 FAIRLANE STREET	66043	-94.9016169078512	39.25743303480718	
138 FAIRLANE STREET	66043	-94.90142008680064	39.25745858482272	
126 FAIRLANE STREET	66043	-94.90120860974379	39.25745929383491	
120 FAIRLANE STREET	66043	-94.9009768826814	39.2574596758482	
114 FAIRLANE STREET	66043	-94.90075841862259	39.2574598138607	
621 GLEN COURT	66043	-94.9037712735792	39.25899986394929	
617 GLEN COURT	66043	-94.90375405055845	39.2588290819214	
613 GLEN COURT	66043	-94.90373019553735	39.25867353189646	
316 HOLIDAY DRIVE	66043	-94.90623622628499	39.259446369884145	
318 HOLIDAY DRIVE	66043	-94.9064686973473	39.259443216870324	
320 HOLIDAY DRIVE	66043	-94.90667189340174	39.2594400998582	
322 HOLIDAY DRIVE	66043	-94.90688801445964	39.259437181845364	
324 HOLIDAY DRIVE	66043	-94.90710498651775	39.25943429183252	
402 HOLIDAY DRIVE	66043	-94.90732955757798	39.25943131081919	
404 HOLIDAY DRIVE	66043	-94.90753711463354	39.25942850880687	
406 HOLIDAY DRIVE	66043	-94.9077487156903	39.25942573279429	
410 HOLIDAY DRIVE	66043	-94.90819379080956	39.259420151767976	
412 HOLIDAY DRIVE	66043	-94.90840979786707	39.25941332875452	
515 FAIRLANE STREET	66043	-94.9091568009148	39.25778887143708	
513 FAIRLANE STREET	66043	-94.90914311989496	39.25761763440892	
511 FAIRLANE STREET	66043	-94.9091578308825	39.257443580378634	
509 FAIRLANE STREET	66043	-94.90905160083915	39.25728774335831	
417 FAIRLANE STREET	66043	-94.90891330278774	39.257137922340895	
415 FAIRLANE STREET	66043	-94.90876127273943	39.25705943733626	
413 FAIRLANE STREET	66043	-94.90856612968102	39.256997115336894	
411 FAIRLANE STREET	66043	-94.908347615621	39.25698417034715	
409 FAIRLANE STREET	66043	-94.90810345555597	39.25699197236243	
407 FAIRLANE STREET	66043	-94.90788737349892	39.25700409037678	
405 FAIRLANE STREET	66043	-94.90766838943975	39.257001846388924	
246 HOLIDAY TERRACE	66043	-94.9037010826066	39.25949030603626	
232 HOLIDAY TERRACE	66043	-94.90287912238567	39.259494212083794	
312 HOLIDAY DRIVE	66043	-94.90556391510512	39.259457945924424	
308 HOLIDAY DRIVE	66043	-94.90528449102283	39.25938348892781	
304 HOLIDAY DRIVE	66043	-94.90507237896591	39.25938554294026	
300 HOLIDAY DRIVE	66043	-94.90484761890241	39.259353745947735	
296 HOLIDAY DRIVE	66043	-94.90467408484893	39.25928210194553	
288 HOLIDAY DRIVE	66043	-94.90448119376647	39.25895854490181	
284 HOLIDAY DRIVE	66043	-94.9044719037506	39.25881739987842	
280 HOLIDAY DRIVE	66043	-94.90445255472677	39.258620279846184	
276 HOLIDAY DRIVE	66043	-94.90443896670745	39.258454530818966	
609 GLEN COURT	66043	-94.90371649551808	39.25850873286936	
605 GLEN COURT	66043	-94.90370854050062	39.258346369842336	
601 GLEN COURT	66043	-94.90375405449673	39.258175697810834	
597 GLEN COURT	66043	-94.90371472046539	39.25795608377593	
593 GLEN COURT	66043	-94.90347415039226	39.25786705277464	
592 GLEN COURT	66043	-94.9033213523525	39.25788171578584	
596 GLEN COURT	66043	-94.90313356131523	39.2580226448204	
600 GLEN COURT	66043	-94.9030966613226	39.2582061218535	
210 PLAZA DRIVE	66043	-94.90243383920695	39.2588709120038	
314 HOLIDAY DRIVE	66043	-94.90599903522133	39.25944839589803	
414 HOLIDAY DRIVE	66043	-94.90867175793053	39.25933858272693	
416 HOLIDAY DRIVE	66043	-94.90887356998402	39.259329654713895	
418 HOLIDAY DRIVE	66043	-94.90907500304395	39.25938969371251	
420 HOLIDAY DRIVE	66043	-94.909293469105	39.25941352470409	
607 FAIRLANE STREET	66043	-94.90908824600575	39.25894745463695	
605 FAIRLANE STREET	66043	-94.90915174500786	39.25878897960655	
603 FAIRLANE STREET	66043	-94.90913069098669	39.25862469057996	
601 FAIRLANE STREET	66043	-94.90912744197003	39.258457301551815	
521 FAIRLANE STREET	66043	-94.90915133296308	39.25831563152651	
519 FAIRLANE STREET	66043	-94.90914227794211	39.258119519493874	
517 FAIRLANE STREET	66043	-94.90915667693024	39.2579525984648	
401 FAIRLANE STREET	66043	-94.90732556134762	39.257003455408736	
327 FAIRLANE STREET	66043	-94.90698994825709	39.25700168242757	
325 FAIRLANE STREET	66043	-94.90678846720301	39.25700319843934	
323 FAIRLANE STREET	66043	-94.90655458114148	39.257018412455295	
321 FAIRLANE STREET	66043	-94.90624383205733	39.257013726472216	
319 FAIRLANE STREET	66043	-94.90603127900128	39.25702593548639	
424 VALLEY DRIVE	66043	-94.9061233749839	39.256579264405616	
332 BROOKWOOD STREET	66043	-94.90656742410296	39.25657386937934	
334 BROOKWOOD STREET	66043	-94.90683845617563	39.25657080036336	
336 BROOKWOOD STREET	66043	-94.90712071525135	39.25656769234674	
400 BROOKWOOD STREET	66043	-94.9074093323287	39.25656432532971	
402 BROOKWOOD STREET	66043	-94.90770574140808	39.25656003931205	
404 BROOKWOOD STREET	66043	-94.90797970948152	39.25655613529577	
406 BROOKWOOD STREET	66043	-94.90827075955941	39.25655138727832	
408 BROOKWOOD STREET	66043	-94.90852328262503	39.25652663125975	
410 BROOKWOOD STREET	66043	-94.90898297474301	39.256464870223034	
412 BROOKWOOD STREET	66043	-94.90935744785133	39.25654477221522	
521 CARAWAY PLACE	66043	-94.9073819214695	39.25813321359662	
403 CARAWAY PLACE	66043	-94.90766922055211	39.25818919458968	
405 CARAWAY PLACE	66043	-94.90786334560487	39.25819434957947	
407 CARAWAY PLACE	66043	-94.90807609266055	39.258177747564574	
409 CARAWAY PLACE	66043	-94.90827357771458	39.25818683755482	
516 FAIRLANE STREET	66043	-94.90870179582849	39.2581721095279	
514 FAIRLANE STREET	66043	-94.90871265381568	39.258005369499074	
512 FAIRLANE STREET	66043	-94.90872334280313	39.257842472470905	
510 FAIRLANE STREET	66043	-94.90869200377853	39.257671040443704	
508 FAIRLANE STREET	66043	-94.90863232273885	39.25742083740479	
412 FAIRLANE STREET	66043	-94.90831135764357	39.257326878407184	
410 FAIRLANE STREET	66043	-94.90810631058856	39.25732912541927	
408 FAIRLANE STREET	66043	-94.90791153853706	39.25733878843204	
406 FAIRLANE STREET	66043	-94.90769238347819	39.25734038544479	
513 CARAWAY PLACE	66043	-94.90724267935911	39.25736168147406	
515 CARAWAY PLACE	66043	-94.90725251237863	39.257539959503674	
517 CARAWAY PLACE	66043	-94.90726620139847	39.257710921531796	
523 CARAWAY PLACE	66043	-94.90724860640873	39.25787006455973	
607 VALLEY DRIVE	66043	-94.90598932517877	39.25902503482697	
315 HOLIDAY DRIVE	66043	-94.90650233731479	39.25900285679396	
317 HOLIDAY DRIVE	66043	-94.90671421137152	39.25899970478129	
319 HOLIDAY DRIVE	66043	-94.90693017842939	39.25899693176849	
321 HOLIDAY DRIVE	66043	-94.90715657049012	39.25899446975516	
401 HOLIDAY DRIVE	66043	-94.90738130755024	39.25899055774165	
403 HOLIDAY DRIVE	66043	-94.90759458860735	39.258987050728905	
405 HOLIDAY DRIVE	66043	-94.90781343066595	39.258984007715924	
407 HOLIDAY DRIVE	66043	-94.90804922272916	39.25898091170195	
520 CARAWAY PLACE	66043	-94.90683422231437	39.258052458614216	
113 FAIRLANE STREET	66043	-94.9007674805874	39.25706119179277	
119 FAIRLANE STREET	66043	-94.90103926165695	39.25702284177077	
125 FAIRLANE STREET	66043	-94.90125521271507	39.25702247775837	
137 FAIRLANE STREET	66043	-94.90153798179125	39.25702263174229	
143 FAIRLANE STREET	66043	-94.90187794888261	39.257021397722646	
149 FAIRLANE STREET	66043	-94.902147462955	39.257019269706895	
201 FAIRLANE STREET	66043	-94.90237863601709	39.25701720869339	
207 FAIRLANE STREET	66043	-94.90258221207174	39.25701573368149	
213 FAIRLANE STREET	66043	-94.90281110113315	39.25701369066809	
134 BROOKWOOD STREET	66043	-94.90279342309024	39.256609820600815	
409 HOLIDAY DRIVE	66043	-94.90825696678499	39.25897951068983	
411 HOLIDAY DRIVE	66043	-94.90853449085579	39.25893782266692	
412 CARAWAY PLACE	66043	-94.90859883983215	39.25850480459005	
410 CARAWAY PLACE	66043	-94.9083689007708	39.25851051260413	
408 CARAWAY PLACE	66043	-94.90812426570673	39.258529015621214	
406 CARAWAY PLACE	66043	-94.90790817964967	39.25854113363561	
404 CARAWAY PLACE	66043	-94.90768951558991	39.258531480646454	
402 CARAWAY PLACE	66043	-94.90746040952696	39.25851825365728	
526 CARAWAY PLACE	66043	-94.90726415447062	39.25848117366218	
524 CARAWAY PLACE	66043	-94.90703284839661	39.258357176654414	
522 CARAWAY PLACE	66043	-94.90690420134989	39.25822903664012	
219 FAIRLANE STREET	66043	-94.90306513820124	39.25701053565305	
231 FAIRLANE STREET	66043	-94.90339810929049	39.25700621263333	
237 FAIRLANE STREET	66043	-94.90368449236722	39.25700201461629	
243 FAIRLANE STREET	66043	-94.90391891942998	39.2569982656023	
249 FAIRLANE STREET	66043	-94.90413834049025	39.2570109255919	
255 FAIRLANE STREET	66043	-94.90436666855916	39.257089851592234	
301 FAIRLANE STREET	66043	-94.90460744862524	39.2571030055807	
307 FAIRLANE STREET	66043	-94.90483690167939	39.25702230955398	
309 FAIRLANE STREET	66043	-94.90504908273375	39.256993123536915	
315 FAIRLANE STREET	66043	-94.9052606577902	39.25698779252394	
317 FAIRLANE STREET	66043	-94.90550788085652	39.256985006509375	
233 BROOKWOOD STREET	66043	-94.90486678960575	39.25615734140591	
301 BROOKWOOD STREET	66043	-94.90515470668281	39.256152189388644	
309 BROOKWOOD STREET	66043	-94.90546152576493	39.25614713137029	
308 OAKRIDGE STREET	66043	-94.90531819768631	39.25572342530679	
300 OAKRIDGE STREET	66043	-94.90507836262364	39.25574361132386	
232 OAKRIDGE STREET	66043	-94.90480690355088	39.255746622339856	
216 OAKRIDGE STREET	66043	-94.90424578440056	39.25575467337325	
317 CRESTVIEW STREET	66043	-94.9038020982438	39.255359372331725	
309 CRESTVIEW STREET	66043	-94.90380440722292	39.25513195129307	
301 CRESTVIEW STREET	66043	-94.90380709820435	39.25492725225831	
225 CRESTVIEW STREET	66043	-94.90382551716654	39.25447396718059	
217 CRESTVIEW STREET	66043	-94.90383468614478	39.254217691136695	
209 CRESTVIEW STREET	66043	-94.9038802901392	39.2540283571021	
201 CRESTVIEW COURT	66043	-94.90383551010281	39.25377037106098	
129 CRESTVIEW COURT	66043	-94.90380748407179	39.253521701020496	
121 CRESTVIEW COURT	66043	-94.90379055704422	39.25327771898022	
113 CRESTVIEW COURT	66043	-94.903695651992	39.25299558793791	
105 CRESTVIEW COURT	66043	-94.9039805480492	39.25278906688671	
104 CRESTVIEW COURT	66043	-94.90441435717607	39.25289571587998	
112 CRESTVIEW COURT	66043	-94.90452215522669	39.25312454591256	
120 CRESTVIEW COURT	66043	-94.9043492911988	39.253321966955816	
128 CRESTVIEW COURT	66043	-94.90439965323398	39.25355134899174	
126 IDA STREET	66043	-94.90355799588006	39.25220208281152	
120 IDA STREET	66043	-94.90287571070101	39.25225123485873	
116 IDA STREET	66043	-94.90234470156874	39.25236481990826	
227 GAMBLE AVENUE	66043	-94.90121011842581	39.25408708826435	
229 GAMBLE AVENUE	66043	-94.901022922398	39.25432605431549	
207 CARRIAGE CROSSING	66043	-94.90340928787101	39.25253026187553	
209 CARRIAGE CROSSING	66043	-94.90336382091083	39.25308178397141	
213 CARRIAGE CROSSING	66043	-94.90331744492201	39.25333274101649	
215 CARRIAGE CROSSING	66043	-94.90329617993154	39.25349480804515	
219 CARRIAGE CROSSING	66043	-94.90330430095422	39.25371177508142	
221 CARRIAGE CROSSING	66043	-94.90328973196642	39.25388226211107	
225 CARRIAGE CROSSING	66043	-94.90330621498853	39.25406978314185	
227 CARRIAGE CROSSING	66043	-94.90329458400281	39.25425380917365	
229 CARRIAGE CROSSING	66043	-94.90328295301704	39.25443783520544	
231 CARRIAGE CROSSING	66043	-94.90330273604054	39.25463066323689	
301 CARRIAGE CROSSING	66043	-94.90328709305476	39.254825571270786	
303 CARRIAGE CROSSING	66043	-94.90327876207037	39.25501490530332	
305 CARRIAGE CROSSING	66043	-94.90327394808696	39.255204606335624	
307 CARRIAGE CROSSING	66043	-94.90329467310873	39.25537603136348	
309 CARRIAGE CROSSING	66043	-94.90327598312108	39.25555986939565	
401 CARRIAGE CROSSING	66043	-94.90329223714365	39.2557526044273	
405 CARRIAGE CROSSING	66043	-94.90325930815237	39.2559388114607	
409 CARRIAGE CROSSING	66043	-94.90327555017493	39.25613181949241	
138 BROOKWOOD STREET	66043	-94.9033772782486	39.25662201356955	
130 BROOKWOOD STREET	66043	-94.90255359001935	39.256542359603074	
126 BROOKWOOD STREET	66043	-94.90225936892486	39.256380664592484	
127 BROOKWOOD STREET	66043	-94.90225495690386	39.2561708985573	
129 BROOKWOOD STREET	66043	-94.90245823594366	39.25601267151889	
131 BROOKWOOD STREET	66043	-94.90268939200688	39.25602318950749	
130 OAKRIDGE COURT	66043	-94.90268658397625	39.255706562454066	
128 OAKRIDGE COURT	66043	-94.90241057890273	39.25571542747136	
126 OAKRIDGE COURT	66043	-94.90224437984273	39.255553563453454	
127 OAKRIDGE COURT	66043	-94.90223598581713	39.25530653341212	
130 OAKBROOK COURT	66043	-94.90271710282477	39.254015292166244	
128 OAKBROOK COURT	66043	-94.90246747575492	39.253986948175694	
124 OAKBROOK COURT	66043	-94.90221616368127	39.253923316179296	
122 OAKBROOK COURT	66043	-94.9019429095966	39.25380612717501	
121 OAKBROOK COURT	66043	-94.90186809955833	39.25361404814681	
123 OAKBROOK COURT	66043	-94.90199723757542	39.25342646710772	
125 OAKBROOK COURT	66043	-94.90227090964318	39.25336367608147	
127 OAKBROOK COURT	66043	-94.90252750872119	39.253458151082796	
131 OAKBROOK COURT	66043	-94.9027336617892	39.25359110509356	
212 CARRIAGE CROSSING	66043	-94.90277919177177	39.253276197037685	
210 CARRIAGE CROSSING	66043	-94.90278777775565	39.25308110200415	
308 BROOKWOOD STREET	66043	-94.905485154813	39.25658882944363	
300 BROOKWOOD STREET	66043	-94.90517460772979	39.256593366462106	
232 BROOKWOOD STREET	66043	-94.90487444064942	39.256597916480025	
224 BROOKWOOD STREET	66043	-94.90457629056954	39.256601830497694	
216 BROOKWOOD STREET	66043	-94.90428157549063	39.256606448515285	
208 BROOKWOOD STREET	66043	-94.9039690134069	39.256611307533944	
200 BROOKWOOD STREET	66043	-94.90367361032781	39.25661602455163	
201 BROOKWOOD STREET	66043	-94.90367156428583	39.25617679047746	
209 BROOKWOOD STREET	66043	-94.90395964736291	39.256171788460136	
217 BROOKWOOD STREET	66043	-94.90424955344064	39.256168483443034	
225 BROOKWOOD STREET	66043	-94.90455936752358	39.25616371542455	
125 CRESTVIEW STREET	66043	-94.90453154328978	39.25376611302057	
117 CRESTVIEW STREET	66043	-94.9049365384093	39.25387715201623	
109 CRESTVIEW STREET	66043	-94.90518199148701	39.25400043202312	
209 VALLEY DRIVE	66043	-94.90607492070713	39.25378532293576	
201 VALLEY DRIVE	66043	-94.90614704470036	39.25350804988475	
119 VALLEY DRIVE	66043	-94.9060735106412	39.253091461818464	
111 VALLEY DRIVE	66043	-94.90605071661419	39.25287027278234	
103 VALLEY DRIVE	66043	-94.90604133158477	39.252585421734686	
130 IDA STREET	66043	-94.90446472312658	39.252227935764175	
128 IDA STREET	66043	-94.90390356597185	39.25218892878959	
131 OAKRIDGE COURT	66043	-94.90272336593739	39.25518996136461	
130 PARKVIEW COURT	66043	-94.90272408490414	39.2548361113047	
128 PARKVIEW COURT	66043	-94.90244898683255	39.25486223732484	
126 PARKVIEW COURT	66043	-94.90221526276316	39.254793657326566	
124 PARKVIEW COURT	66043	-94.90195999868865	39.25473274633079	
120 PARKVIEW COURT	66043	-94.90169711760929	39.25464138233037	
119 PARKVIEW COURT	66043	-94.90160142456446	39.25443942930162	
123 PARKVIEW COURT	66043	-94.90199370064622	39.254186510236465	
125 PARKVIEW COURT	66043	-94.90228634773392	39.254281107235805	
127 PARKVIEW COURT	66043	-94.90251475380573	39.25439020424118	
131 PARKVIEW COURT	66043	-94.90276533587381	39.254396870228064	
208 CARRIAGE CROSSING	66043	-94.90288616976474	39.25289689396736	
416 VALLEY DRIVE	66043	-94.90601819491204	39.25611792233358	
331 BROOKWOOD STREET	66043	-94.90664425408195	39.25613221230024	
333 BROOKWOOD STREET	66043	-94.90697362417015	39.256127395280636	
101 BROOKWOOD COURT	66043	-94.90698154614645	39.25585369423392	
103 BROOKWOOD COURT	66043	-94.90697894412594	39.25564379019854	
105 BROOKWOOD COURT	66043	-94.90697994510828	39.25545399316635	
107 BROOKWOOD COURT	66043	-94.90709777711903	39.255231851122076	
108 BROOKWOOD COURT	66043	-94.90740245619624	39.25518067209606	
106 BROOKWOOD COURT	66043	-94.90771281229505	39.255342289105684	
104 BROOKWOOD COURT	66043	-94.90769210931111	39.255571675145674	
301 OAKHILL DRIVE	66043	-94.90781009326724	39.254770160003325	
233 OAKHILL DRIVE	66043	-94.90755206418321	39.25461585999193	
225 OAKHILL DRIVE	66043	-94.90745446913841	39.254419788964384	
217 OAKHILL DRIVE	66043	-94.90736398309322	39.25419934193225	
209 OAKHILL DRIVE	66043	-94.90729320305176	39.253962029896115	
201 OAKHILL DRIVE	66043	-94.90727741002742	39.25374891086094	
416 OAKBROOK DRIVE	66043	-94.9072617069939	39.25343904480947	
408 OAKBROOK DRIVE	66043	-94.9069974129232	39.253443559825314	
200 VALLEY DRIVE	66043	-94.9067149018491	39.253464503844945	
204 VALLEY DRIVE	66043	-94.90670718587495	39.253760174895405	
212 VALLEY DRIVE	66043	-94.90660387686673	39.25396761593638	
221 BITTERSWEET LANE	66043	-94.90867870744523	39.254178808853766	
213 BITTERSWEET LANE	66043	-94.90868245242532	39.25395719381601	
205 BITTERSWEET LANE	66043	-94.90868645940432	39.253722945776204	
524 OAKBROOK DRIVE	66043	-94.90870110538002	39.253424318724825	
516 OAKBROOK DRIVE	66043	-94.90839367529752	39.25342655774271	
508 OAKBROOK DRIVE	66043	-94.90811072522149	39.253428707759234	
500 OAKBROOK DRIVE	66043	-94.90783095514648	39.25343145077569	
204 OAKHILL DRIVE	66043	-94.90780725017122	39.253761128832835	
210 OAKHILL DRIVE	66043	-94.90787747821382	39.2540124368713	
218 OAKHILL DRIVE	66043	-94.90801770227675	39.25427906390838	
226 OAKHILL DRIVE	66043	-94.90821995035216	39.254501186934434	
200 BITTERSWEET LANE	66043	-94.90925237754742	39.253625460727385	
132 BITTERSWEET LANE	66043	-94.9092577005279	39.25340307268945	
124 BITTERSWEET LANE	66043	-94.90926022350826	39.25318807165293	
108 BITTERSWEET LANE	66043	-94.90926615046915	39.25275658457966	
600 IDA STREET	66043	-94.90931293746212	39.25254912254189	
401 OAKBROOK DRIVE	66043	-94.90676740881993	39.2530055337643	
409 OAKBROOK DRIVE	66043	-94.90718544393191	39.25299957973948	
417 OAKBROOK DRIVE	66043	-94.90747279800883	39.252994609722215	
425 OAKBROOK DRIVE	66043	-94.90775832108537	39.25299109370535	
503 OAKBROOK DRIVE	66043	-94.90802214015613	39.252988347689815	
511 OAKBROOK DRIVE	66043	-94.90831279523407	39.25298562367276	
519 OAKBROOK DRIVE	66043	-94.90865643832633	39.25298287165268	
516 IDA STREET	66043	-94.9086336172799	39.25255569258174	
508 IDA STREET	66043	-94.9082906311879	39.252559414601926	
500 IDA STREET	66043	-94.90800071111013	39.25256233761896	
424 IDA STREET	66043	-94.90770952403199	39.25256510863608	
416 IDA STREET	66043	-94.90745512596374	39.25256753365098	
408 IDA STREET	66043	-94.90716631088628	39.25257044866793	
400 IDA STREET	66043	-94.9067579227739	39.25254504068695	
108 VALLEY DRIVE	66043	-94.90676344379864	39.25279149472836	
102 BROOKWOOD COURT	66043	-94.90754636929394	39.255805331193486	
401 BROOKWOOD STREET	66043	-94.90755658732702	39.256126675247245	
403 BROOKWOOD STREET	66043	-94.9078070403934	39.256114993231	
405 BROOKWOOD STREET	66043	-94.9080811294668	39.256111313214724	
407 BROOKWOOD STREET	66043	-94.90838887054889	39.256103158195785	
331 OAKHILL DRIVE	66043	-94.90863175259199	39.255866896141974	
329 OAKHILL DRIVE	66043	-94.90860573956492	39.255654674107554	
327 OAKHILL DRIVE	66043	-94.90857384953375	39.255415373068864	
325 OAKHILL DRIVE	66043	-94.90847400948796	39.25521524204073	
317 OAKHILL DRIVE	66043	-94.90829647942286	39.255031697019845	
309 OAKHILL DRIVE	66043	-94.90804064534211	39.25490620301318	
220 VALLEY DRIVE	66043	-94.90645658684853	39.254195351983306	
222 VALLEY DRIVE	66043	-94.90630827082249	39.25434216901664	
238 VALLEY DRIVE	66043	-94.90569888567708	39.254539979084846	
300 VALLEY DRIVE	66043	-94.90564918569459	39.25486667014295	
308 VALLEY DRIVE	66043	-94.90574273173895	39.25506970017196	
316 VALLEY DRIVE	66043	-94.90578202077135	39.255301231208904	
324 VALLEY DRIVE	66043	-94.90585169280742	39.25548467123595	
332 VALLEY DRIVE	66043	-94.90590994384216	39.25568676226682	
400 VALLEY DRIVE	66043	-94.9059740608811	39.25591620730197	
237 BITTERSWEET LANE	66043	-94.90856711246136	39.25466753694279	
229 BITTERSWEET LANE	66043	-94.9086743534643	39.25439335589028	
334 OAKHILL DRIVE	66043	-94.90920582576183	39.25602896413663	
332 OAKHILL DRIVE	66043	-94.90922227274612	39.255815397099575	
330 OAKHILL DRIVE	66043	-94.9092185067228	39.25557931505983	
328 OAKHILL DRIVE	66043	-94.90918458969541	39.2553861130291	
326 OAKHILL DRIVE	66043	-94.90922150168676	39.255189296993684	
312 BITTERSWEET LANE	66043	-94.9090306676124	39.254945567963375	
304 BITTERSWEET LANE	66043	-94.90918711363456	39.25473454191875	
232 BITTERSWEET LANE	66043	-94.90923257362573	39.25451117587837	
224 BITTERSWEET LANE	66043	-94.90920443559718	39.25428901184236	
216 BITTERSWEET LANE	66043	-94.90925697358972	39.25405977880061	
208 BITTERSWEET LANE	66043	-94.90924760356666	39.25384287476444	
695 ENGLEWOOD STREET	66043	-94.90986743590706	39.25568046803992	
131 NORTH BROOKRIDGE STREET	66043	-94.90977935986068	39.255440435004324	
129 NORTH BROOKRIDGE STREET	66043	-94.90976870883962	39.25524797097238	
127 NORTH BROOKRIDGE STREET	66043	-94.9097710188213	39.255047124938294	
125 NORTH BROOKRIDGE STREET	66043	-94.90977249680262	39.25484505990402	
123 NORTH BROOKRIDGE STREET	66043	-94.90977401278305	39.254633490868166	
121 NORTH BROOKRIDGE STREET	66043	-94.9097770607656	39.2544401708353	
119 NORTH BROOKRIDGE STREET	66043	-94.90980724475112	39.25420085079304	
117 NORTH BROOKRIDGE STREET	66043	-94.90978051572245	39.25397296875604	
115 NORTH BROOKRIDGE STREET	66043	-94.90978492070546	39.25378062672327	
113 NORTH BROOKRIDGE STREET	66043	-94.90978740668679	39.253575437688426	
111 NORTH BROOKRIDGE STREET	66043	-94.90978923766897	39.253381975655564	
109 NORTH BROOKRIDGE STREET	66043	-94.90982415666011	39.2531881116208	
107 NORTH BROOKRIDGE STREET	66043	-94.90991382366097	39.252941535573974	
105 NORTH BROOKRIDGE STREET	66043	-94.91003813368022	39.25279113954146	
629 IDA STREET	66043	-94.91009668967212	39.25253823749534	
627 IDA STREET	66043	-94.90971590557015	39.25254424751806	
601 BROOKWOOD STREET	66043	-94.90966037289455	39.256138554129194	
603 BROOKWOOD STREET	66043	-94.90994973798085	39.256227825127816	
605 BROOKWOOD STREET	66043	-94.91015945504985	39.25636058413831	
506 WILLOW COURT	66043	-94.90985981518044	39.25859761553377	
508 WILLOW COURT	66043	-94.91005843224751	39.25874189354685	
601 HOLIDAY DRIVE	66043	-94.90968427316871	39.25897398860745	
600 BROOKWOOD STREET	66043	-94.90973868995997	39.25660820020416	
602 BROOKWOOD STREET	66043	-94.90977063299106	39.25684640424267	
604 BROOKWOOD STREET	66043	-94.90986083103415	39.25704549427116	
606 BROOKWOOD STREET	66043	-94.91012999811291	39.25711197626706	
600 HOLIDAY DRIVE	66043	-94.90956984717809	39.25939927668588	
604 HOLIDAY DRIVE	66043	-94.90986751925384	39.259353060661084	
606 HOLIDAY DRIVE	66043	-94.91006250629978	39.25928384063825	
218 SOUTH BROOKRIDGE STREET	66043	-94.9098915424236	39.250490091160515	
128 SOUTH BROOKRIDGE STREET	66043	-94.90987560750906	39.25144126932236	
132 SOUTH BROOKRIDGE STREET	66043	-94.90988900749294	39.25123225728622	
138 SOUTH BROOKRIDGE STREET	66043	-94.90992776446014	39.25077443920658	
529 BROOK MEADOW ROAD	66043	-94.91012383044126	39.25001521006692	
201 NORTH MAIN STREET	66043	-94.90032091600962	39.25221401899819	
102 WEST KANSAS AVENUE	66043	-94.901243552974	39.2492038354363	
107 NORTH MAIN STREET	66043	-94.90056321588345	39.250185443641136	
109 NORTH MAIN STREET	66043	-94.90057330690533	39.250388751675004	
111 NORTH MAIN STREET	66043	-94.90051633490873	39.25058712871183	
113 NORTH MAIN STREET	66043	-94.90042482790498	39.25080826075444	
115 IDA STREET	66043	-94.90212456946242	39.25186608283644	
119 IDA STREET	66043	-94.90268332561281	39.2518657898045	
123 IDA STREET	66043	-94.9030664417183	39.251890390786805	
125 IDA STREET	66043	-94.90329344176996	39.25179038775694	
129 IDA STREET	66043	-94.90388771593608	39.251855367734024	
301 IDA STREET	66043	-94.90520718728806	39.25182039665282	
128 WEST KANSAS AVENUE	66043	-94.90489219395096	39.24914712021853	
116 WEST KANSAS AVENUE	66043	-94.90324858951149	39.249179086317696	
527 BROOK MEADOW ROAD	66043	-94.90985372037345	39.25006676709105	
114 WEST KANSAS AVENUE	66043	-94.90284511540318	39.24918224834122	
104 WEST KANSAS AVENUE	66043	-94.902156969228	39.249289302398594	
117 WEST KANSAS AVENUE	66043	-94.90323533347264	39.248805562255264	
129 WEST KANSAS AVENUE	66043	-94.90494012492809	39.24876826215172	
111 HIGHLAND ROAD	66043	-94.90163838512306	39.260250781282615	
109 HIGHLAND ROAD	66043	-94.90134882204462	39.26024609829835	
107 HIGHLAND ROAD	66043	-94.90106594496888	39.26025010731513	
105 HIGHLAND ROAD	66043	-94.9008016108962	39.260234282327545	
103 HIGHLAND ROAD	66043	-94.90054028482547	39.26023034834178	
101 HIGHLAND ROAD	66043	-94.90026105875039	39.26023170535798	
108 KAREN LANE	66043	-94.90351513566559	39.26064492624214	
110 KAREN LANE	66043	-94.90394530177588	39.26058631220773	
112 KAREN LANE	66043	-94.90429172686889	39.26058371018745	
114 KAREN LANE	66043	-94.90466676096888	39.26057335116432	
100 MEADOW LANE	66043	-94.90500174605303	39.26050945613441	
213 HIGHLAND ROAD	66043	-94.90474728196186	39.260269183108264	
211 HIGHLAND ROAD	66043	-94.90445662787789	39.260208985114694	
209 HIGHLAND ROAD	66043	-94.90418696380767	39.26023395713431	
207 HIGHLAND ROAD	66043	-94.9038984287273	39.26020595614601	
205 HIGHLAND ROAD	66043	-94.90363684965706	39.26020779216127	
203 HIGHLAND ROAD	66043	-94.90331033757218	39.26023976618534	
201 HIGHLAND ROAD	66043	-94.90307153351225	39.260286161206785	
119 ELMWOOD DRIVE	66043	-94.90283954745469	39.26033823122882	
117 ELMWOOD DRIVE	66043	-94.90259819539956	39.26044252126026	
115 ELMWOOD DRIVE	66043	-94.9023593443473	39.26057022929547	
113 ELMWOOD DRIVE	66043	-94.9022105853232	39.26073851933246	
120 KAREN LANE	66043	-94.90553139220414	39.26059935411937	
119 MEADOW LANE	66043	-94.90768984879433	39.260695158012396	
117 MEADOW LANE	66043	-94.90745673872371	39.26061204601161	
115 MEADOW LANE	66043	-94.90726108465866	39.26048075500057	
113 MEADOW LANE	66043	-94.9070356495888	39.260383835997054	
111 MEADOW LANE	66043	-94.90682648852629	39.26031866599794	
109 MEADOW LANE	66043	-94.90652938843931	39.26024429100233	
107 MEADOW LANE	66043	-94.90624656036343	39.26024721701901	
105 MEADOW LANE	66043	-94.90599963029601	39.26023735903143	
103 MEADOW LANE	66043	-94.90573567523025	39.26029325405596	
116 MEADOW LANE	66043	-94.90758152072456	39.26026537094586	
118 MEADOW LANE	66043	-94.90780895479826	39.26039723195518	
120 MEADOW LANE	66043	-94.90807397288482	39.26055838496735	
122 MEADOW LANE	66043	-94.90825352394218	39.26065408397327	
323 HIGHLAND ROAD	66043	-94.9086555950369	39.26051091892609	
321 HIGHLAND ROAD	66043	-94.90861094400692	39.26032072789647	
319 HIGHLAND ROAD	66043	-94.90837723392987	39.260170845884446	
317 HIGHLAND ROAD	66043	-94.90804406483473	39.260113099893715	
300 HIGHLAND ROAD	66043	-94.9059791852585	39.25989863897532	
302 HIGHLAND ROAD	66043	-94.9062580253343	39.259906047960634	
304 HIGHLAND ROAD	66043	-94.90650509740142	39.25991261194762	
306 HIGHLAND ROAD	66043	-94.90672212945671	39.25987909392961	
122 KAREN LANE	66043	-94.90580670427893	39.26060667110488	
124 KAREN LANE	66043	-94.90604396334177	39.26059539408944	
126 KAREN LANE	66043	-94.90634536542828	39.26065230108184	
128 KAREN LANE	66043	-94.90660931750168	39.260676896070954	
308 HIGHLAND ROAD	66043	-94.90695649451735	39.259853177911836	
310 HIGHLAND ROAD	66043	-94.90722796159179	39.25986753189879	
312 HIGHLAND ROAD	66043	-94.90746538565432	39.25985240988264	
314 HIGHLAND ROAD	66043	-94.90771386871876	39.259826866864145	
316 HIGHLAND ROAD	66043	-94.90797215878762	39.25981944084813	
318 HIGHLAND ROAD	66043	-94.90822321785485	39.2598156688332	
320 HIGHLAND ROAD	66043	-94.90846230392184	39.259843170824176	
322 HIGHLAND ROAD	66043	-94.90873067300207	39.259928039823244	
324 HIGHLAND ROAD	66043	-94.90889686206181	39.26008656784055	
326 HIGHLAND ROAD	66043	-94.90902301011326	39.260271778864656	
328 HIGHLAND ROAD	66043	-94.90905919314393	39.26049388590017	
208 HIGHLAND ROAD	66043	-94.9039381897058	39.25986444208601	
220 HIGHLAND ROAD	66043	-94.9054353711113	39.259889956004834	
518 CARAWAY PLACE	66043	-94.90681366929226	39.25787691758572	
516 CARAWAY PLACE	66043	-94.90678941726956	39.25770512455804	
514 CARAWAY PLACE	66043	-94.9068084602565	39.25751305452446	
512 CARAWAY PLACE	66043	-94.90681856324512	39.25736360249863	
513 VALLEY DRIVE	66043	-94.90600489902805	39.25738483854861	
515 VALLEY DRIVE	66043	-94.90601118704662	39.25756329757848	
517 VALLEY DRIVE	66043	-94.90600720106173	39.257734340607605	
519 VALLEY DRIVE	66043	-94.90602713708498	39.25792387563853	
521 VALLEY DRIVE	66043	-94.90600087609636	39.25811932467307	
523 VALLEY DRIVE	66043	-94.90601085111558	39.25829430970211	
601 VALLEY DRIVE	66043	-94.90601775513294	39.25845877372955	
603 VALLEY DRIVE	66043	-94.90600239514659	39.2586473707623	
605 VALLEY DRIVE	66043	-94.90598735015968	39.258828833793906	
289 HOLIDAY DRIVE	66043	-94.90498230090749	39.25902327088411	
608 VALLEY DRIVE	66043	-94.90555087506131	39.259031239853016	
606 VALLEY DRIVE	66043	-94.90556992204827	39.258839168819435	
604 VALLEY DRIVE	66043	-94.90555690102723	39.258653113788746	
602 VALLEY DRIVE	66043	-94.9056037010228	39.25847276975555	
600 VALLEY DRIVE	66043	-94.90559389600323	39.258293943725846	
281 HOLIDAY DRIVE	66043	-94.90489748984669	39.25862157682106	
285 HOLIDAY DRIVE	66043	-94.90490393286497	39.25879646885023	
224 OAKRIDGE STREET	66043	-94.90450829947093	39.25575171235776	
208 OAKRIDGE STREET	66043	-94.90392138031648	39.255789424397676	
325 CRESTVIEW STREET	66043	-94.903724610242	39.25556170437033	
125 VALLEY DRIVE	66043	-94.90610166566903	39.253305729853075	
129 OAKRIDGE COURT	66043	-94.90244103886069	39.25518306937958	
219 OAKRIDGE STREET	66043	-94.90439057639722	39.25530617028914	
227 OAKRIDGE STREET	66043	-94.90477047949892	39.2552998972664	
231 OAKRIDGE STREET	66043	-94.90518502760999	39.25529436924178	
520 VALLEY DRIVE	66043	-94.90559819698761	39.258115766695454	
518 VALLEY DRIVE	66043	-94.90558085096708	39.257947728668036	
516 VALLEY DRIVE	66043	-94.90558915195147	39.25775894363565	
514 VALLEY DRIVE	66043	-94.90556507192841	39.25758330960732	
512 VALLEY DRIVE	66043	-94.90557767491234	39.25737705657173	
255 HOLIDAY DRIVE	66043	-94.90485712172527	39.25745048462521	
261 HOLIDAY DRIVE	66043	-94.90483940674335	39.25769258866722	
265 HOLIDAY DRIVE	66043	-94.90483000476101	39.25790634270387	
269 HOLIDAY DRIVE	66043	-94.90486178178479	39.258067622729385	
273 HOLIDAY DRIVE	66043	-94.90485716480104	39.25825293376099	
277 HOLIDAY DRIVE	66043	-94.9048769408246	39.2584460357925	
301 VALLEY DRIVE	66043	-94.90516422358051	39.25504177920024	
235 VALLEY DRIVE	66043	-94.90509041054052	39.25482848416838	
227 VALLEY DRIVE	66043	-94.90509530951962	39.254593240128315	
100 CRESTVIEW STREET	66043	-94.90490047044669	39.25437590410268	
118 CRESTVIEW STREET	66043	-94.90463209835892	39.25421135609015	
220 CRESTVIEW STREET	66043	-94.90434241329591	39.2543706821336	
300 CRESTVIEW STREET	66043	-94.9043711563471	39.25483053320976	
308 CRESTVIEW STREET	66043	-94.90436916136832	39.25506110324887	
203 NORTH MAIN STREET	66043	-94.90033472002924	39.25238196402586	
503 WILLOW COURT	66043	-94.91011415120352	39.258116743437895	
501 WILLOW COURT	66043	-94.90980024011773	39.258103468453555	
500 WILLOW COURT	66043	-94.90967989710096	39.258268950488414	
504 WILLOW COURT	66043	-94.9097003251233	39.25844750851747	
120 WEST KANSAS AVENUE	66043	-94.90368579462822	39.24916893829105	
306 SANTA FE DRIVE	66043	-94.89887474787953	39.25496098654544	
308 SANTA FE DRIVE	66043	-94.89873002086006	39.25516755658864	
103 HELEN STREET	66043	-94.89947013899639	39.25450058243363	
105 HELEN STREET	66043	-94.89917466391795	39.25451207745237	
107 HELEN STREET	66043	-94.89881935183993	39.254699283504344	
111 HELEN STREET	66043	-94.89841140771152	39.25450280249439	
105 EMILE STREET	66043	-94.89885906634065	39.259890262380196	
107 EMILE STREET	66043	-94.89860041427254	39.25990590039765	
109 EMILE STREET	66043	-94.89835548520757	39.25991653041338	
111 EMILE STREET	66043	-94.89807719113077	39.25989675442593	
113 HELEN STREET	66043	-94.89809512662089	39.25444433450252	
112 HELEN STREET	66043	-94.89813286859496	39.25406248943577	
110 HELEN STREET	66043	-94.89842798167467	39.254064794419335	
108 HELEN STREET	66043	-94.89875112576097	39.25405722139963	
106 HELEN STREET	66043	-94.89905658484878	39.25411632039218	
102 HELEN STREET	66043	-94.89956373298237	39.254084976357916	
220 NORTH MAIN STREET	66043	-94.89976536601158	39.25381953830152	
218 NORTH MAIN STREET	66043	-94.89975614999511	39.2536710642769	
216 NORTH MAIN STREET	66043	-94.89970618596226	39.25346582024506	
114 EMILE STREET	66043	-94.89791084804752	39.25948938136654	
112 EMILE STREET	66043	-94.89818232212087	39.25949233935153	
610 ALLEMAN ROAD	66043	-94.89810055005358	39.259012534275044	
108 EMILE STREET	66043	-94.89862930624169	39.25949712532682	
106 EMILE STREET	66043	-94.89888059730953	39.259499083312846	
104 EMILE STREET	66043	-94.89917305638858	39.25950242729671	
610 NORTH MAIN STREET	66043	-94.89959263948448	39.25932108124205	
606 NORTH MAIN STREET	66043	-94.89960066344858	39.25891864117357	
602 NORTH MAIN STREET	66043	-94.89960878942635	39.258659792129286	
504 NORTH MAIN STREET	66043	-94.89895536714106	39.25750115397057	
122 EAST KANSAS AVENUE	66043	-94.89785796305488	39.249123189615744	
120 EAST KANSAS AVENUE	66043	-94.89800011709325	39.24912422560782	
118 EAST KANSAS AVENUE	66043	-94.89819757014654	39.24912556559678	
114 EAST KANSAS AVENUE	66043	-94.89874754329512	39.24913119256636	
105 EAST KAY STREET	66043	-94.89895816227134	39.24827791340996	
103 EAST KAY STREET	66043	-94.89934557037547	39.248276218387595	
115 EAST KAY STREET	66043	-94.89791306298703	39.24824692146432	
608 NORTH MAIN STREET	66043	-94.8995971034662	39.259115187207	
268 HOLIDAY DRIVE	66043	-94.90441244566811	39.258113492762746	
408 HOLIDAY DRIVE	66043	-94.90797025374958	39.2594223817811	
101 CRESTVIEW STREET	66043	-94.90536849055405	39.254178735042615	
228 CRESTVIEW STREET	66043	-94.90433848831844	39.254620571176126	
116 BITTERSWEET LANE	66043	-94.90926215248892	39.252977726617274	
116 EAST KANSAS AVENUE	66043	-94.89844585020931	39.24908257257532	
111 EAST KANSAS AVENUE	66043	-94.8988832163961	39.24981375167409	
115 EAST KANSAS AVENUE	66043	-94.89843729927738	39.24982838570203	
100 EAST KANSAS AVENUE	66043	-94.89922900140813	39.24895487350908	
107 EAST KAY STREET	66043	-94.89859435617228	39.24826604942873	
108 SOUTH MAIN STREET	66043	-94.90029914269441	39.24893529844473	
106 SOUTH MAIN STREET	66043	-94.90030187670656	39.24905670746508	
110 SOUTH MAIN STREET	66043	-94.90028249068115	39.24884222342993	
112 SOUTH MAIN STREET	66043	-94.9003778666976	39.24874456240791	
116 SOUTH MAIN STREET	66043	-94.90037431468855	39.248658774393625	
602 GLEN COURT	66043	-94.9031039333309	39.25827303886444	
598 GLEN COURT	66043	-94.90309433431099	39.25808972383394	
594 GLEN COURT	66043	-94.90322512933015	39.25791953779771	
595 GLEN COURT	66043	-94.90356901342018	39.257892162773466	
599 GLEN COURT	66043	-94.90377012748526	39.258008106781595	
603 GLEN COURT	66043	-94.90375792850486	39.25825066182332	
607 GLEN COURT	66043	-94.903710676508	39.25841865985443	
611 GLEN COURT	66043	-94.90372553552761	39.25858367888149	
615 GLEN COURT	66043	-94.90373925854723	39.258752492909274	
619 GLEN COURT	66043	-94.90375622656644	39.258908066934595	
623 GLEN COURT	66043	-94.903773433587	39.25907617196204	
204 NORTH MAIN STREET	66043	-94.89955447583328	39.25253158209566	
208 NORTH MAIN STREET	66043	-94.89912840975856	39.25295586919172	
200 NORTH MAIN STREET	66043	-94.8997346208464	39.252157209022045	
214 NORTH MAIN STREET	66043	-94.89924733580898	39.25315054421791	
212 NORTH MAIN STREET	66043	-94.89827647656448	39.25332965630358	
211 NORTH MAIN STREET	66043	-94.90041343910008	39.25290817911037	
109 IDA STREET	66043	-94.90109771218225	39.25182676588836	
291 NORTH MAIN STREET	66043	-94.9006296563407	39.25484060542496	
329 NORTH MAIN STREET	66043	-94.90052504236482	39.255394765524656	
401 NORTH MAIN STREET	66043	-94.90051355545582	39.25639129469392	
391 NORTH MAIN STREET	66043	-94.90057346844964	39.256155314650556	
407 NORTH MAIN STREET	66043	-94.90037317847444	39.25698947380314	
120 EXPRESS DRIVE	66043	-94.9015908047249	39.2561694885949	
121 EXPRESS DRIVE	66043	-94.90160578265977	39.25543656247006	
400 NORTH MAIN STREET	66043	-94.8997104751644	39.255595082605026	
402 NORTH MAIN STREET	66043	-94.89969583919687	39.255980859671155	
480 NORTH MAIN STREET	66043	-94.89950461719428	39.25649835976961	
482 NORTH MAIN STREET	66043	-94.899505253205	39.2566103837885	
484 NORTH MAIN STREET	66043	-94.89950380421853	39.25675797681357	
506 NORTH MAIN STREET	66043	-94.89943039029495	39.257776921990114	
612 NORTH MAIN STREET	66043	-94.89956068849506	39.25952468127835	
555 NORTH MAIN STREET	66043	-94.90040855658403	39.258049116980374	
601 NORTH MAIN STREET	66043	-94.90053686766359	39.25852580905365	
617 NORTH MAIN STREET	66043	-94.90036981366845	39.25905387915253	
619 NORTH MAIN STREET	66043	-94.90037699371325	39.25950787922891	
100 HIGHLAND ROAD	66043	-94.90036414174543	39.2598851522935	
102 HIGHLAND ROAD	66043	-94.9005486477964	39.25989902728528	
120 HOLIDAY TERRACE	66043	-94.9010669758993	39.259510785190066	
200 HOLIDAY TERRACE	66043	-94.90187651411419	39.259477778138255	
400 SANTA FE DRIVE	66043	-94.89784059970764	39.256090095795486	
619 HOLIDAY PLAZA	66043	-94.90080061078402	39.259048968127104	
617 HOLIDAY PLAZA	66043	-94.90091275081504	39.25905779512219	
611 HOLIDAY PLAZA	66043	-94.90155408497247	39.258896754058384	
609 HOLIDAY PLAZA	66043	-94.9015493799644	39.258824455046415	
607 HOLIDAY PLAZA	66043	-94.90155263295992	39.25876770503663	
605 HOLIDAY PLAZA	66043	-94.90155160695447	39.25871319502749	
603 HOLIDAY PLAZA	66043	-94.90154843694857	39.25865924801852	
601 HOLIDAY PLAZA	66043	-94.90149621292282	39.25853538100053	
613 HOLIDAY PLAZA	66043	-94.90134644793156	39.259055111097	
615 HOLIDAY PLAZA	66043	-94.90105004785201	39.25905804711439	
226 HOLIDAY TERRACE	66043	-94.90254097729351	39.25948257510113	
224 HOLIDAY TERRACE	66043	-94.90242465226241	39.25948439210807	
236 HOLIDAY TERRACE	66043	-94.90310598144609	39.259487075069686	
240 HOLIDAY TERRACE	66043	-94.90334905251132	39.25948493505545	
244 HOLIDAY TERRACE	66043	-94.90357310957219	39.25949048304359	
248 HOLIDAY TERRACE	66043	-94.90379727763249	39.25948997303072	
450 WEST MARY STREET	66043	-94.90706638441438	39.24785523987594	
509 IDA STREET	66043	-94.90868319317272	39.25127893936291	
202 FAIRLANE STREET	66043	-94.90229143403785	39.25748618977767	
614 HOLIDAY PLAZA	66043	-94.90118295588829	39.25906301610768	
118 IDA STREET	66043	-94.90267003164537	39.25224851687005	
114 IDA STREET	66043	-94.90205788248306	39.252275154909434	
131 WEST KANSAS AVENUE	66043	-94.90520479398687	39.24863603211424	
501 NORTH MAIN STREET	66043	-94.90050417155858	39.25750678488318	
706 NORTH MAIN STREET	66043	-94.89914436146178	39.26035936944329	
210 NORTH MAIN STREET	66043	-94.89856155364414	39.25336047829257	
403 NORTH MAIN STREET	66043	-94.9004987344671	39.25655365572221	
508 NORTH MAIN STREET	66043	-94.89959737636006	39.257990030016664	
609 NORTH MAIN STREET	66043	-94.90053214767245	39.2586329950721	
613 NORTH MAIN STREET	66043	-94.90053652868068	39.258707634084445	
220 NORTH MAIN STREET	66043	-94.89976679001842	39.25388811231304	
250 HOLIDAY TERRACE	66043	-94.90417897672721	39.2594046479945	
102 HIGHLAND ROAD	66043	-94.90046061377252	39.25989709928996	
100 HIGHLAND ROAD	66043	-94.90019112669495	39.259843583296316	
100 HIGHLAND ROAD	66043	-94.90026467071817	39.25988012029827	
100 HIGHLAND ROAD	66043	-94.90023006470743	39.25986489029769	
100 HIGHLAND ROAD	66043	-94.90031057673079	39.259882534296096	
122 SOUTH MAIN STREET	66043	-94.90045852366468	39.248165268305314	
202 FAIRLANE STREET	66043	-94.90233929205073	39.25748603277493	
202 FAIRLANE STREET	66043	-94.90205436297127	39.25745746778639	
202 FAIRLANE STREET	66043	-94.90210222098418	39.257457310783586	
150 FAIRLANE STREET	66043	-94.90183559291275	39.257461264799474	
214 FAIRLANE STREET	66043	-94.90265579313234	39.25744800975045	
101 NORTH MAIN STREET	66043	-94.90070350587008	39.249643619541494	
101 NORTH MAIN STREET	66043	-94.90053256681047	39.249499339526785	
101 NORTH MAIN STREET	66043	-94.9005295358131	39.24953588253317	
101 NORTH MAIN STREET	66043	-94.90052977181709	39.24957745154022	
101 NORTH MAIN STREET	66043	-94.90052673881974	39.24961399354655	
101 NORTH MAIN STREET	66043	-94.90052853182303	39.24964422155158	
101 NORTH MAIN STREET	66043	-94.90052551382594	39.24968328355833	
101 NORTH MAIN STREET	66043	-94.90070048887297	39.24968268154825	
101 NORTH MAIN STREET	66043	-94.90070171486676	39.24961339253644	
101 NORTH MAIN STREET	66043	-94.90070474686414	39.249576850530126	
101 NORTH MAIN STREET	66043	-94.90070451086014	39.24953527952311	
204 NORTH MAIN STREET	66043	-94.89955973684488	39.25263974311367	
122 NORTH MAIN STREET	66043	-94.89971452679038	39.25162052293239	
124 NORTH MAIN STREET	66043	-94.89957172075411	39.25164344694443	
122 NORTH MAIN STREET	66043	-94.89977752280737	39.25162108692892	
122 NORTH MAIN STREET	66043	-94.89978139281547	39.25169580294129	
122 NORTH MAIN STREET	66043	-94.89971839679846	39.251695237944794	
124 NORTH MAIN STREET	66043	-94.89940651371064	39.25165463795575	
124 NORTH MAIN STREET	66043	-94.89926228567704	39.25170981897331	
124 NORTH MAIN STREET	66043	-94.89916803065722	39.251768555988576	
124 NORTH MAIN STREET	66043	-94.8990698866385	39.25185057700808	
124 NORTH MAIN STREET	66043	-94.89898086362115	39.25192059102502	
124 NORTH MAIN STREET	66043	-94.89890013060666	39.251997506042606	
124 NORTH MAIN STREET	66043	-94.8988149575913	39.252077646061046	
124 NORTH MAIN STREET	66043	-94.89871655757007	39.25213293107599	
124 NORTH MAIN STREET	66043	-94.89862043055065	39.25220164209311	
124 NORTH MAIN STREET	66043	-94.89849904252333	39.25225854410967	
124 NORTH MAIN STREET	66043	-94.89833901748244	39.25228212112277	
124 NORTH MAIN STREET	66043	-94.89819799144897	39.25232959013888	
124 NORTH MAIN STREET	66043	-94.89804818641352	39.252381280156136	
124 NORTH MAIN STREET	66043	-94.89799207440817	39.25248446417682	
124 NORTH MAIN STREET	66043	-94.89795994141001	39.252596082197535	
124 NORTH MAIN STREET	66043	-94.89794783641733	39.252708234217174	
124 NORTH MAIN STREET	66043	-94.89785606640513	39.25284053724485	
124 NORTH MAIN STREET	66043	-94.897957685448	39.25300471826678	
124 NORTH MAIN STREET	66043	-94.8984552445808	39.25299236123636	
124 NORTH MAIN STREET	66043	-94.89846122456957	39.252856660213006	
124 NORTH MAIN STREET	66043	-94.89843129653359	39.25256075516468	
124 NORTH MAIN STREET	66043	-94.89855427256407	39.25253285015292	
124 NORTH MAIN STREET	66043	-94.89868287259631	39.2525073221413	
124 NORTH MAIN STREET	66043	-94.89881659862813	39.252462998126184	
124 NORTH MAIN STREET	66043	-94.89894084765619	39.252406173109456	
124 NORTH MAIN STREET	66043	-94.89902982167368	39.25233727109274	
124 NORTH MAIN STREET	66043	-94.89911652368923	39.25225494607386	
124 NORTH MAIN STREET	66043	-94.89918768370018	39.25216775305504	
124 NORTH MAIN STREET	66043	-94.89927093471606	39.2520986990386	
124 NORTH MAIN STREET	66043	-94.89943334074633	39.25195602800523	
220 NORTH MAIN STREET	66043	-94.89946024692772	39.253801046315814	
619 NORTH MAIN STREET	66043	-94.90062180677911	39.25950724121483	
237 NORTH MAIN STREET	66043	-94.90045126822902	39.25416640132107	
120 SOUTH BROOKRIDGE STREET	66043	-94.91004734059821	39.25189593838944	
211 PLAZA DRIVE	66043	-94.90263529120278	39.258252434887694	
124 SOUTH BROOKRIDGE STREET	66043	-94.90994412955328	39.251714347364604	
124 SOUTH MAIN STREET	66043	-94.9004666166478	39.24796378027075	
213 GAMBLE AVENUE	66043	-94.90179495350552	39.25326284409153	
118 SOUTH MAIN STREET	66043	-94.90040480567491	39.24842715235269	
119 NORTH MAIN STREET	66043	-94.90066185403714	39.25153267986347	
101 WEST KANSAS AVENUE	66043	-94.90124026993333	39.24878205836506	
209 GAMBLE AVENUE	66043	-94.90206924054694	39.252919592017825	
205 GAMBLE AVENUE	66043	-94.90215612253859	39.252583275956006	
206 CARRIAGE CROSSING	66043	-94.9030466557815	39.252616429910795	
131 IDA STREET	66043	-94.90347099482814	39.25190004876538	
91 FAIRLANE STREET	66043	-94.89870804803614	39.2570955819161	
93 FAIRLANE STREET	66043	-94.89868058802453	39.25705049491005	
95 FAIRLANE STREET	66043	-94.89863870000633	39.25697783790011	
97 FAIRLANE STREET	66043	-94.89861479099594	39.25693570689437	
99 FAIRLANE STREET	66043	-94.89859008798501	39.25689069288814	
101 FAIRLANE STREET	66043	-94.89855092696773	39.25681882487826	
103 FAIRLANE STREET	66043	-94.89852622395682	39.256773810872026	
105 FAIRLANE STREET	66043	-94.89850053994581	39.25673020186613	
107 FAIRLANE STREET	66043	-94.89847528493002	39.25663509585147	
109 FAIRLANE STREET	66043	-94.89848937492923	39.256586822842486	
111 FAIRLANE STREET	66043	-94.89850254592825	39.2565385258336	
405 SANTA FE DRIVE	66043	-94.89820697787269	39.25679320789352	
403 SANTA FE DRIVE	66043	-94.89823739187682	39.256750377884515	
401 SANTA FE DRIVE	66043	-94.8982660308804	39.25670607087539	
801 WEST EISENHOWER ROAD	66043	-94.91323041284923	39.266657613704425	
1105 PEBBLE BEACH DRIVE	66043	-94.91198369441065	39.26556834859144	
1101 PEBBLE BEACH DRIVE	66043	-94.9123365384997	39.265505151560575	
1019 PEBBLE BEACH DRIVE	66043	-94.91242428749985	39.26525690251359	
1017 PEBBLE BEACH DRIVE	66043	-94.912318844455	39.265082683490135	
1015 PEBBLE BEACH DRIVE	66043	-94.91202129836566	39.26498496849061	
720 MERION	66043	-94.91260525649247	39.264663207402855	
715 MERION	66043	-94.91206348330145	39.26418474035288	
934 OAKMONT DRIVE	66043	-94.91156158114369	39.26394506334099	
932 OAKMONT DRIVE	66043	-94.91131018107703	39.26395625235724	
930 OAKMONT DRIVE	66043	-94.9110521900076	39.263956551372054	
928 OAKMONT DRIVE	66043	-94.91078714093624	39.26395666238715	
926 OAKMONT DRIVE	66043	-94.91054130686675	39.26392156939525	
924 OAKMONT DRIVE	66043	-94.91033335980958	39.26390891040498	
922 OAKMONT DRIVE	66043	-94.91003866273319	39.26394037442716	
920 OAKMONT DRIVE	66043	-94.90977502165919	39.26390837943681	
918 OAKMONT DRIVE	66043	-94.9096094125984	39.26373640741716	
916 OAKMONT DRIVE	66043	-94.90962185958253	39.263533447382144	
933 OAKMONT DRIVE	66043	-94.91137148405285	39.26352575028097	
1117 PEBBLE BEACH DRIVE	66043	-94.91230879758497	39.266486771728154	
1121 PEBBLE BEACH DRIVE	66043	-94.91190822747974	39.26651460975573	
1119 PEBBLE BEACH DRIVE	66043	-94.91215869754816	39.26652482274315	
1113 PEBBLE BEACH DRIVE	66043	-94.9124573575913	39.26613026865942	
1115 PEBBLE BEACH DRIVE	66043	-94.91245083160457	39.26628926668662	
1111 PEBBLE BEACH DRIVE	66043	-94.91226196752098	39.2659432406389	
1107 PEBBLE BEACH DRIVE	66043	-94.9119422854308	39.26589959964979	
1109 PEBBLE BEACH DRIVE	66043	-94.91211693948226	39.265946262647695	
902 OAKMONT DRIVE	66043	-94.90960435144066	39.26208138213755	
904 OAKMONT DRIVE	66043	-94.90954892044614	39.262297486177275	
915 OAKMONT DRIVE	66043	-94.91022981772318	39.26328914930609	
921 OAKMONT DRIVE	66043	-94.9103799117752	39.26341208431835	
925 OAKMONT DRIVE	66043	-94.91064510485383	39.263489173316245	
929 OAKMONT DRIVE	66043	-94.91088360092196	39.2635303893096	
931 OAKMONT DRIVE	66043	-94.91111686898466	39.26352971029613	
800 MERION	66043	-94.91297428460037	39.26475343239705	
805 MERION	66043	-94.91359605072412	39.26429185228352	
803 MERION	66043	-94.9132498276383	39.264370035316475	
801 MERION	66043	-94.91294487455086	39.264313052324276	
719 MERION	66043	-94.91269563948015	39.26427485133204	
717 MERION	66043	-94.91235508738363	39.26422379034283	
906 OAKMONT DRIVE	66043	-94.9095908294737	39.262469747203994	
908 OAKMONT DRIVE	66043	-94.90956410648602	39.26267589924043	
910 OAKMONT DRIVE	66043	-94.90957362050612	39.26286158527124	
912 OAKMONT DRIVE	66043	-94.90955042751935	39.263067831307445	
914 OAKMONT DRIVE	66043	-94.90954409953888	39.26329238134582	
913 OAKMONT DRIVE	66043	-94.91008847166228	39.26304749527332	
911 OAKMONT DRIVE	66043	-94.91011303664645	39.26280996823171	
909 OAKMONT DRIVE	66043	-94.91009414862117	39.262596287196665	
907 OAKMONT DRIVE	66043	-94.9101208586089	39.262390409160346	
905 OAKMONT DRIVE	66043	-94.91009430858287	39.26219026012798	
903 OAKMONT DRIVE	66043	-94.91028921560374	39.26185588306033	
707 BELLERIVE COURT	66043	-94.91235579920726	39.26235519102681	
705 BELLERIVE COURT	66043	-94.91204472412377	39.26235738204491	
703 BELLERIVE COURT	66043	-94.91174454004252	39.26235299206128	
701 BELLERIVE COURT	66043	-94.91146553397468	39.262429655090195	
700 BELLERIVE COURT	66043	-94.91149746201341	39.262748897142366	
702 BELLERIVE COURT	66043	-94.91171186508123	39.26285595414826	
704 BELLERIVE COURT	66043	-94.91203660116186	39.262784075117544	
710 BELLERIVE COURT	66043	-94.91287627938584	39.26276191206587	
990 PEBBLE BEACH DRIVE	66043	-94.91270050737202	39.26311677813593	
992 PEBBLE BEACH DRIVE	66043	-94.91238912928905	39.26312583015523	
994 PEBBLE BEACH DRIVE	66043	-94.91211951822633	39.26322994018824	
989 PEBBLE BEACH DRIVE	66043	-94.9134463575572	39.26295111806528	
987 PEBBLE BEACH DRIVE	66043	-94.91348870755351	39.26279125703584	
985 PEBBLE BEACH DRIVE	66043	-94.91348824353912	39.26264070001042	
983 PEBBLE BEACH DRIVE	66043	-94.91347243051564	39.26243726597691	
981 PEBBLE BEACH DRIVE	66043	-94.91339752748175	39.26229187795665	
901 KANE DRIVE	66043	-94.91603073424416	39.26285859690209	
906 NORTH DE SOTO ROAD	66043	-94.91789629972949	39.26267983676538	
724 NORTH DE SOTO ROAD	66043	-94.91835294069904	39.261056005464695	
1101 NORTH MAIN STREET	66043	-94.90019251426294	39.26585363931278	
153 WOODLAND ROAD	66043	-94.90911289427851	39.261765326112176	
151 WOODLAND ROAD	66043	-94.90885278419027	39.261572713094424	
149 WOODLAND ROAD	66043	-94.90857274710916	39.26151198310011	
147 WOODLAND ROAD	66043	-94.90822147401767	39.26154441312568	
145 WOODLAND ROAD	66043	-94.90787460594066	39.261717889174804	
141 WOODLAND ROAD	66043	-94.90737078580175	39.2616833561977	
139 WOODLAND ROAD	66043	-94.90675349364071	39.26173811024222	
137 WOODLAND ROAD	66043	-94.90629078851563	39.261732960267764	
135 WOODLAND ROAD	66043	-94.90580737538394	39.26171654529257	
133 WOODLAND ROAD	66043	-94.9053049032501	39.261731762323826	
131 WOODLAND ROAD	66043	-94.90475583809749	39.26168145534668	
127 WOODLAND ROAD	66043	-94.90433227498241	39.26167019536896	
125 WOODLAND ROAD	66043	-94.90389427886404	39.26166569239316	
996 PEBBLE BEACH DRIVE	66043	-94.91198980021196	39.26344792123248	
800 PINEHURST DRIVE	66043	-94.91262333840331	39.263667461233425	
802 PINEHURST DRIVE	66043	-94.91282069846518	39.26376032723786	
804 PINEHURST DRIVE	66043	-94.91304184852793	39.26379421123098	
806 PINEHURST DRIVE	66043	-94.91324642058383	39.26380320522084	
808 PINEHURST DRIVE	66043	-94.91346926964339	39.26379839920726	
810 PINEHURST DRIVE	66043	-94.91365634969421	39.263803357197446	
805 PINEHURST DRIVE	66043	-94.91367213966446	39.26344334913564	
803 PINEHURST DRIVE	66043	-94.91347094160977	39.26343801614624	
801 PINEHURST DRIVE	66043	-94.91324273154513	39.26340394615354	
991 PEBBLE BEACH DRIVE	66043	-94.91336119055025	39.26312028209882	
123 WOODLAND ROAD	66043	-94.90350491276062	39.26168033741789	
121 WOODLAND ROAD	66043	-94.90316606266855	39.26167132543568	
119 WOODLAND ROAD	66043	-94.90280030457383	39.26171159646336	
117 WOODLAND ROAD	66043	-94.9024532944819	39.26172736548585	
115 WOODLAND ROAD	66043	-94.90213515139645	39.2617296155044	
113 WOODLAND ROAD	66043	-94.90178508230268	39.261734586525236	
111 WOODLAND ROAD	66043	-94.90151666923005	39.261731015539915	
109 WOODLAND ROAD	66043	-94.90123460715272	39.26171636655357	
107 WOODLAND ROAD	66043	-94.90099858908755	39.26169937156415	
105 WOODLAND ROAD	66043	-94.90073802001542	39.261678151575424	
103 WOODLAND ROAD	66043	-94.90051917795596	39.261672326586904	
1013 SYCAMORE RIDGE DRIVE	66043	-94.91989243616054	39.26155459146116	
1023 SYCAMORE RIDGE DRIVE	66043	-94.92099734949126	39.261906838457605	
1101 SYCAMORE RIDGE DRIVE	66043	-94.92148736862259	39.261901044428654	
1107 SYCAMORE RIDGE DRIVE	66043	-94.9220926937718	39.261755099369424	
1113 SYCAMORE RIDGE DRIVE	66043	-94.92254895389634	39.2617737533465	
101 WOODLAND ROAD	66043	-94.90025092188303	39.26166518560103	
100 WOODLAND ROAD	66043	-94.90027203885862	39.261346251545866	
102 WOODLAND ROAD	66043	-94.90052304392597	39.261343867531124	
104 WOODLAND ROAD	66043	-94.90078148499452	39.26133316451459	
106 ELMWOOD DRIVE	66043	-94.90105621806288	39.261273446488815	
108 ELMWOOD DRIVE	66043	-94.90138626313359	39.261081135437465	
107 CRESTVIEW TERRACE	66043	-94.90105004802898	39.260932082431395	
105 CRESTVIEW TERRACE	66043	-94.90078846695869	39.26093391144664	
103 CRESTVIEW TERRACE	66043	-94.90054491989254	39.260927429459436	
101 CRESTVIEW TERRACE	66043	-94.9002542078163	39.26094881047966	
1112 SYCAMORE RIDGE DRIVE	66043	-94.92254907497593	39.26261550648885	
1106 SYCAMORE RIDGE DRIVE	66043	-94.92210583984495	39.262491760493255	
1100 SYCAMORE RIDGE DRIVE	66043	-94.92154128369893	39.262555159536205	
1022 SYCAMORE RIDGE DRIVE	66043	-94.92099136054672	39.26251093556011	
916 NORTH DE SOTO ROAD	66043	-94.9174882946917	39.2634423709176	
112 WOODLAND ROAD	66043	-94.90154537020653	39.26140019648233	
114 WOODLAND ROAD	66043	-94.90196995931971	39.261388142456084	
100 KAREN LANE	66043	-94.9023257414104	39.26133359842653	
102 KAREN LANE	66043	-94.90247089642614	39.26108664337646	
104 KAREN LANE	66043	-94.90259911944334	39.26090324733816	
106 KAREN LANE	66043	-94.9029692065299	39.260764469293555	
111 ELMWOOD DRIVE	66043	-94.9020363572937	39.260923439373656	
123 KAREN LANE	66043	-94.90629267844376	39.26096655113804	
121 KAREN LANE	66043	-94.90602327837306	39.26098549115664	
119 KAREN LANE	66043	-94.90578882930495	39.26093283416108	
117 KAREN LANE	66043	-94.90553835623662	39.26092315617371	
115 KAREN LANE	66043	-94.90527702716587	39.26091923318801	
113 KAREN LANE	66043	-94.90498432008576	39.26090568320244	
111 KAREN LANE	66043	-94.90459490998242	39.26092143022729	
107 KAREN LANE	66043	-94.90403555783396	39.260944470263134	
105 KAREN LANE	66043	-94.90348917669155	39.26099395030267	
103 KAREN LANE	66043	-94.90312887660178	39.26107090533624	
124 MEADOW LANE	66043	-94.90849845202098	39.26078997898228	
109 ELMWOOD DRIVE	66043	-94.90186276726307	39.261093815412416	
101 KAREN LANE	66043	-94.90290249256408	39.2613167993908	
122 WOODLAND ROAD	66043	-94.90348540872137	39.26132048935811	
126 WOODLAND ROAD	66043	-94.90389260182926	39.261302196331805	
128 WOODLAND ROAD	66043	-94.90430544294175	39.26131619531058	
130 WOODLAND ROAD	66043	-94.90480993407941	39.26133537628506	
132 WOODLAND ROAD	66043	-94.90520147418637	39.26135155226543	
134 WOODLAND ROAD	66043	-94.9057672493379	39.26134323723173	
138 WOODLAND ROAD	66043	-94.90632872248993	39.261352387201256	
140 WOODLAND ROAD	66043	-94.9068881986381	39.26132659216497	
125 KAREN LANE	66043	-94.90651677950856	39.26101343813317	
130 KAREN LANE	66043	-94.90683122257056	39.26077372307466	
132 KAREN LANE	66043	-94.90706709064358	39.26087449007823	
134 KAREN LANE	66043	-94.90732796473034	39.26104954609299	
142 WOODLAND ROAD	66043	-94.90752608580596	39.261285570121615	
144 WOODLAND ROAD	66043	-94.90786785389254	39.26122816509238	
123 MEADOW LANE	66043	-94.90818322996039	39.26104753504386	
121 MEADOW LANE	66043	-94.90788811886208	39.260847397026815	
330 HIGHLAND ROAD	66043	-94.90897160714916	39.260798418956696	
200 MEADOW LANE	66043	-94.90886981715063	39.26110449901424	
202 MEADOW LANE	66043	-94.90912640823787	39.26129674303212	
222 EAST EISENHOWER ROAD	66043	-94.89794470174407	39.266768436595825	
1108 NORTH 2ND STREET	66043	-94.89845654586013	39.26653758852757	
1106 NORTH 2ND STREET	66043	-94.89845979783483	39.266260657480544	
203 CAROL STREET	66043	-94.89839452178508	39.26592052442675	
1105 NORTH 3RD STREET	66043	-94.89785123166004	39.266145446495784	
1107 NORTH 3RD STREET	66043	-94.8978864366902	39.26636431053082	
1113 NORTH 2ND STREET	66043	-94.89895035701429	39.26676242253738	
1102 NORTH MAIN STREET	66043	-94.89956673811183	39.26603772737967	
1101 NORTH 2ND STREET	66043	-94.89888323291359	39.265887761393294	
1011 NORTH 2ND STREET	66043	-94.89896917789167	39.265410533307694	
1007 NORTH 2ND STREET	66043	-94.89887379484522	39.265190934276	
206 CAROL STREET	66043	-94.89811953666913	39.26547661336738	
1023 NORTH 3RD STREET	66043	-94.89788968457789	39.26516621532798	
1007 NORTH 3RD STREET	66043	-94.8978861285609	39.26499596129939	
200 CAROL STREET	66043	-94.89846844975963	39.265440437341304	
1006 NORTH 2ND STREET	66043	-94.89847205771275	39.26493391725543	
1004 NORTH 2ND STREET	66043	-94.89847215969198	39.264713611218156	
203 CONNIE STREET	66043	-94.89827245862813	39.264606909211516	
1005 NORTH 3RD STREET	66043	-94.8978840385428	39.264810314268075	
1001 NORTH 3RD STREET	66043	-94.89788371452433	39.264615724235206	
218 DEBRA STREET	66043	-94.897748473385	39.26352604105863	
130 JAYHAWK COURT	66043	-94.89796922436348	39.262669082901034	
127 JAYHAWK COURT	66043	-94.89845427753114	39.26306125893967	
129 JAYHAWK COURT	66043	-94.89822521547565	39.26312685896388	
131 JAYHAWK COURT	66043	-94.89799923841439	39.26312248697605	
209 JAYHAWK COURT	66043	-94.89775465635012	39.263139321992874	
204 CONNIE STREET	66043	-94.89775886545578	39.26424627117982	
122 CONNIE STREET	66043	-94.89799483051834	39.264235751164584	
120 CONNIE STREET	66043	-94.89822499358209	39.26425429215462	
118 CONNIE STREET	66043	-94.89845127764274	39.26425180314123	
135 DEBRA STREET	66043	-94.89846320461282	39.263901032081264	
137 DEBRA STREET	66043	-94.89821926054736	39.26390332609553	
141 DEBRA STREET	66043	-94.89798147348486	39.26391944511183	
140 DEBRA STREET	66043	-94.8979817234472	39.26351981104421	
138 DEBRA STREET	66043	-94.89820313150942	39.263547687036336	
134 DEBRA STREET	66043	-94.89841889656711	39.26354326902328	
221 DEBRA STREET	66043	-94.89777281842902	39.26392317012438	
1003 NORTH 2ND STREET	66043	-94.89892958383224	39.264894118222614	
719 NORTH DE SOTO ROAD	66043	-94.9202207141751	39.26077288131022	
1111 NORTH MAIN STREET	66043	-94.9007239434691	39.266521488395426	
1112 NORTH MAIN STREET	66043	-94.89935475612114	39.266740455510586	
1110 NORTH MAIN STREET	66043	-94.89953625715471	39.266578491472856	
1011 NORTH DE SOTO ROAD	66043	-94.9191730052616	39.264673898029685	
710 NORTH MAIN STREET	66043	-94.89923230952492	39.26077728150896	
800 NORTH MAIN STREET	66043	-94.89951524168802	39.2616977506485	
101 CAROL STREET	66043	-94.89951497308205	39.26587025335427	
1020 NORTH MAIN STREET	66043	-94.89936613397768	39.2651897952477	
812 NORTH MAIN STREET	66043	-94.89927060465723	39.26206891172528	
816 NORTH MAIN STREET	66043	-94.89926821366484	39.26215644574021	
826 NORTH MAIN STREET	66043	-94.89926583767267	39.26224622375555	
828 NORTH MAIN STREET	66043	-94.89926658768536	39.26237863277791	
832 NORTH MAIN STREET	66043	-94.89939510773037	39.26248849178912	
834 NORTH MAIN STREET	66043	-94.89936603874602	39.26273701283281	
842 NORTH MAIN STREET	66043	-94.8993037127494	39.262950867872576	
844 NORTH MAIN STREET	66043	-94.89932144076093	39.26302262288367	
846 NORTH MAIN STREET	66043	-94.89936805178048	39.2630965238935	
848 NORTH MAIN STREET	66043	-94.89943197080449	39.26316812090202	
455 WEST EISENHOWER ROAD	66043	-94.90857044149936	39.26564919579997	
1205 NORTH MAIN STREET	66043	-94.90026855145337	39.26765273161271	
1217 NORTH MAIN STREET	66043	-94.90083510665512	39.268173836668524	
1001 NORTH 2ND STREET	66043	-94.89891545979742	39.264565915167864	
925 WEST EISENHOWER ROAD	66043	-94.91758021798542	39.2662888013937	
1106 NORTH MAIN STREET	66043	-94.89951015512648	39.26635395343637	
1114 NORTH MAIN STREET	66043	-94.89934983012911	39.26683919452757	
1011 SYCAMORE RIDGE DRIVE	66043	-94.92044885033424	39.26180777647217	
836 NORTH MAIN STREET	66043	-94.89968412483896	39.262814161827706	
901 NORTH MAIN STREET	66043	-94.90023120604451	39.26343110090082	
1000 NORTH MAIN STREET	66043	-94.89962932100262	39.264703184150335	
1000 NORTH MAIN STREET	66043	-94.89956880398617	39.26470162115357	
1000 NORTH MAIN STREET	66043	-94.89951043697025	39.26469953315652	
1000 NORTH MAIN STREET	66043	-94.89945012895384	39.264697996159704	
1000 NORTH MAIN STREET	66043	-94.89939911794016	39.26469817116267	
1000 NORTH MAIN STREET	66043	-94.89933566092299	39.264697585166196	
1016 NORTH 2ND STREET	66043	-94.89847130073395	39.26515998529374	
1016 NORTH 2ND STREET	66043	-94.89843365272382	39.26516054429598	
1016 NORTH 2ND STREET	66043	-94.8983605577041	39.26515950229996	
1016 NORTH 2ND STREET	66043	-94.89832290969396	39.265160062302215	
804 NORTH MAIN STREET	66043	-94.8984817234296	39.26190793474306	
808 NORTH MAIN STREET	66043	-94.89828901636373	39.261759907728994	
808 NORTH MAIN STREET	66043	-94.8984779284148	39.26176197271862	
808 NORTH MAIN STREET	66043	-94.8984373484008	39.261729724715444	
808 NORTH MAIN STREET	66043	-94.89833552637275	39.261722559720056	
808 NORTH MAIN STREET	66043	-94.898468879399	39.26162073869523	
808 NORTH MAIN STREET	66043	-94.89842236939	39.26165808770417	
808 NORTH MAIN STREET	66043	-94.89834435036845	39.261652298707645	
808 NORTH MAIN STREET	66043	-94.8983037723545	39.26162005070454	
806 NORTH MAIN STREET	66043	-94.89801645028528	39.26170663973555	
806 NORTH MAIN STREET	66043	-94.89797587127134	39.261674391732456	
806 NORTH MAIN STREET	66043	-94.89800762728957	39.26177690074796	
806 NORTH MAIN STREET	66043	-94.89796111528058	39.26181424875691	
806 NORTH MAIN STREET	66043	-94.89815002733165	39.261816313746465	
806 NORTH MAIN STREET	66043	-94.89810944931764	39.26178406574337	
806 NORTH MAIN STREET	66043	-94.89809446930684	39.2617124277321	
806 NORTH MAIN STREET	66043	-94.89814098031583	39.2616750787231	
804 NORTH MAIN STREET	66043	-94.89836990040799	39.26199771476464	
804 NORTH MAIN STREET	66043	-94.89831832839823	39.262041606775014	
804 NORTH MAIN STREET	66043	-94.89848462044259	39.26203713176474	
804 NORTH MAIN STREET	66043	-94.89844762643006	39.26201017376232	
804 NORTH MAIN STREET	66043	-94.89831740338563	39.26191097775294	
804 NORTH MAIN STREET	66043	-94.89835439939814	39.26193793675541	
804 NORTH MAIN STREET	66043	-94.89843015141984	39.26195182675345	
1105 NORTH 3RD STREET	66043	-94.89785389466431	39.26618261750195	
1105 NORTH 3RD STREET	66043	-94.89793975168756	39.26618423049731	
1105 NORTH 3RD STREET	66043	-94.89793708868329	39.266147060491136	
1105 NORTH 3RD STREET	66043	-94.89803519870968	39.266146725485505	
1105 NORTH 3RD STREET	66043	-94.89803786171396	39.266183895491615	
457 WEST EISENHOWER ROAD	66043	-94.90981948488151	39.26613488281078	
457 WEST EISENHOWER ROAD	66043	-94.9100941129839	39.266436050846046	
457 WEST EISENHOWER ROAD	66043	-94.91022048800522	39.266301382816	
457 WEST EISENHOWER ROAD	66043	-94.91012527197273	39.26622890080924	
457 WEST EISENHOWER ROAD	66043	-94.91015679298826	39.266303140819936	
457 WEST EISENHOWER ROAD	66043	-94.91015676298105	39.26622712180713	
457 WEST EISENHOWER ROAD	66043	-94.91008850197	39.266304809824156	
457 WEST EISENHOWER ROAD	66043	-94.91022567801255	39.266364344826385	
457 WEST EISENHOWER ROAD	66043	-94.91013091199387	39.26643616084394	
457 WEST EISENHOWER ROAD	66043	-94.91029439003738	39.266430954833744	
457 WEST EISENHOWER ROAD	66043	-94.91012530197993	39.266304919822055	
457 WEST EISENHOWER ROAD	66043	-94.91026247702251	39.26636445482433	
457 WEST EISENHOWER ROAD	66043	-94.91029397003082	39.26636267582223	
457 WEST EISENHOWER ROAD	66043	-94.91026289802906	39.26643273383585	
457 WEST EISENHOWER ROAD	66043	-94.91025725700794	39.26622547380111	
457 WEST EISENHOWER ROAD	66043	-94.91013049098727	39.2663678818324	
457 WEST EISENHOWER ROAD	66043	-94.91028878002345	39.26629971381185	
457 WEST EISENHOWER ROAD	66043	-94.91028874901625	39.26622369379901	
457 WEST EISENHOWER ROAD	66043	-94.91025728701514	39.26630149381394	
457 WEST EISENHOWER ROAD	66043	-94.91022045799802	39.266225363803166	
457 WEST EISENHOWER ROAD	66043	-94.91016240500217	39.26643438084185	
457 WEST EISENHOWER ROAD	66043	-94.91009369197735	39.26636777183452	
457 WEST EISENHOWER ROAD	66043	-94.91016198399556	39.26636610183032	
457 WEST EISENHOWER ROAD	66043	-94.91008847196284	39.2662287898113	
457 WEST EISENHOWER ROAD	66043	-94.91022609801911	39.26643262383791	
457 WEST EISENHOWER ROAD	66043	-94.91000030793225	39.266156632804105	
457 WEST EISENHOWER ROAD	66043	-94.90990251790586	39.266155938809575	
457 WEST EISENHOWER ROAD	66043	-94.90982147688439	39.266159378814784	
457 WEST EISENHOWER ROAD	66043	-94.90973363986068	39.26615906081975	
457 WEST EISENHOWER ROAD	66043	-94.90965146383883	39.266161648824905	
457 WEST EISENHOWER ROAD	66043	-94.90999714392174	39.26605400678694	
457 WEST EISENHOWER ROAD	66043	-94.90989935489534	39.266053312792394	
457 WEST EISENHOWER ROAD	66043	-94.90981831387387	39.2660567527976	
457 WEST EISENHOWER ROAD	66043	-94.90973047785015	39.26605643580257	
457 WEST EISENHOWER ROAD	66043	-94.90964830082831	39.26605902380773	
457 WEST EISENHOWER ROAD	66043	-94.90999831492944	39.266132136800096	
457 WEST EISENHOWER ROAD	66043	-94.91013334796567	39.26613094979218	
457 WEST EISENHOWER ROAD	66043	-94.91013383796309	39.26610234678732	
457 WEST EISENHOWER ROAD	66043	-94.91022670598136	39.266030885769936	
457 WEST EISENHOWER ROAD	66043	-94.91022719597879	39.26600228276509	
457 WEST EISENHOWER ROAD	66043	-94.91012891695493	39.266030191775414	
457 WEST EISENHOWER ROAD	66043	-94.91012940595235	39.266001588770514	
457 WEST EISENHOWER ROAD	66043	-94.90999880492686	39.26610353379526	
457 WEST EISENHOWER ROAD	66043	-94.90990052590304	39.266131442805566	
457 WEST EISENHOWER ROAD	66043	-94.90990101390044	39.266102838800684	
457 WEST EISENHOWER ROAD	66043	-94.90981997287895	39.26610627980592	
457 WEST EISENHOWER ROAD	66043	-94.90973164785787	39.26613456481576	
457 WEST EISENHOWER ROAD	66043	-94.9097321368553	39.26610596181085	
457 WEST EISENHOWER ROAD	66043	-94.90964947183596	39.266137152820846	
457 WEST EISENHOWER ROAD	66043	-94.90964996183344	39.26610854981601	
457 WEST EISENHOWER ROAD	66043	-94.90999515291885	39.266029510782914	
457 WEST EISENHOWER ROAD	66043	-94.90999564191628	39.26600090777808	
457 WEST EISENHOWER ROAD	66043	-94.90989736289247	39.26602881678839	
457 WEST EISENHOWER ROAD	66043	-94.90989785188991	39.26600021378354	
457 WEST EISENHOWER ROAD	66043	-94.90981632187099	39.26603225679361	
457 WEST EISENHOWER ROAD	66043	-94.90981681186841	39.266003653788744	
457 WEST EISENHOWER ROAD	66043	-94.90972848584732	39.26603193979856	
457 WEST EISENHOWER ROAD	66043	-94.90972897484471	39.266003336793716	
457 WEST EISENHOWER ROAD	66043	-94.90964630982542	39.266034527803725	
457 WEST EISENHOWER ROAD	66043	-94.90964679882286	39.26600592479882	
1004 PROGRESS DRIVE	66043	-94.91515855528496	39.26577563044517	
831 WEST EISENHOWER ROAD	66043	-94.91413891405455	39.26624182258226	
871 WEST EISENHOWER ROAD	66043	-94.91489437125796	39.266242403539216	
831 WEST EISENHOWER ROAD	66043	-94.91420026107107	39.26624201657879	
831 WEST EISENHOWER ROAD	66043	-94.91427274309041	39.266240122574295	
831 WEST EISENHOWER ROAD	66043	-94.91433956210851	39.26624141557072	
831 WEST EISENHOWER ROAD	66043	-94.91441557512911	39.26624295356664	
831 WEST EISENHOWER ROAD	66043	-94.91447692214564	39.26624314756315	
831 WEST EISENHOWER ROAD	66043	-94.914549403165	39.26624125255873	
831 WEST EISENHOWER ROAD	66043	-94.91461622418312	39.26624254655509	
831 WEST EISENHOWER ROAD	66043	-94.91469585120484	39.26624560955106	
871 WEST EISENHOWER ROAD	66043	-94.91496182527622	39.2662432365355	
871 WEST EISENHOWER ROAD	66043	-94.91505837230214	39.26624257252987	
871 WEST EISENHOWER ROAD	66043	-94.91512513231996	39.266240885525754	
871 WEST EISENHOWER ROAD	66043	-94.91519267033803	39.26623981352174	
871 WEST EISENHOWER ROAD	66043	-94.91526012335625	39.26624064651803	
871 WEST EISENHOWER ROAD	66043	-94.91535667038222	39.26623998251238	
871 WEST EISENHOWER ROAD	66043	-94.91542343040003	39.26623829450828	
871 WEST EISENHOWER ROAD	66043	-94.91547740241458	39.26623877050531	
1004 PROGRESS DRIVE	66043	-94.9151550572758	39.26568809143059	
1004 PROGRESS DRIVE	66043	-94.91515458326609	39.265587326413545	
1004 PROGRESS DRIVE	66043	-94.91515108525692	39.26549978739897	
1004 PROGRESS DRIVE	66043	-94.91515305424792	39.26539908638182	
1004 PROGRESS DRIVE	66043	-94.9151525802383	39.265298321364845	
1004 PROGRESS DRIVE	66043	-94.91536984433448	39.26569758341993	
1004 PROGRESS DRIVE	66043	-94.91536784130666	39.265408578371165	
206 CAROL STREET	66043	-94.89807578065725	39.26547594436974	
206 CAROL STREET	66043	-94.8980268736441	39.26547613237255	
206 CAROL STREET	66043	-94.89796930262872	39.265477083376005	
657 WEST EISENHOWER ROAD	66043	-94.91112086222434	39.266055058722955	
657 WEST EISENHOWER ROAD	66043	-94.91120567424706	39.26605357971788	
657 WEST EISENHOWER ROAD	66043	-94.91112052622996	39.26611514373318	
657 WEST EISENHOWER ROAD	66043	-94.91120533725261	39.26611366472809	
657 WEST EISENHOWER ROAD	66043	-94.91111997423693	39.26619060474596	
657 WEST EISENHOWER ROAD	66043	-94.91120478525964	39.266189125740866	
657 WEST EISENHOWER ROAD	66043	-94.91147514433725	39.26624077073416	
657 WEST EISENHOWER ROAD	66043	-94.91147123632999	39.26617489672321	
657 WEST EISENHOWER ROAD	66043	-94.91139786231662	39.26624192973879	
657 WEST EISENHOWER ROAD	66043	-94.9113939533093	39.26617605572784	
657 WEST EISENHOWER ROAD	66043	-94.9113008012906	39.26624328574455	
657 WEST EISENHOWER ROAD	66043	-94.91129689228333	39.2661774117336	
657 WEST EISENHOWER ROAD	66043	-94.91147612135359	39.266410705762816	
657 WEST EISENHOWER ROAD	66043	-94.91147221334631	39.26634483175192	
657 WEST EISENHOWER ROAD	66043	-94.91139883933289	39.26641186476744	
657 WEST EISENHOWER ROAD	66043	-94.91139493032563	39.266345990756484	
657 WEST EISENHOWER ROAD	66043	-94.91130177830694	39.2664132207732	
657 WEST EISENHOWER ROAD	66043	-94.9112978692996	39.26634734676231	
657 WEST EISENHOWER ROAD	66043	-94.91085370018665	39.26641743179951	
657 WEST EISENHOWER ROAD	66043	-94.91084979317938	39.26635155778858	
657 WEST EISENHOWER ROAD	66043	-94.91094685420539	39.2663502027828	
657 WEST EISENHOWER ROAD	66043	-94.91095076121267	39.26641607679376	
657 WEST EISENHOWER ROAD	66043	-94.91102804423336	39.26641491678914	
657 WEST EISENHOWER ROAD	66043	-94.9110241372261	39.266349042778195	
657 WEST EISENHOWER ROAD	66043	-94.91085406617037	39.26624412077017	
657 WEST EISENHOWER ROAD	66043	-94.91085015916315	39.266178246759274	
657 WEST EISENHOWER ROAD	66043	-94.91095112819639	39.2662427657644	
657 WEST EISENHOWER ROAD	66043	-94.91094722018912	39.26617689175352	
657 WEST EISENHOWER ROAD	66043	-94.91102840921711	39.26624160775982	
657 WEST EISENHOWER ROAD	66043	-94.91102450220981	39.26617573374888	
657 WEST EISENHOWER ROAD	66043	-94.91115613126512	39.266385818776875	
706 BELLERIVE COURT	66043	-94.91231193823896	39.26281562710715	
757 WEST EISENHOWER ROAD	66043	-94.91044746996214	39.26519887161662	
709 BELLERIVE COURT	66043	-94.91267019628603	39.26229293999831	
708 BELLERIVE COURT	66043	-94.91258171430671	39.26276364008296	
900 OAKMONT DRIVE	66043	-94.90982293445295	39.26158844004171	
5136 LAKEVIEW DRIVE	66048	-94.91525256154065	39.26821308585196	
617 MUNCIE ROAD	66048	-94.91598272523532	39.27348284270124	
736 HIGHLAND DRIVE	66048	-94.92141648271124	39.27362099241421	
4700 LAKEVIEW DRIVE	66048	-94.91504307984854	39.27206705051557	
4820 SOUTH 4TH STREET	66048	-94.90171115824617	39.27193192725398	
5000 SOUTH 4TH STREET	66048	-94.90134049194371	39.26978781591262	
700 EISENHOWER ROAD	66048	-94.91901568846801	39.26730630148376	
420 MUNCIE TERRACE	66048	-94.90065705610623	39.27345435157165	
4805 BROADWAY TERRACE	66048	-94.92147402344897	39.27068277491421	
4800 EDGEHILL STREET	66048	-94.92099801334064	39.270892092976766	
747 GLENVIEW STREET	66048	-94.92208428470644	39.271668799046026	
720 HIGHLAND DRIVE	66048	-94.9200616303474	39.27363020649315	
5000 LAKEVIEW DRIVE	66048	-94.91414360242398	39.27013750524065	
751 PARK AVENUE	66048	-94.92220146381057	39.27243614916904	
4622 SHRINE PARK ROAD	66048	-94.91941124106226	39.27246669933362	
4809 EDGEHILL STREET	66048	-94.92048272616546	39.27050692494109	
4523 EDGEHILL STREET	66048	-94.9200516282406	39.27252918230762	
732 GLENVIEW STREET	66048	-94.9212383885175	39.27207870616365	
701 HIGHLAND DRIVE	66048	-94.91886810498465	39.27319210648727	
745 HIGHLAND DRIVE	66048	-94.9218919547985	39.27319016631421	
750 PARK AVENUE	66048	-94.92221718985425	39.27285382323876	
742 PARK AVENUE	66048	-94.92173003272337	39.272856132267	
5008 SHRINE PARK ROAD	66048	-94.92027911697373	39.26905844270784	
4804 BROADWAY TERRACE	66048	-94.92200844559251	39.27067937188311	
729 GLENVIEW STREET	66048	-94.92101834641744	39.271647256103265	
732 HIGHLAND DRIVE	66048	-94.92117591464653	39.27362136142797	
4600 LAKEVIEW DRIVE	66048	-94.91439465673167	39.272677916655866	
4804 EDGEHILL STREET	66048	-94.92099773231993	39.27067447893998	
720 EISENHOWER ROAD	66048	-94.92002625779627	39.26790099352658	
5151 SOUTH 4TH STREET	66048	-94.89917591422675	39.26836824179612	
481 MUNCIE ROAD	66048	-94.90784860205723	39.273608657187076	
432 MUNCIE TERRACE	66048	-94.90129808727723	39.27343752253219	
801 GLENVIEW STREET	66048	-94.92253188682686	39.27166789902034	
708 HIGHLAND DRIVE	66048	-94.9193649611521	39.273548486519104	
801 HIGHLAND DRIVE	66048	-94.9225582339778	39.27318910827596	
748 HIGHLAND TERRACE	66048	-94.92224694571671	39.27131434897685	
735 PARK AVENUE	66048	-94.92123623955126	39.27244210522518	
4809 GARLAND STREET	66048	-94.92248685870103	39.27046509281954	
735 GLENVIEW STREET	66048	-94.9214360875291	39.27163856207797	
737 HIGHLAND DRIVE	66048	-94.92143899667666	39.27319085834022	
4621 EDGEHILL STREET	66048	-94.92044148329565	39.27200151419613	
4800 BROADWAY TERRACE	66048	-94.92200752860903	39.27085703191316	
5037 SOUTH 4TH STREET	66048	-94.89863337919778	39.26960797003673	
4516 SOUTH 4TH STREET	66048	-94.90019871499878	39.273623540626446	
690 EISENHOWER ROAD	66048	-94.91773515612967	39.26737395856832	
736 GLENVIEW STREET	66048	-94.92146514557855	39.272078861150725	
728 HIGHLAND TERRACE	66048	-94.92097994937583	39.2713161350495	
700 HIGHLAND DRIVE	66048	-94.91889762001342	39.27341241952282	
744 HIGHLAND DRIVE	66048	-94.92188251383666	39.27362025638746	
734 PARK AVENUE	66048	-94.92125792859645	39.27285839629433	
4801 BROADWAY TERRACE	66048	-94.92146888146503	39.2708674529457	
4709 EDGEHILL STREET	66048	-94.92043168423213	39.271357523087815	
744 GLENVIEW STREET	66048	-94.92194581970803	39.27207934712334	
728 HIGHLAND DRIVE	66048	-94.9209375725824	39.27362172244172	
4830 SOUTH 4TH STREET	66048	-94.90177949118825	39.27112422511353	
5000 SHRINE PARK ROAD	66048	-94.91968591096467	39.27065218001117	
4519 EDGEHILL STREET	66048	-94.91986337620409	39.27267891834365	
4801 EDGEHILL STREET	66048	-94.92044541419416	39.270916379012476	
428 MUNCIE TERRACE	66048	-94.90106118721356	39.27343899354598	
751 GLENVIEW STREET	66048	-94.92229790876394	39.27166835903374	
800 GLENVIEW STREET	66048	-94.92244068584131	39.27207997709522	
712 HIGHLAND DRIVE	66048	-94.91956581120935	39.27358210751332	
800 HIGHLAND DRIVE	66048	-94.92255329601711	39.27361915334897	
4808 EDGEHILL STREET	66048	-94.92104676931845	39.27051921491092	
744 HIGHLAND TERRACE	66048	-94.92199414164874	39.27131470599133	
4611 EDGEHILL STREET	66048	-94.92044033331919	39.27225383523886	
4805 GARLAND STREET	66048	-94.92248645471965	39.27066290385302	
739 GLENVIEW STREET	66048	-94.92164826058915	39.27166979007114	
719 HIGHLAND DRIVE	66048	-94.92007173930956	39.273201621420114	
740 HIGHLAND DRIVE	66048	-94.9216512047744	39.2736206244007	
550 EISENHOWER ROAD	66043	-94.91216756666482	39.267734144947156	
740 GLENVIEW STREET	66048	-94.92171414564562	39.272079093136554	
732 HIGHLAND TERRACE	66048	-94.9212574974505	39.271315745033554	
704 HIGHLAND DRIVE	66048	-94.91913974108876	39.27351996152721	
748 HIGHLAND DRIVE	66048	-94.92207304288792	39.27361994837654	
5004 SHRINE PARK ROAD	66048	-94.91985209095654	39.2700929239071	
707 HIGHLAND DRIVE	66048	-94.91932389508943	39.273002760429215	
753 HIGHLAND DRIVE	66048	-94.9223177979131	39.273189495289756	
729 PARK AVENUE	66048	-94.92101659949206	39.27244144723764	
4801 GARLAND STREET	66048	-94.92248599474077	39.2708878688911	
731 GLENVIEW STREET	66048	-94.92122130147014	39.27162657408817	
800 HIGHLAND TERRACE	66048	-94.9224773147787	39.27131402296361	
803 PARK AVENUE	66048	-94.92244768987672	39.272434652154764	
4732 SHRINE PARK ROAD	66048	-94.91984343214419	39.27210243224733	
5239 SOUTH 4TH STREET	66048	-94.89929811017153	39.267435357631356	
738 PARK AVENUE	66048	-94.92148405465724	39.272857307281214	
4809 BROADWAY TERRACE	66048	-94.92147468143102	39.27049109788174	
4900 LAKEVIEW DRIVE	66048	-94.91434396652211	39.270604990308236	
743 GLENVIEW STREET	66048	-94.92185902064585	39.27166929305899	
733 HIGHLAND DRIVE	66048	-94.92122286061849	39.27319118235259	
4814 SHRINE PARK ROAD	66048	-94.91942849895202	39.271251101127135	
4501 SOUTH 4TH STREET	66048	-94.89896659364	39.27333777364843	
4514 SOUTH 4TH STREET	66048	-94.90019795700363	39.273677062635514	
4614 SOUTH 4TH STREET	66048	-94.9001240909061	39.2728555775008	
4616 SOUTH 4TH STREET	66048	-94.90012684588515	39.272626345461916	
4925 SOUTH 4TH STREET	66048	-94.89941437646871	39.27024981010069	
746 PARK AVENUE	66048	-94.92197665178965	39.27285496225271	
739 PARK AVENUE	66048	-94.92148450661797	39.272440550210746	
5006 SHRINE PARK ROAD	66048	-94.91997578695101	39.26968186683058	
4808 BROADWAY TERRACE	66048	-94.92200907257407	39.27048295684987	
4705 EDGEHILL STREET	66048	-94.92043857825486	39.271578147124714	
4505 COMMERCIAL PLACE	66048	-94.89779284633622	39.27346785573746	
424 MUNCIE TERRACE	66048	-94.90084964015676	39.27344055555829	
4715 EDGEHILL STREET	66048	-94.9204447162146	39.27113474204942	
4515 EDGEHILL STREET	66048	-94.91990830823687	39.272897843378104	
748 GLENVIEW STREET	66048	-94.92218942277363	39.27207964610949	
716 HIGHLAND DRIVE	66048	-94.91981234027865	39.273612883504455	
743 PARK AVENUE	66048	-94.92173567868544	39.27243899719614	
500 EISENHOWER ROAD	66048	-94.90995110605331	39.26757767104726	
5041 SOUTH 4TH STREET	66048	-94.89925448233532	39.26929359194812	
740 HIGHLAND TERRACE	66048	-94.92175006658304	39.2713150510053	
4701 EDGEHILL STREET	66048	-94.92044000527554	39.271793122160986	
4805 EDGEHILL STREET	66048	-94.92044614817266	39.270687254973645	
4601 EDGEHILL STREET	66048	-94.92028276729967	39.27249573228871	
728 GLENVIEW STREET	66048	-94.92102135345908	39.27207886317607	
709 HIGHLAND DRIVE	66048	-94.91955772916371	39.273122263436065	
741 HIGHLAND DRIVE	66048	-94.92164298973155	39.273190549328476	
724 HIGHLAND DRIVE	66048	-94.92069276951655	39.27362208545573	
736 HIGHLAND TERRACE	66048	-94.92149860351536	39.271315406019724	
705 HIGHLAND DRIVE	66048	-94.91903111201039	39.27299989844547	
749 HIGHLAND DRIVE	66048	-94.92209213885235	39.273189854302736	
802 PARK AVENUE	66048	-94.92247159592263	39.272852618224036	
4824 SOUTH 4TH STREET	66048	-94.90027038777836	39.27108684219338	
4700 SHRINE PARK ROAD	66048	-94.91754597056965	39.2725675404572	
450 EISENHOWER ROAD	66048	-94.90634207908633	39.26762738826168	
4517 SHRINE PARK ROAD	66048	-94.9181529008137	39.273420602566716	
4818 LAKEVIEW DRIVE	66048	-94.91444362061368	39.2712899034184	
747 PARK AVENUE	66048	-94.92196100874594	39.27243761618303	
4900 SOUTH 4TH STREET	66048	-94.90007164868759	39.27069288013812	
421 MUNCIE TERRACE	66048	-94.90059457305544	39.27309542551453	
715 HIGHLAND DRIVE	66048	-94.91976877722688	39.27318954343537	
752 HIGHLAND DRIVE	66048	-94.92232818695656	39.273619528361856	
5035 SOUTH 4TH STREET	66048	-94.8992863203879	39.26975932202504	
4604 SOUTH 4TH STREET	66048	-94.90017903694543	39.273115280541624	
320 EISENHOWER ROAD	66043	-94.89865270299573	39.26741457366469	
5101 SOUTH 4TH STREET	66048	-94.89950336936228	39.26886949786221	
4516 EDGEHILL STREET	66048	-94.92075437546104	39.27285983432338	
5150 HUGHES ROAD	66048	-94.9096582370798	39.268692477252465	
500 EISENHOWER ROAD	66048	-94.90995008002355	39.26726572699454	
5175 HUGHES ROAD	66048	-94.90956498495169	39.2676025850735	
500 EISENHOWER ROAD	66048	-94.90995801004028	39.26742046502024	
4701 SOUTH 4TH STREET	66048	-94.89928699259181	39.271915487389656	
400 EISENHOWER ROAD	66048	-94.90210732390908	39.26723580043722	
5003 LAKEVIEW DRIVE	66048	-94.91319929115512	39.269983253268535	
4603 LAKEVIEW DRIVE	66048	-94.91545872502759	39.27277764461196	
440 MUNCIE TERRACE	66048	-94.90176013840008	39.27342112950302	
427 MUNCIE TERRACE	66048	-94.9009649741633	39.27318134850788	
580 EISENHOWER ROAD	66043	-94.9131765939272	39.2676356998729	
4801 SOUTH 4TH STREET	66048	-94.89934562248716	39.270640759170746	
5101 SHRINE PARK ROAD	66048	-94.91783939623919	39.268235567708054	
4650 LAKEVIEW DRIVE	66048	-94.91398357459448	39.27239708463187	
4851 LAKEVIEW DRIVE	66048	-94.91256891502158	39.270365977369195	
380 WEST EISENHOWER ROAD	66048	-94.9011354126559	39.267325662507936	
814 NORTH DE SOTO ROAD	66043	-94.91844022782375	39.26212763164097	
930 NORTH MAIN STREET	66043	-94.89953771989944	39.26387216301505	
314 EISENHOWER ROAD	66043	-94.89796928887799	39.26811596182236	
600 EISENHOWER ROAD	66048	-94.91421000115797	39.267134045729065	
802 MERION	66043	-94.91326065968092	39.26478976238684	
804 MERION	66043	-94.9136596267923	39.264832100371244	
832 NORTH MAIN STREET	66043	-94.89939804073667	39.26254723379892	
832 NORTH MAIN STREET	66043	-94.89940087974324	39.262608120809055	
4618 SOUTH 4TH STREET	66048	-94.90103526312451	39.27257052940061	
457 WEST EISENHOWER ROAD	66043	-94.90992865892241	39.26625621282506	
26329 WOLCOTT ROAD	66048	-94.87696476161345	39.251080931138574	
26207 WOLCOTT ROAD	66048	-94.87826875666275	39.24788011552251	
1500 NORTH 8TH STREET	66043	-94.88975653207433	39.27243368202139	
1020 NORTH HIGHWAY 5	66043	-94.88814079299112	39.26557311295321	
950 NORTH HIGHWAY 5	66043	-94.8838884528299	39.26540347716718	
916 NORTH HIGHWAY 5	66043	-94.8817921641168	39.263830566020715	
993 NORTH HIGHWAY 5	66043	-94.88832715782443	39.26327677655409	
1007 NORTH 8TH STREET	66043	-94.89027721861056	39.26604013791026	
908 NORTH 8TH STREET	66043	-94.89041832846507	39.26409717957357	
711 MORGAN STREET	66043	-94.89092279317316	39.27015567356951	
709 MORGAN STREET	66043	-94.89113760823112	39.27015676955745	
703 MORGAN STREET	66043	-94.89179414440513	39.27012731551503	
615 MORGAN STREET	66043	-94.89240723556627	39.27008543847295	
613 MORGAN STREET	66043	-94.89262682562887	39.27012175646652	
611 MORGAN STREET	66043	-94.89288335969954	39.27013829445468	
609 MORGAN STREET	66043	-94.89309569776053	39.270178977449454	
607 MORGAN STREET	66043	-94.89343905788718	39.27054067549101	
603 MORGAN STREET	66043	-94.89366697791138	39.27014767741155	
601 MORGAN STREET	66043	-94.89394905198658	39.27013906339397	
599 MORGAN STREET	66043	-94.89414281803893	39.27014083638323	
601 EAST EISENHOWER ROAD	66043	-94.89367849363207	39.267157862905215	
607 EAST EISENHOWER ROAD	66043	-94.89331920153523	39.26715672492554	
1201 NORTH 7TH STREET	66043	-94.89258354334311	39.26722015597825	
1203 NORTH 7TH STREET	66043	-94.89264935538543	39.2674809440186	
1205 NORTH 7TH STREET	66043	-94.8926454004076	39.26772651606036	
1207 NORTH 7TH STREET	66043	-94.89264147643352	39.26801217710889	
608 MILEY STREET	66043	-94.89326923959779	39.26796191006456	
604 MILEY STREET	66043	-94.89367976170718	39.26794923603897	
607 MILEY STREET	66043	-94.8937832277783	39.26840747811056	
609 MILEY STREET	66043	-94.89343717668449	39.268400719129204	
932 NORTH HIGHWAY 5	66043	-94.88268991533691	39.26360095593062	
779 NORTH HIGHWAY 5	66043	-94.88272214109698	39.2609678424833	
979 NORTH HIGHWAY 5	66043	-94.88559328210788	39.263484999745344	
981 NORTH HIGHWAY 5	66043	-94.8862221632776	39.26348863171008	
985 NORTH HIGHWAY 5	66043	-94.88674916641857	39.26347854767831	
991 NORTH HIGHWAY 5	66043	-94.88728415155974	39.263447795642534	
1209 NORTH 7TH STREET	66043	-94.89264428947058	39.26839663517375	
1211 NORTH 7TH STREET	66043	-94.89263133348979	39.268636711215095	
1213 A NORTH 7TH STREET	66043	-94.89262847050827	39.26884048024973	
1215 A NORTH 7TH STREET	66043	-94.89261826953226	39.26912368929818	
602 MORGAN STREET	66043	-94.89370610188521	39.26975881134351	
604 MORGAN STREET	66043	-94.893494118828	39.26975738135537	
606 MORGAN STREET	66043	-94.89328437577132	39.26975557136709	
608 MORGAN STREET	66043	-94.89308022471619	39.26975386137841	
610 MORGAN STREET	66043	-94.89286925565924	39.26975206539015	
612 MORGAN STREET	66043	-94.8926543546012	39.26975025840211	
614 MORGAN STREET	66043	-94.89234807951617	39.26972317641506	
702 MORGAN STREET	66043	-94.89178426236394	39.269719234446534	
704 MORGAN STREET	66043	-94.8915815283092	39.26971794345791	
1221 NORTH 8TH STREET	66043	-94.89090306812909	39.26974491750117	
1219 NORTH 8TH STREET	66043	-94.89092920911169	39.269486464456	
1217 NORTH 8TH STREET	66043	-94.89092302008044	39.26917372140347	
1216 NORTH 7TH STREET	66043	-94.89197913736612	39.26918690534536	
1214 NORTH 7TH STREET	66043	-94.89201348134523	39.26886766228942	
1212 NORTH 7TH STREET	66043	-94.89200021032046	39.268643329252235	
1210 NORTH 7TH STREET	66043	-94.89203743130041	39.26832545919634	
1206 NORTH 7TH STREET	66043	-94.89193171824374	39.26802659615182	
1204 NORTH 7TH STREET	66043	-94.89193769421901	39.26774772510433	
1202 NORTH 7TH STREET	66043	-94.89194317719335	39.26746067605546	
703 EAST EISENHOWER ROAD	66043	-94.89188670114689	39.26712957700268	
711 EAST EISENHOWER ROAD	66043	-94.8911649089653	39.26726479006679	
1207 NORTH 8TH STREET	66043	-94.8910396859819	39.267797391163995	
1209 NORTH 8TH STREET	66043	-94.89094773197873	39.26802631720798	
1211 NORTH 8TH STREET	66043	-94.89094496900408	39.268302548254844	
1213 NORTH 8TH STREET	66043	-94.89101189105094	39.268608043302685	
1215 NORTH 8TH STREET	66043	-94.89092596605367	39.26888135635383	
715 BETH STREET	66043	-94.8908476357865	39.2662764129177	
708 EAST EISENHOWER ROAD	66043	-94.89092688784787	39.266700436984884	
711 BETH STREET	66043	-94.8911203188601	39.266278429902464	
706 EAST EISENHOWER ROAD	66043	-94.89138262497092	39.266703998959485	
702 EAST EISENHOWER ROAD	66043	-94.89186725110272	39.26671772793415	
700 EAST EISENHOWER ROAD	66043	-94.89207114015795	39.26672081092301	
701 BETH STREET	66043	-94.89207721811837	39.266284349848824	
601 CONNIE STREET	66043	-94.8931321402376	39.26453914449345	
607 CONNIE STREET	66043	-94.8925800630832	39.26447870851472	
606 CAROL STREET	66043	-94.8926698911561	39.26499443859685	
600 CAROL STREET	66043	-94.8932003312939	39.26494127355761	
605 CAROL STREET	66043	-94.89250998814752	39.265359418667686	
1010 NORTH 4TH STREET	66043	-94.89636423319104	39.26541896345778	
1012 NORTH 4TH STREET	66043	-94.89637519417808	39.26525057942867	
1008 NORTH 4TH STREET	66043	-94.89636548515844	39.26507010539872	
1004 NORTH 4TH STREET	66043	-94.89637628814573	39.26490528837024	
405 CONNIE STREET	66043	-94.89611912604833	39.26460687533444	
401 CONNIE STREET	66043	-94.8963206531024	39.26460483032255	
1113 NORTH 4TH STREET	66043	-94.89680023444019	39.26681395366884	
300 EAST EISENHOWER ROAD	66043	-94.89738256359746	39.26681880563644	
703 BETH STREET	66043	-94.89186663506148	39.266282489860544	
705 BETH STREET	66043	-94.89158443597444	39.266165777856926	
707 BETH STREET	66043	-94.8913575299216	39.26625326188469	
610 EAST EISENHOWER ROAD	66043	-94.892499772277	39.26675956590515	
608 EAST EISENHOWER ROAD	66043	-94.89293048437756	39.26659598185288	
606 EAST EISENHOWER ROAD	66043	-94.89314778144936	39.26673661186424	
602 EAST EISENHOWER ROAD	66043	-94.89355766255864	39.266724864838885	
596 EAST EISENHOWER ROAD	66043	-94.89388543164716	39.26672745982057	
400 EAST EISENHOWER ROAD	66043	-94.89563642700597	39.26553488751894	
1011 NORTH 7TH STREET	66043	-94.89250438317538	39.265670510720646	
603 BETH STREET	66043	-94.89357778052134	39.266272843761286	
605 BETH STREET	66043	-94.89332816245391	39.2662704257751	
607 BETH STREET	66043	-94.89312237939826	39.266268147786455	
1107 NORTH 7TH STREET	66043	-94.89255666924932	39.266303884824815	
609 BETH STREET	66043	-94.8929067403439	39.26630711980538	
1109 NORTH 7TH STREET	66043	-94.89239963422798	39.26652610887133	
1110 NORTH 3RD STREET	66043	-94.89738048057603	39.26659759459915	
1106 NORTH 3RD STREET	66043	-94.89741987456443	39.26636260555712	
1104 NORTH 3RD STREET	66043	-94.8973862605434	39.26623594953766	
1102 NORTH 3RD STREET	66043	-94.89728094548663	39.26593490849273	
1103 NORTH 4TH STREET	66043	-94.89689210839609	39.26608494454029	
1101 NORTH 4TH STREET	66043	-94.89680356135347	39.26588634951178	
1107 NORTH 4TH STREET	66043	-94.89680394039807	39.26635725859142	
1111 NORTH 4TH STREET	66043	-94.8967598684182	39.266696274651274	
1015 NORTH 4TH STREET	66043	-94.89679495730981	39.26544877843824	
300 CAROL STREET	66043	-94.89736655046924	39.26550714941552	
1002 NORTH 3RD STREET	66043	-94.8974887644159	39.26459406725409	
1014 NORTH 3RD STREET	66043	-94.8973981754438	39.26514747435286	
1006 NORTH 3RD STREET	66043	-94.89739948240863	39.26477139128917	
1005 NORTH 4TH STREET	66043	-94.8968623522679	39.26481272832679	
1003 NORTH 4TH STREET	66043	-94.89685698025181	39.26465797330095	
1009 NORTH 4TH STREET	66043	-94.89684821429768	39.26516798938772	
1013 NORTH 4TH STREET	66043	-94.89679716330302	39.265370335424834	
706 CAROL STREET	66043	-94.89132358678289	39.26488114365453	
700 CAROL STREET	66043	-94.89192553594931	39.26492728362798	
701 CONNIE STREET	66043	-94.89211977195546	39.26443811653412	
705 CONNIE STREET	66043	-94.8917144898489	39.26446569756192	
707 CONNIE STREET	66043	-94.89143069377239	39.26446492557801	
709 CONNIE STREET	66043	-94.89122306371648	39.26446484858982	
712 CONNIE STREET	66043	-94.89084805957651	39.264051806541346	
706 CONNIE STREET	66043	-94.8913234937113	39.26412392152644	
704 CONNIE STREET	66043	-94.89159228877708	39.264053802499255	
700 CONNIE STREET	66043	-94.89212491692179	39.2640670574711	
608 CONNIE STREET	66043	-94.89268760806561	39.26398588442524	
600 CONNIE STREET	66043	-94.8931937682054	39.2640229144026	
129 EMILE STREET	66043	-94.89628666364744	39.25988439452606	
131 EMILE STREET	66043	-94.89594385255761	39.25991050554999	
133 EMILE STREET	66043	-94.8955361594443	39.25987315356693	
135 EMILE STREET	66043	-94.89529839737767	39.259845248575814	
710 BETH STREET	66043	-94.89105433179996	39.26583007083038	
706 BETH STREET	66043	-94.89147676391583	39.26585252281006	
700 BETH STREET	66043	-94.89208289607451	39.2658039817673	
703 CAROL STREET	66043	-94.89191199098315	39.26532396569583	
707 CAROL STREET	66043	-94.89139192384498	39.26534413572894	
711 CAROL STREET	66043	-94.89099492773498	39.26531088374594	
710 CAROL STREET	66043	-94.89094127368364	39.26492040768299	
705 NORTH 2ND STREET	66043	-94.89531255942028	39.26025599864445	
707 NORTH 2ND STREET	66043	-94.89530603843988	39.260482159683086	
709 NORTH 2ND STREET	66043	-94.89529765246039	39.26072368772441	
713 NORTH 2ND STREET	66043	-94.89528246049363	39.26111894879215	
715 NORTH 2ND STREET	66043	-94.8953382595343	39.26139054783495	
712 NORTH 2ND STREET	66043	-94.89484940240237	39.26138730286227	
710 NORTH 2ND STREET	66043	-94.89478398036923	39.26122261483816	
708 NORTH 2ND STREET	66043	-94.89479076635465	39.26104921280845	
101 TIMBERCREEK CIRCLE	66043	-94.89444077526069	39.26105221182888	
103 TIMBERCREEK CIRCLE	66043	-94.89425036220901	39.261047824839025	
105 TIMBERCREEK CIRCLE	66043	-94.89403273914836	39.261026425847824	
107 TIMBERCREEK CIRCLE	66043	-94.89379446307993	39.26098116285375	
109 TIMBERCREEK CIRCLE	66043	-94.89356459601413	39.260939678859856	
111 TIMBERCREEK CIRCLE	66043	-94.89336902995746	39.26089704986381	
113 TIMBERCREEK CIRCLE	66043	-94.89318587089457	39.260753626850004	
112 TIMBERCREEK CIRCLE	66043	-94.89321554587512	39.26046286779913	
110 TIMBERCREEK CIRCLE	66043	-94.89345737692591	39.260311384759724	
108 TIMBERCREEK CIRCLE	66043	-94.89366547099037	39.26040042876291	
106 TIMBERCREEK CIRCLE	66043	-94.89385744505057	39.26049041576714	
104 TIMBERCREEK CIRCLE	66043	-94.89403849410834	39.26058605077302	
102 TIMBERCREEK CIRCLE	66043	-94.89429045417737	39.26059816076069	
100 TIMBERCREEK CIRCLE	66043	-94.8944666512257	39.260607907752274	
706 NORTH 2ND STREET	66043	-94.89480625131813	39.26061820573463	
704 NORTH 2ND STREET	66043	-94.89483434531168	39.26046964370792	
702 NORTH 2ND STREET	66043	-94.89486990729863	39.26023011666534	
700 NORTH 2ND STREET	66043	-94.89487663927235	39.259932735614655	
203 EMILE STREET	66043	-94.8945307181702	39.25983709561824	
205 EMILE STREET	66043	-94.89419737007997	39.25983243563647	
207 EMILE STREET	66043	-94.89390424000067	39.25982831465248	
209 EMILE STREET	66043	-94.89358910791536	39.2598238476697	
211 EMILE STREET	66043	-94.8932363748199	39.259818868689024	
224 CONNIE STREET	66043	-94.89610351400817	39.26422652627099	
220 CONNIE STREET	66043	-94.89634453407241	39.26421918925598	
938 NORTH 4TH STREET	66043	-94.89636064705556	39.26399534721719	
936 NORTH 4TH STREET	66043	-94.89634780703426	39.263805724185865	
934 NORTH 4TH STREET	66043	-94.89635234901817	39.2636226091546	
932 NORTH 4TH STREET	66043	-94.89633345399297	39.26341002311974	
228 DEBRA STREET	66043	-94.89688879615272	39.26351768210623	
226 DEBRA STREET	66043	-94.89714445022118	39.263513712091	
224 DEBRA STREET	66043	-94.89730708726478	39.26351200108141	
220 DEBRA STREET	66043	-94.89754023232803	39.263516513068886	
915 NORTH 4TH STREET	66043	-94.89705374510336	39.26252533392901	
917 NORTH 4TH STREET	66043	-94.89690987508516	39.26274264697394	
212 JAYHAWK COURT	66043	-94.89724475317713	39.26276173595808	
210 JAYHAWK COURT	66043	-94.89746495223409	39.26273683394129	
208 JAYHAWK COURT	66043	-94.89770654029948	39.26274069392815	
211 JAYHAWK COURT	66043	-94.89754971929511	39.263141068004806	
214 CONNIE STREET	66043	-94.89683065520325	39.26421851622814	
212 CONNIE STREET	66043	-94.8971169922798	39.26421304321082	
210 CONNIE STREET	66043	-94.89732918233696	39.26421312019876	
206 CONNIE STREET	66043	-94.89755105439497	39.264194676182946	
606 NORTH 2ND STREET	66043	-94.89485875013145	39.25849125337186	
604 NORTH 2ND STREET	66043	-94.89486098611263	39.25828565933693	
100 AMERICAN AVENUE	66043	-94.89571949602734	39.2549331727208	
928 NORTH 4TH STREET	66043	-94.89635087998141	39.26323790008961	
926 NORTH 4TH STREET	66043	-94.89636871897072	39.26307381906086	
924 NORTH 4TH STREET	66043	-94.89637778295379	39.26286829802557	
922 NORTH 4TH STREET	66043	-94.8963920559422	39.26270494599711	
918 NORTH 4TH STREET	66043	-94.8964285639268	39.26243806994992	
916 NORTH 4TH STREET	66043	-94.89654572994205	39.26226537291401	
911 NORTH 4TH STREET	66043	-94.89719004110555	39.26215919585931	
913 NORTH 4TH STREET	66043	-94.8971254841053	39.26234098689371	
215 JAYHAWK COURT	66043	-94.89729839322834	39.263150580020785	
217 JAYHAWK COURT	66043	-94.89711484417846	39.26314568903043	
219 JAYHAWK COURT	66043	-94.89688470811738	39.26315549104523	
113 EMILE STREET	66043	-94.89763592901573	39.25993672845788	
115 EMILE STREET	66043	-94.89733626992913	39.259874053464394	
223 DEBRA STREET	66043	-94.89752914036306	39.263919425137644	
227 DEBRA STREET	66043	-94.89736217031772	39.263915434146526	
229 DEBRA STREET	66043	-94.89711843225186	39.263913060160014	
231 DEBRA STREET	66043	-94.89682618417376	39.26391922917775	
224 EMILE STREET	66043	-94.89192197142715	39.25940738069439	
214 EMILE STREET	66043	-94.89256313460098	39.259419706659905	
220 EMILE STREET	66043	-94.89226958352543	39.259457133682965	
210 EMILE STREET	66043	-94.89347042084847	39.25945379161386	
608 NORTH 2ND STREET	66043	-94.89485419916096	39.25881705342724	
136 EMILE STREET	66043	-94.89538161036702	39.25949540351188	
134 EMILE STREET	66043	-94.8957660084722	39.25951306949295	
132 EMILE STREET	66043	-94.89614549857188	39.259486602466815	
130 EMILE STREET	66043	-94.89641070164295	39.25948268345101	
114 FERN STREET	66043	-94.89708022069165	39.25808915017702	
116 FERN STREET	66043	-94.8967683486074	39.258086354194354	
118 FERN STREET	66043	-94.89651165053797	39.258082959208465	
603 NORTH 2ND ST TER COURT	66043	-94.89652537959107	39.25860637429621	
605 NORTH 2ND ST TER COURT	66043	-94.89657521862459	39.25881944732941	
605 NORTH 2ND STREET	66043	-94.89537436529942	39.25880003039465	
607 NORTH 2ND STREET	66043	-94.89536904831677	39.258998900428566	
609 NORTH 2ND STREET	66043	-94.89536361733416	39.25919832346264	
120 EMILE STREET	66043	-94.8975659599495	39.25943515637701	
314 EAST KANSAS AVENUE	66043	-94.89103872521646	39.249098818000576	
312 EAST KANSAS AVENUE	66043	-94.89119141025989	39.249123540996024	
310 EAST KANSAS AVENUE	66043	-94.89141621032445	39.249166081990424	
308 EAST KANSAS AVENUE	66043	-94.89172809140433	39.24912248596525	
306 EAST KANSAS AVENUE	66043	-94.89208096350261	39.249156981950975	
302 EAST KANSAS AVENUE	66043	-94.8923736005816	39.24915930393468	
304 EAST KANSAS AVENUE	66043	-94.89235242756325	39.24902524191317	
300 EAST KANSAS AVENUE	66043	-94.89253101062408	39.249160529925895	
103 SOUTH 3RD STREET	66043	-94.89260057362863	39.24901019489649	
105 SOUTH 3RD STREET	66043	-94.89244616356588	39.248785560867276	
107 SOUTH 3RD STREET	66043	-94.89244745853858	39.248492572817625	
109 SOUTH 3RD STREET	66043	-94.89245036451427	39.24822645277242	
305 EAST KAY STREET	66043	-94.89214608142932	39.248194028784305	
307 EAST KAY STREET	66043	-94.89187431635588	39.24819181879944	
309 EAST KAY STREET	66043	-94.89165530929672	39.24818964781156	
311 EAST KAY STREET	66043	-94.89139396622605	39.24818629682587	
313 EAST KAY STREET	66043	-94.89108743414315	39.24818257484274	
607 NORTH 2ND ST TER COURT	66043	-94.89654018363466	39.25902575436628	
609 NORTH 2ND ST TER COURT	66043	-94.8962570485698	39.259146072402814	
608 NORTH 2ND ST TER COURT	66043	-94.89600239349583	39.25908945340776	
606 NORTH 2ND ST TER COURT	66043	-94.89601258247251	39.2588129553604	
604 NORTH 2ND ST TER COURT	66043	-94.89601895045314	39.25858945332222	
122 FERN STREET	66043	-94.8959887303965	39.25807557223701	
124 FERN STREET	66043	-94.8956972793177	39.25807232825313	
126 FERN STREET	66043	-94.89539075623475	39.25806807926987	
601 NORTH 2ND STREET	66043	-94.89538453126234	39.258377908322636	
603 NORTH 2ND STREET	66043	-94.89537942228148	39.258595456359764	
226 FERN STREET	66043	-94.89595352333984	39.257576403154616	
220 FERN STREET	66043	-94.896537428498	39.257585827122874	
460 SANTA FE DRIVE	66043	-94.89708884464254	39.25754415908437	
440 SANTA FE DRIVE	66043	-94.89719920963392	39.25713861700943	
410 SANTA FE DRIVE	66043	-94.89747843066871	39.256710345921086	
110 SOUTH 4TH STREET	66043	-94.89106124515908	39.24842613188543	
108 SOUTH 4TH STREET	66043	-94.89105769617113	39.24856382990893	
106 SOUTH 4TH STREET	66043	-94.89105541019032	39.24877411094467	
100 SOUTH 3RD STREET	66043	-94.89308439777652	39.24919678190045	
218 EAST KANSAS AVENUE	66043	-94.89382002996952	39.249143060849434	
208 EAST KANSAS AVENUE	66043	-94.89518573033826	39.24915369777334	
206 EAST KANSAS AVENUE	66043	-94.89546797541442	39.249155559757526	
204 EAST KANSAS AVENUE	66043	-94.89564703746285	39.24915768774767	
200 EAST KANSAS AVENUE	66043	-94.89591419453502	39.24916025273287	
103 SOUTH 2ND STREET	66043	-94.8959059205159	39.2489814777031	
105 SOUTH 2ND STREET	66043	-94.89590616150265	39.24884026867918	
107 SOUTH 2ND STREET	66043	-94.89590840647837	39.24857621763439	
109 SOUTH 2ND STREET	66043	-94.8959091234594	39.24837354060007	
203 EAST KAY STREET	66043	-94.89590373144422	39.248227953575686	
205 EAST KAY STREET	66043	-94.89555856235121	39.248227308595276	
207 EAST KAY STREET	66043	-94.89528819627817	39.248224636610246	
209 EAST KAY STREET	66043	-94.89510948622758	39.248198445616005	
211 EAST KAY STREET	66043	-94.89487330616473	39.2482061676308	
213 EAST KAY STREET	66043	-94.8945866130876	39.24820647464719	
215 EAST KAY STREET	66043	-94.89428991700856	39.24821584766572	
126 EAST KANSAS AVENUE	66043	-94.89751758696283	39.249119000634465	
124 EAST KANSAS AVENUE	66043	-94.89768939700927	39.249121021625	
117 EAST KAY STREET	66043	-94.89754495489154	39.24828503549177	
119 EAST KAY STREET	66043	-94.89735810583711	39.24824193149515	
121 EAST KAY STREET	66043	-94.89717833978862	39.24824060250519	
217 EAST KAY STREET	66043	-94.89406607594809	39.248213333678045	
219 EAST KAY STREET	66043	-94.89385945389223	39.24821105068948	
221 EAST KAY STREET	66043	-94.89349996679508	39.24820745970933	
108 SOUTH 3RD STREET	66043	-94.89308792671487	39.2485326797879	
106 SOUTH 3RD STREET	66043	-94.89308129873609	39.248777167829616	
102 SOUTH 3RD STREET	66043	-94.89308449476373	39.249060831877486	
132 A EAST KANSAS AVENUE	66043	-94.89671944375696	39.24921470969618	
130 EAST KANSAS AVENUE	66043	-94.8969769488285	39.249238039685416	
128 EAST KANSAS AVENUE	66043	-94.89724384588895	39.24911706564976	
964 NORTH HIGHWAY 5	66043	-94.88439451588347	39.264527554990096	
713 MORGAN STREET	66043	-94.89070304111384	39.27015383358179	
600 MORGAN STREET	66043	-94.89394640095009	39.26976088933017	
593 CONNIE STREET	66043	-94.89377661349229	39.26539816560197	
1010 NORTH 3RD STREET	66043	-94.89739873842763	39.26497501432367	
713 CAROL STREET	66043	-94.89078559967837	39.26530882175757	
102 SOUTH 2ND STREET	66043	-94.89651599468472	39.24902975967649	
104 SOUTH 3RD STREET	66043	-94.89307821574793	39.24891124085251	
108 SOUTH 2ND STREET	66043	-94.89652903062212	39.24832863255709	
129 EAST KANSAS AVENUE	66043	-94.89705961791344	39.24990260479318	
301 EAST KANSAS AVENUE	66043	-94.89241785870183	39.25030729412641	
108 AMERICAN AVENUE	66043	-94.89701182439642	39.25515706568493	
123 AMERICAN AVENUE	66043	-94.89598548017364	39.25572416783942	
503 NORTH 2ND STREET	66043	-94.89554124512728	39.25650051099609	
1017 NORTH 4TH STREET	66043	-94.89679046331464	39.26551294744935	
1011 NORTH 4TH STREET	66043	-94.89679843329753	39.265308693414354	
1007 NORTH 4TH STREET	66043	-94.89685783727238	39.264873124337306	
1001 NORTH 4TH STREET	66043	-94.89685500024522	39.264593825290234	
1105 NORTH 4TH STREET	66043	-94.89689068440293	39.266161428553346	
704 EAST EISENHOWER ROAD	66043	-94.89161942103564	39.2667138609476	
707 MORGAN STREET	66043	-94.89134800628804	39.27015920854586	
115 HELEN STREET	66043	-94.89767641351104	39.254474974531576	
117 HELEN STREET	66043	-94.89750216546489	39.25448320454295	
119 HELEN STREET	66043	-94.89736471642827	39.2544874905515	
121 HELEN STREET	66043	-94.89722152739	39.254490197560145	
123 HELEN STREET	66043	-94.89706931734887	39.25448880856856	
125 HELEN STREET	66043	-94.89692038330857	39.2544870965768	
127 HELEN STREET	66043	-94.89677553726948	39.254485681584775	
129 HELEN STREET	66043	-94.89664256823391	39.254488672592906	
131 HELEN STREET	66043	-94.89649323219352	39.25448664360105	
133 HELEN STREET	66043	-94.89627716613468	39.25447974461225	
137 HELEN STREET	66043	-94.8960684530777	39.254470911622676	
139 HELEN STREET	66043	-94.89594484104404	39.25446719462907	
141 HELEN STREET	66043	-94.89579264100308	39.25446771263782	
143 HELEN STREET	66043	-94.89564533096313	39.25446439464567	
154 HELEN STREET	66043	-94.89511448882389	39.25450343968258	
152 HELEN STREET	66043	-94.8952035828392	39.254411825662004	
150 HELEN STREET	66043	-94.89528403585149	39.25431231564058	
148 HELEN STREET	66043	-94.89537237086792	39.254234421622336	
146 HELEN STREET	66043	-94.89550312790062	39.25420786761042	
144 HELEN STREET	66043	-94.89562088393085	39.25419186960096	
142 HELEN STREET	66043	-94.89579388597643	39.25418142958933	
140 HELEN STREET	66043	-94.8959033080019	39.25413937857599	
138 GASLIGHT STREET	66043	-94.89588189398641	39.2540363865598	
134 GASLIGHT STREET	66043	-94.89593787998035	39.253812271518655	
136 GASLIGHT STREET	66043	-94.89588875397983	39.25394665954419	
132 GASLIGHT STREET	66043	-94.89599193498194	39.253674658492294	
130 GASLIGHT STREET	66043	-94.89609081700586	39.253646323481874	
128 GASLIGHT STREET	66043	-94.89624541204692	39.253640071471956	
126 GASLIGHT STREET	66043	-94.89637305008105	39.25363772946432	
124 GASLIGHT STREET	66043	-94.89652974912347	39.25364006245578	
122 GASLIGHT STREET	66043	-94.8966721771624	39.253646253448714	
120 GASLIGHT STREET	66043	-94.89679042119386	39.2536420334412	
118 GASLIGHT STREET	66043	-94.89696431524149	39.25365066443276	
116 GASLIGHT STREET	66043	-94.897080162273	39.25365440642678	
114 GASLIGHT STREET	66043	-94.89723852631641	39.25366244041912	
112 GASLIGHT STREET	66043	-94.89740735835993	39.25364183940598	
110 GASLIGHT STREET	66043	-94.89752943239459	39.25366050740218	
108 GASLIGHT STREET	66043	-94.89766042044455	39.25381656542111	
106 GASLIGHT STREET	66043	-94.89767079945672	39.25391577643733	
104 GASLIGHT STREET	66043	-94.8976766264736	39.254077987464406	
100 GASLIGHT STREET	66043	-94.89768474548842	39.25421156148655	
136 HELEN STREET	66043	-94.89628426410518	39.2541467045555	
132 HELEN STREET	66043	-94.89652101417292	39.25418880854911	
128 HELEN STREET	66043	-94.89687742327045	39.25420540253155	
126 HELEN STREET	66043	-94.89699527830189	39.25420246152436	
124 HELEN STREET	66043	-94.89712291733606	39.25420011851667	
122 HELEN STREET	66043	-94.89727965837871	39.25420530950863	
123 GASLIGHT STREET	66043	-94.89646811013603	39.253948805511534	
125 GASLIGHT STREET	66043	-94.89632316809522	39.253929913516586	
127 GASLIGHT STREET	66043	-94.89619553906122	39.25393416552458	
121 GASLIGHT STREET	66043	-94.89662275217744	39.25394637050229	
119 GASLIGHT STREET	66043	-94.89676750821506	39.253932217491645	
117 GASLIGHT STREET	66043	-94.89692704925763	39.25392785648177	
115 GASLIGHT STREET	66043	-94.89706697329525	39.2539273794737	
113 GASLIGHT STREET	66043	-94.89718973432863	39.25393077846731	
111 GASLIGHT STREET	66043	-94.89731492936225	39.25393035046008	
1013 NORTH 7TH STREET	66043	-94.8925124822016	39.26592486276321	
594 EAST EISENHOWER ROAD	66043	-94.89426408072647	39.26648801575847	
555 NORTH HIGHWAY 5	66043	-94.88166816050979	39.25775423499966	
1213 1/2 A NORTH 7TH STREET	66043	-94.89293049259054	39.26885083323423	
1215 1/2 A NORTH 7TH STREET	66043	-94.89293245262448	39.26920415429392	
1216 1/2 NORTH 7TH STREET	66043	-94.89162618127139	39.26919002736606	
601 NORTH 2ND ST TER COURT	66043	-94.8965289185727	39.2584012292613	
602 NORTH 2ND ST TER COURT	66043	-94.89602354843694	39.25840523129084	
100 A SOUTH 2ND STREET	66043	-94.89652730370543	39.2492169107075	
982 NORTH HIGHWAY 5	66043	-94.88563938035968	39.2660202991716	
948 NORTH HIGHWAY 5	66043	-94.88343712254749	39.263699652904684	
810 NORTH HIGHWAY 5	66043	-94.88016197662162	39.263236031013136	
100 B SOUTH 2ND STREET	66043	-94.8965235796986	39.24915528569727	
120 EMILE STREET	66043	-94.89760921896148	39.25943874437517	
120 EMILE STREET	66043	-94.89751789893633	39.259432332379305	
120 EMILE STREET	66043	-94.89746985092334	39.25943174938198	
1104 NORTH 4TH STREET	66043	-94.89637259026807	39.26621101159126	
1102 NORTH 4TH STREET	66043	-94.89634116424493	39.26605524256672	
1100 NORTH 4TH STREET	66043	-94.89634152322206	39.2658121095256	
1112 NORTH 4TH STREET	66043	-94.89633328730253	39.266687614674154	
1106 NORTH 4TH STREET	66043	-94.89632826727738	39.26643599463186	
400 EAST EISENHOWER ROAD	66043	-94.89522929401026	39.26674031274607	
400 EAST EISENHOWER ROAD	66043	-94.89500565886021	39.26579000359809	
400 EAST EISENHOWER ROAD	66043	-94.89502682888048	39.26594383862289	
400 EAST EISENHOWER ROAD	66043	-94.89515168196473	39.266480117706486	
400 EAST EISENHOWER ROAD	66043	-94.8951153689419	39.26634211868521	
400 EAST EISENHOWER ROAD	66043	-94.89508413392046	39.26620410266367	
400 EAST EISENHOWER ROAD	66043	-94.89506318490405	39.26608972964548	
400 EAST EISENHOWER ROAD	66043	-94.89495877282752	39.265577060564745	
400 EAST EISENHOWER ROAD	66043	-94.89480660978884	39.26560125457751	
400 EAST EISENHOWER ROAD	66043	-94.89460665573775	39.265630936593936	
400 EAST EISENHOWER ROAD	66043	-94.89496722080106	39.26527316351287	
400 EAST EISENHOWER ROAD	66043	-94.89477949975246	39.26529353152701	
400 EAST EISENHOWER ROAD	66043	-94.89462733471372	39.265317725539774	
400 EAST EISENHOWER ROAD	66043	-94.89448539067895	39.265353723554014	
400 EAST EISENHOWER ROAD	66043	-94.89517930683913	39.2650711804666	
400 EAST EISENHOWER ROAD	66043	-94.89517336482295	39.26491729344089	
400 EAST EISENHOWER ROAD	66043	-94.89517278881311	39.26481469042355	
400 EAST EISENHOWER ROAD	66043	-94.89515687279729	39.264692408403846	
400 EAST EISENHOWER ROAD	66043	-94.89514605478317	39.26457405438436	
400 EAST EISENHOWER ROAD	66043	-94.89511892876214	39.26442838536134	
400 EAST EISENHOWER ROAD	66043	-94.89549544586228	39.26441501533756	
400 EAST EISENHOWER ROAD	66043	-94.89551641787905	39.26453333435638	
400 EAST EISENHOWER ROAD	66043	-94.89552723589317	39.264651687375796	
400 EAST EISENHOWER ROAD	66043	-94.89553297690588	39.26477005739549	
400 EAST EISENHOWER ROAD	66043	-94.8955438629211	39.26490025041685	
400 EAST EISENHOWER ROAD	66043	-94.89554964893462	39.26502651343791	
400 EAST EISENHOWER ROAD	66043	-94.89555395808367	39.26659245970251	
400 EAST EISENHOWER ROAD	66043	-94.89546885703757	39.266346828665824	
400 EAST EISENHOWER ROAD	66043	-94.89541894900971	39.26619407464283	
400 EAST EISENHOWER ROAD	66043	-94.89538503098332	39.26601120361384	
400 EAST EISENHOWER ROAD	66043	-94.8956963750936	39.266291735643506	
400 EAST EISENHOWER ROAD	66043	-94.89569859608784	39.26622387263193	
400 EAST EISENHOWER ROAD	66043	-94.89570277907882	39.26611647861353	
400 EAST EISENHOWER ROAD	66043	-94.89564255604739	39.265955448589715	
1100 NORTH 4TH STREET	66043	-94.89634569721929	39.26577100051843	
1100 NORTH 4TH STREET	66043	-94.89633956622559	39.265855493533024	
1100 NORTH 4TH STREET	66043	-94.89622818318702	39.26576455152402	
1100 NORTH 4TH STREET	66043	-94.89622400918981	39.2658056605312	
1100 NORTH 4TH STREET	66043	-94.89622205119333	39.26584904453865	
1102 NORTH 4TH STREET	66043	-94.89634440723862	39.26597932055367	
1102 NORTH 4TH STREET	66043	-94.89634167524133	39.266015858560024	
1102 NORTH 4TH STREET	66043	-94.8962246962059	39.265974020559625	
1102 NORTH 4TH STREET	66043	-94.89622196520857	39.26601055756599	
1102 NORTH 4TH STREET	66043	-94.89622145221219	39.26604994157266	
1104 NORTH 4TH STREET	66043	-94.89637155027476	39.26628459060377	
1104 NORTH 4TH STREET	66043	-94.89624776523439	39.266210294598295	
1104 NORTH 4TH STREET	66043	-94.89624672424111	39.26628387361081	
1106 NORTH 4TH STREET	66043	-94.89632611628332	39.26650474564364	
1106 NORTH 4TH STREET	66043	-94.89626169125965	39.26643798663601	
1106 NORTH 4TH STREET	66043	-94.8962595382656	39.26650673764773	
1112 NORTH 4TH STREET	66043	-94.89633633131203	39.266779319689476	
1112 NORTH 4TH STREET	66043	-94.89620487227683	39.26678173369739	
1112 NORTH 4TH STREET	66043	-94.89620182826735	39.266690026682035	
1103 NORTH 4TH STREET	66043	-94.89677967836585	39.26608532754677	
1105 NORTH 4TH STREET	66043	-94.89685158139245	39.266161984555644	
1103 NORTH 4TH STREET	66043	-94.8968513773852	39.26608592754278	
1105 NORTH 4TH STREET	66043	-94.89681898938362	39.26616167255746	
1103 NORTH 4TH STREET	66043	-94.89681389537505	39.26608521154483	
1105 NORTH 4TH STREET	66043	-94.89677933337286	39.26616054155954	
901 NORTH 8TH STREET	66043	-94.8911151295927	39.263462375426414	
400 NORTH 2ND STREET	66043	-94.89493228684866	39.255285957825336	
4601 BREWER PLACE	66048	-94.89411059528668	39.27285462284403	
4651 BREWER PLACE	66048	-94.89417849426839	39.27246778977475	
4715 BREWER PLACE	66048	-94.89406700211114	39.27112115855331	
201 COMMERCIAL STREET	66048	-94.89570012759587	39.27159731254062	
100 HIGHWAY TERRACE	66048	-94.89246982587069	39.273128463983966	
4601 COMMERCIAL PLACE	66048	-94.89762719322123	39.27272326562105	
4701 BREWER PLACE	66048	-94.89400005317191	39.271955287698205	
151 HIGHWAY TERRACE	66048	-94.89342335410612	39.27290282989137	
4901 SOUTH 4TH STREET	66048	-94.89682755372289	39.26972813316016	
200 COMMERCIAL STREET	66048	-94.89521038356797	39.272697584754674	
4808 BREWER PLACE	66048	-94.89473294126908	39.27089487147706	
302 EISENHOWER ROAD	66043	-94.8970427015511	39.26729656773664	
4725 BREWER PLACE	66048	-94.89423335210621	39.27059515045491	
4709 SOUTH 4TH STREET	66048	-94.89688747691027	39.27154037146323	
300 EISENHOWER ROAD	66043	-94.89606181528485	39.267274551788915	
4720 BREWER PLACE	66048	-94.89555878650141	39.2709999684477	
310 EISENHOWER ROAD	66043	-94.89752767867782	39.26725583370203	
306 EISENHOWER ROAD	66043	-94.89697711662464	39.26826205390367	
304 EISENHOWER ROAD	66043	-94.89674595264222	39.2691072320598	
1008 NORTH 8TH STREET	66043	-94.89030835754235	39.26522930277135	
900 NORTH 8TH STREET	66043	-94.88947442810398	39.26296546543595	
1005 NORTH 8TH STREET	66043	-94.89029188858716	39.26575068086046	
930 NORTH 8TH STREET	66043	-94.89081245273152	39.26579509483827	
1001 NORTH 8TH STREET	66043	-94.89084289461762	39.26450183361777	
705 MORGAN STREET	66043	-94.89156910934555	39.27013776352961	
400 EAST EISENHOWER ROAD	66043	-94.89509536372053	39.26405475129946	
400 EAST EISENHOWER ROAD	66043	-94.8949370686779	39.264054823308484	
400 EAST EISENHOWER ROAD	66043	-94.89476172263173	39.26406588632041	
400 EAST EISENHOWER ROAD	66043	-94.89459220858643	39.264069950330764	
400 EAST EISENHOWER ROAD	66043	-94.89441749353912	39.26406672234017	
400 EAST EISENHOWER ROAD	66043	-94.89424094049124	39.26406344534973	
400 EAST EISENHOWER ROAD	66043	-94.89406261144279	39.26405868835909	
400 EAST EISENHOWER ROAD	66043	-94.8939646773936	39.26381712932381	
400 EAST EISENHOWER ROAD	66043	-94.89413603043934	39.26381311431334	
400 EAST EISENHOWER ROAD	66043	-94.89431410648828	39.26382358730494	
400 EAST EISENHOWER ROAD	66043	-94.8944995995391	39.2638328272959	
400 EAST EISENHOWER ROAD	66043	-94.89466366158277	39.2638271862856	
400 EAST EISENHOWER ROAD	66043	-94.89484008863084	39.26383332327661	
400 EAST EISENHOWER ROAD	66043	-94.8950302036809	39.26382122226366	
400 EAST EISENHOWER ROAD	66043	-94.89395668536129	39.26349784227023	
400 EAST EISENHOWER ROAD	66043	-94.8942032234279	39.26350012525656	
400 EAST EISENHOWER ROAD	66043	-94.89515753567899	39.26343829519164	
400 EAST EISENHOWER ROAD	66043	-94.89458211852653	39.263464445228905	
400 EAST EISENHOWER ROAD	66043	-94.89475930057321	39.26345343021694	
400 EAST EISENHOWER ROAD	66043	-94.89494345762257	39.26345118720601	
400 EAST EISENHOWER ROAD	66043	-94.89440011447705	39.26345959123847	
400 EAST EISENHOWER ROAD	66043	-94.89540155175033	39.26349774218779	
400 EAST EISENHOWER ROAD	66043	-94.89542251677416	39.2636900302191	
400 EAST EISENHOWER ROAD	66043	-94.89541475178474	39.26382432124226	
400 EAST EISENHOWER ROAD	66043	-94.89542606379905	39.263943381261726	
400 EAST EISENHOWER ROAD	66043	-94.89544410081648	39.264076928283316	
1009 NORTH 4TH STREET	66043	-94.89685033828275	39.26500413935986	
1215 1/2 B NORTH 7TH STREET	66043	-94.89307104166197	39.26920594328625	
1215 B NORTH 7TH STREET	66043	-94.89261600854172	39.26923046431638	
1213 1/2 B NORTH 7TH STREET	66043	-94.8930592126255	39.268853791227365	
1213 B NORTH 7TH STREET	66043	-94.8926240715152	39.26892621226448	
600 BETH STREET	66043	-94.89329864140785	39.265866870708535	
602 BETH STREET	66043	-94.89304340933907	39.26586673772307	
604 BETH STREET	66043	-94.89281678927723	39.26585782973452	
598 BETH STREET	66043	-94.89355366247698	39.265871765694776	
612 MILEY STREET	66043	-94.89297046452332	39.26802510909232	
734 DEERFIELD STREET	66048	-94.92107835515182	39.279241655383615	
724 FAWN CREEK STREET	66048	-94.92042251305487	39.28008354456334	
4000 LAKEVIEW DRIVE	66048	-94.91401263019998	39.27871822169882	
3128 LAKEVIEW CIRCLE	66048	-94.91527228507833	39.28441810859029	
718 DEERFIELD STREET	66048	-94.91988084783013	39.27924938045333	
3111 LAKEVIEW CIRCLE	66048	-94.91342287062672	39.28490774777868	
637 MCDONALD ROAD	66048	-94.91616006393508	39.28037743385659	
3508 WILSON AVENUE	66048	-94.89997956185611	39.28331499727755	
4313 SHRINE PARK ROAD	66048	-94.9182003209852	39.275099130847785	
4005 SHRINE PARK ROAD	66048	-94.91817849824933	39.27795471333173	
3905 VALLEY VIEW ROAD	66048	-94.91694532105863	39.27944820065465	
800 HOMESTEAD STREET	66048	-94.92260382738793	39.27739636598454	
4101 SOUTH 4TH STREET	66048	-94.89844005291779	39.27777646642907	
3818 LAKEVIEW DRIVE	66048	-94.91403316929062	39.27961828884976	
620 MUNCIE ROAD	66048	-94.91627296642763	39.27469019788873	
4416 SHRINE PARK ROAD	66048	-94.91877342709456	39.27462388573469	
3550 SOUTH 4TH STREET	66048	-94.9035059697546	39.28277477198475	
4101 SOUTH 4TH STREET	66048	-94.89855466197088	39.2780117754623	
3201 SOUTH 4TH STREET	66048	-94.90388934812357	39.28558398843774	
3400 SOUTH 4TH STREET	66048	-94.90501216138762	39.28517847330503	
4101 SOUTH 4TH STREET	66048	-94.89827319642045	39.28356738041765	
3505 SOUTH 4TH STREET	66048	-94.90179447534196	39.283284738168724	
3124 SOUTH 4TH STREET	66048	-94.90551820759275	39.285906413399154	
3601 SOUTH 4TH STREET	66048	-94.90062954082386	39.28112314986986	
3503 HUGHES ROAD	66048	-94.9081517870378	39.28311518777686	
3709 ROSE STREET	66048	-94.90989391930295	39.280958934312885	
3121 SOUTH 4TH STREET	66048	-94.90424551525797	39.28599073548614	
4504 SOUTH 4TH STREET	66048	-94.90019665301186	39.2737674146509	
433 MUNCIE ROAD	66048	-94.90225770658864	39.27399832657219	
3314 WILSON AVENUE	66048	-94.89991816000067	39.28501834856901	
3500 SOUTH 4TH STREET	66048	-94.90578575530627	39.282116951743305	
4319 BROADWAY TERRACE	66048	-94.92099139078331	39.27559346077188	
4405 BROADWAY TERRACE	66048	-94.92099298974993	39.27523549571131	
512 CEDAR COURT	66048	-94.91018812453748	39.282601170573635	
705 DEERFIELD STREET	66048	-94.91902536956057	39.278834495432086	
730 DEERFIELD STREET	66048	-94.92077222006955	39.279243292401354	
728 FAWN CREEK STREET	66048	-94.92069320812764	39.280082426547686	
4419 GARLAND STREET	66048	-94.92216043899799	39.274535456526294	
4320 HUGHES ROAD	66048	-94.90938959366892	39.275690476451054	
3326 IOWA STREET	66048	-94.91225564526005	39.28435416475181	
4108 LAKEVIEW DRIVE	66048	-94.91401129008092	39.27746295548664	
3921 LAKEVIEW DRIVE	66048	-94.91330021901737	39.27881555275593	
3103 LAKEVIEW CIRCLE	66048	-94.91344707368316	39.28543584186656	
3005 LAKEVIEW COURT	66048	-94.91391110785857	39.28596920193021	
538 MCDONALD ROAD	66048	-94.91242612804415	39.281586969274365	
612 MUNCIE ROAD	66048	-94.91529643713466	39.27437247489083	
524 NIPPER LANE	66048	-94.9111261344779	39.27930072296218	
541 OREGON STREET	66048	-94.91079772674354	39.28304417061369	
513 PLEASANT AVENUE	66048	-94.91043362316573	39.277971435777	
4310 SHRINE PARK ROAD	66048	-94.91954949438606	39.27549719683801	
3821 SHRINE PARK ROAD	66048	-94.91807992736932	39.279503479599136	
3429 SHRINE PARK ROAD	66048	-94.9179826087402	39.2837011593142	
537 UTAH STREET	66048	-94.91098609610769	39.28635710816288	
4230 VALLEY VIEW ROAD	66048	-94.91728863979014	39.27563232298998	
3911 VALLEY VIEW ROAD	66048	-94.91676425197085	39.27903571859526	
733 VILLAGE STREET	66048	-94.9217467249591	39.27530205867953	
4301 GARLAND AVENUE	66048	-94.9220802001438	39.27630559483009	
3414 HUGHES ROAD	66048	-94.91009512771907	39.28478484994809	
533 IDAHO STREET	66048	-94.91121669200498	39.28461489985523	
530 IDAHO STREET	66048	-94.9111669930799	39.285548505015875	
510 IDAHO STREET	66048	-94.9100295437752	39.2855650790837	
3900 HUGHES ROAD	66048	-94.90933828700757	39.279417608084024	
4124 SUMMIT ROAD	66048	-94.9175270999641	39.27679254017249	
729 GREENS RIDGE STREET	66048	-94.92082388354619	39.284134708225146	
720 SILVER LEAF STREET	66048	-94.92102169577538	39.28599372052795	
3712 ROSE STREET	66048	-94.91060183047647	39.280778404241914	
3110 IOWA STREET	66048	-94.91223785743762	39.286281289078566	
550 PLEASANT AVENUE	66048	-94.91342825800957	39.2783686396731	
737 GREENS RIDGE STREET	66048	-94.92130798165158	39.28387088315284	
4320 VALLEY VIEW ROAD	66048	-94.91760752683294	39.27517645589472	
405 MUNCIE ROAD	66048	-94.90063274015587	39.2740489606736	
4416 BROADWAY TERRACE	66048	-94.92150343583658	39.27469911359146	
4302 BROADWAY TERRACE	66048	-94.92151253198934	39.27628807985952	
504 CEDAR COURT	66048	-94.909666773393	39.28255745559603	
729 DEERFIELD STREET	66048	-94.92063340599495	39.278850071342845	
706 DEERFIELD STREET	66048	-94.91905735561181	39.279285060506396	
729 FAWN CREEK STREET	66048	-94.92072893709388	39.279624040468185	
713 FAWN CREEK STREET	66048	-94.91962824580095	39.279659805537115	
3805 GARLAND AVENUE	66048	-94.92206747642285	39.2792921583356	
550 IDAHO STREET	66048	-94.91160310916928	39.28525199294087	
3719 IOWA STREET	66048	-94.91114166360423	39.280592235179576	
3122 IOWA STREET	66048	-94.91219896736628	39.28563845597211	
3125 IOWA STREET	66048	-94.91169185626457	39.28600656606332	
4409 LAKEVIEW DRIVE	66048	-94.91344793068254	39.27485413707782	
4115 LAKEVIEW DRIVE	66048	-94.9132527688162	39.27682350842192	
3707 LAKEVIEW DRIVE	66048	-94.91346361525513	39.2808641360929	
3812 LAKEVIEW DRIVE	66048	-94.91403212331703	39.2799001008975	
3105 LAKEVIEW CIRCLE	66048	-94.91405167984567	39.28543263883147	
3107 LAKEVIEW CIRCLE	66048	-94.91341343764913	39.2851714038238	
3141 LAKEVIEW CIRCLE	66048	-94.91463664086295	39.283950394547546	
3121 LAKEVIEW CIRCLE	66048	-94.91484848103467	39.28516283874032	
3119 LAKEVIEW CIRCLE	66048	-94.91344144357612	39.284320170678335	
628 MCDONALD ROAD	66048	-94.91683238223374	39.281621027028336	
625 MCDONALD ROAD	66048	-94.91486718860129	39.280528502955974	
510 MCDONALD ROAD	66048	-94.90985180135341	39.28161270042578	
520 MUNCIE ROAD	66048	-94.91016789175245	39.27435749618121	
521 NIPPER LANE	66048	-94.91086529936723	39.278873035904766	
536 OREGON STREET	66048	-94.91000589058753	39.2836485207611	
501 OREGON STREET	66048	-94.90936276136026	39.28307689270124	
3700 ROSE STREET	66048	-94.9105985335159	39.28120425431408	
4426 SHRINE PARK ROAD	66048	-94.91877361206443	39.274304968680816	
4325 SHRINE PARK ROAD	66048	-94.91817255493274	39.27462330076896	
4027 SHRINE PARK ROAD	66048	-94.9181848651818	39.27722232720759	
3921 SHRINE PARK ROAD	66048	-94.91817654529675	39.278461266417516	
3037 SHRINE PARK ROAD	66048	-94.91790917997125	39.28635180976639	
4335 VALLEY VIEW ROAD	66048	-94.91692805965921	39.27527434695008	
3808 VALLEY VIEW ROAD	66048	-94.9176620152801	39.27974965466465	
4027 VALLEY VIEW ROAD	66048	-94.91661330576582	39.27729782531013	
4024 VALLEY VIEW ROAD	66048	-94.91717042991611	39.27730082427881	
4210 GARLAND AVENUE	66048	-94.92260238231222	39.27660019785003	
4105 GARLAND AVENUE	66048	-94.92200704422699	39.2773932720181	
801 HOMESTEAD STREET	66048	-94.92258408334645	39.277013848921015	
521 IDAHO STREET	66048	-94.91082055787884	39.284409234843146	
514 IDAHO STREET	66048	-94.91009138981333	39.285792216118516	
735 SILVER LEAF STREET	66048	-94.92057113754956	39.28488943736713	
727 SILVER LEAF STREET	66048	-94.92033215553539	39.28541967747039	
723 SILVER LEAF STREET	66048	-94.92051020860193	39.28561595849337	
717 GREENS RIDGE STREET	66048	-94.91981203532521	39.28467789237473	
4011 VALLEY VIEW ROAD	66048	-94.91663218981712	39.277786008391594	
3706 HUGHES ROAD	66048	-94.90935915916671	39.28104080935724	
449 MUNCIE ROAD	66048	-94.90319442184246	39.27401490052154	
4311 BROADWAY TERRACE	66048	-94.92099021081572	39.275939088830434	
513 CEDAR COURT	66048	-94.9101487134807	39.28211304749339	
721 DEERFIELD STREET	66048	-94.92008012784619	39.27885207837478	
740 DEERFIELD STREET	66048	-94.92146282825807	39.27927069736655	
737 FAWN CREEK STREET	66048	-94.92138596326932	39.27960875742808	
720 FAWN CREEK STREET	66048	-94.92015496598289	39.280084267578786	
3642 HUGHES ROAD	66048	-94.90930377920434	39.28159622445432	
3405 IOWA STREET	66048	-94.91166484905418	39.28385940570196	
4008 LAKEVIEW DRIVE	66048	-94.91396509516228	39.27845460365695	
3135 LAKEVIEW CIRCLE	66048	-94.913470573496	39.28339020051947	
3000 LAKEVIEW TERRACE	66048	-94.91529777227066	39.28637792992001	
514 MCDONALD ROAD	66048	-94.91036208549515	39.28165809440428	
616 MUNCIE ROAD	66048	-94.915569292244	39.27475194793942	
504 NIPPER LANE	66048	-94.9098145011078	39.27912169900681	
549 PLEASANT AVENUE	66048	-94.91346711897991	39.277944302599124	
501 PLEASANT AVENUE	66048	-94.90941773489284	39.27797822083622	
4218 SHRINE PARK ROAD	66048	-94.91927281940977	39.27653551202936	
3621 SHRINE PARK ROAD	66048	-94.91815172557983	39.281524207936634	
533 UTAH STREET	66048	-94.91070158303135	39.28635988617962	
4111 VALLEY VIEW ROAD	66048	-94.9166149367428	39.277049164268014	
4002 VALLEY VIEW ROAD	66048	-94.91713524697833	39.27805909140897	
3708 HUGHES ROAD	66048	-94.90937207416412	39.280976754345694	
527 IDAHO STREET	66048	-94.91114636196617	39.28440497382379	
526 IDAHO STREET	66048	-94.91111127908648	39.28577645205763	
506 IDAHO STREET	66048	-94.91008527476866	39.285337041041984	
441 MUNCIE ROAD	66048	-94.9027483977228	39.2740200325479	
3528 WILSON AVENUE	66048	-94.90003076675652	39.28211635907198	
3922 HUGHES ROAD	66048	-94.90935296695571	39.27882756098351	
4215 BROADWAY TERRACE	66048	-94.9209891288643	39.27645578991781	
714 DEERFIELD STREET	66048	-94.91962992376253	39.279248951467586	
752 FAWN CREEK STREET	66048	-94.92244523860482	39.28014098045749	
550 MCDONALD ROAD	66048	-94.91342524431715	39.28162920022442	
4005 GARLAND AVENUE	66048	-94.92207372230395	39.278017221119725	
534 IDAHO STREET	66048	-94.91107657103251	39.28530475997987	
518 IDAHO STREET	66048	-94.91041078690675	39.28587052111355	
744 SILVER LEAF STREET	66048	-94.92137264671189	39.284324271225806	
3519 SOUTH 4TH STREET	66048	-94.90154785019683	39.28245223204208	
3425 SOUTH 4TH STREET	66048	-94.90296404277541	39.28453714531366	
4408 BROADWAY TERRACE	66048	-94.9215014218693	39.27505042165097	
3408 IOWA STREET	66048	-94.91225680019012	39.28361160462625	
4423 GARLAND STREET	66048	-94.922143967977	39.27436008749756	
4233 LAKEVIEW DRIVE	66048	-94.91325831774736	39.27607943629579	
3806 LAKEVIEW DRIVE	66048	-94.91403087633915	39.28013754293765	
3122 LAKEVIEW CIRCLE	66048	-94.91404182872664	39.28420270462418	
3005 LAKEVIEW TERRACE	66048	-94.91495120213732	39.285955174868384	
3215 IOWA STREET	66048	-94.91169870521816	39.28549678997676	
536 MUNCIE ROAD	66048	-94.91111214700507	39.274339980124296	
505 OREGON STREET	66048	-94.90969963345077	39.2830748806816	
534 NIPPER LANE	66048	-94.91204955572721	39.27930812091066	
4214 GARLAND AVENUE	66048	-94.92260236429644	39.276433219821826	
2938 VIRGINIA CIRCLE	66048	-94.91971042247847	39.28658696670314	
4305 SHRINE PARK ROAD	66048	-94.91820269701269	39.27538289489563	
4013 SHRINE PARK ROAD	66048	-94.91820899623663	39.27773346129257	
3505 SHRINE PARK ROAD	66048	-94.91731766152375	39.283305211285274	
3824 VALLEY VIEW ROAD	66048	-94.9175222952157	39.279466506624765	
3708 ROSE STREET	66048	-94.9106100324932	39.28093179426735	
3524 WILSON AVENUE	66048	-94.90002159477477	39.28233536510954	
521 PLEASANT AVENUE	66048	-94.91112312035077	39.27796501373651	
3234 HUGHES ROAD	66048	-94.90940670361486	39.285643137132475	
4321 SHRINE PARK ROAD	66048	-94.91817873195649	39.27485718280811	
461 MUNCIE ROAD	66048	-94.90404309306466	39.27394842046185	
749 DEERFIELD STREET	66048	-94.9220055163633	39.27883844226246	
717 FAWN CREEK STREET	66048	-94.91992878988192	39.279660589520084	
701 FAWN CREEK STREET	66048	-94.9187960215763	39.27965381658367	
3104 HUGHES ROAD	66048	-94.90930398565166	39.28632429025348	
4413 LAKEVIEW DRIVE	66048	-94.91341332663426	39.27444213701016	
3505 LAKEVIEW DRIVE	66048	-94.91340712844442	39.28302582846154	
3118 LAKEVIEW CIRCLE	66048	-94.91403922474991	39.28445603566715	
3133 LAKEVIEW CIRCLE	66048	-94.91469529592558	39.28444588362793	
513 NIPPER LANE	66048	-94.91032933722016	39.278844205930504	
541 PLEASANT AVENUE	66048	-94.91272567978183	39.2779608496443	
3331 IOWA STREET	66048	-94.91168631710289	39.28431322777744	
500 MUNCIE ROAD	66048	-94.90947589556679	39.274364332221886	
521 MCDONALD ROAD	66048	-94.91111527265323	39.28118549828142	
505 PLEASANT AVENUE	66048	-94.90974354698037	39.27797632881728	
3718 ROSE STREET	66048	-94.91060399446106	39.28060891721314	
522 IDAHO STREET	66048	-94.91078943000781	39.28586080909027	
4110 HUGHES ROAD	66048	-94.90951176687763	39.27754963775835	
3537 SHRINE PARK ROAD	66048	-94.91755738049417	39.282310620103466	
4121 SHRINE PARK ROAD	66048	-94.91818966913641	39.27672846212383	
4225 VALLEY VIEW ROAD	66048	-94.91657165564483	39.27613661611619	
3924 VALLEY VIEW ROAD	66048	-94.91710822099752	39.27833893545787	
4201 GARLAND AVENUE	66048	-94.92200966219332	39.27703000095657	
3334 WILSON AVENUE	66048	-94.89991495896619	39.28466276050909	
4208 BROADWAY TERRACE	66048	-94.92156155505472	39.276840128950056	
736 FAWN CREEK STREET	66048	-94.92129455529118	39.28009996251633	
4008 GARLAND AVENUE	66048	-94.92256615442231	39.2778672250663	
3706 LAKEVIEW DRIVE	66048	-94.91403238840732	39.280854131058746	
4306 BROADWAY TERRACE	66048	-94.92151238097216	39.27610681782894	
541 MUNCIE ROAD	66048	-94.91138452701708	39.27369169599918	
3512 WILSON AVENUE	66048	-94.89998026583459	39.283085394238654	
3101 LAKEVIEW CIRCLE	66048	-94.91343953070671	39.28570604791264	
3912 VALLEY VIEW ROAD	66048	-94.91719362307292	39.27889270354656	
537 PLEASANT AVENUE	66048	-94.91242287069942	39.277951473659975	
4305 GARLAND AVENUE	66048	-94.92208194712565	39.27610877179671	
409 MUNCIE ROAD	66048	-94.90082596420764	39.27404651566215	
4424 BROADWAY TERRACE	66048	-94.921505532806	39.2743691525356	
725 FAWN CREEK STREET	66048	-94.92046949502684	39.27965329448798	
3721 IOWA STREET	66048	-94.91114168159886	39.28053566417005	
3130 IOWA STREET	66048	-94.91223011933886	39.28525978490638	
4224 LAKEVIEW DRIVE	66048	-94.91416607699047	39.27606607224169	
3900 LAKEVIEW DRIVE	66048	-94.91403482427053	39.279401216812985	
3130 LAKEVIEW CIRCLE	66048	-94.91404646268526	39.28375246854781	
3136 LAKEVIEW CIRCLE	66048	-94.91526315803335	39.283968699514844	
3112 LAKEVIEW CIRCLE	66048	-94.9155621622406	39.28530812872413	
3148 LAKEVIEW CIRCLE	66048	-94.9152148089576	39.283305474405466	
518 MUNCIE ROAD	66048	-94.91004611771979	39.27435860218836	
516 NIPPER LANE	66048	-94.91057359832988	39.279308399995024	
540 OREGON STREET	66048	-94.91049661671724	39.28362269672871	
3707 ROSE STREET	66048	-94.9098935443086	39.28101998532321	
4320 SHRINE PARK ROAD	66048	-94.91877351814622	39.27517008982706	
3909 SHRINE PARK ROAD	66048	-94.91812580132923	39.27894868450278	
4218 VALLEY VIEW ROAD	66048	-94.91712915579592	39.27614736608615	
4019 VALLEY VIEW ROAD	66048	-94.91661296778933	39.27754738235234	
4206 GARLAND AVENUE	66048	-94.92260244432767	39.27676307787756	
4212 BROADWAY TERRACE	66048	-94.92151357701997	39.27660911391376	
508 CEDAR COURT	66048	-94.90992580246245	39.28255439958075	
725 DEERFIELD STREET	66048	-94.92035269491954	39.27885132635908	
3700 LAKEVIEW DRIVE	66048	-94.91402899743235	39.281128450105285	
3008 LAKEVIEW COURT	66048	-94.91456610403596	39.285979685894524	
612 MCDONALD ROAD	66048	-94.91404906848909	39.28167118219585	
722 DEERFIELD STREET	66048	-94.92019864191525	39.27924467443435	
3145 LAKEVIEW CIRCLE	66048	-94.91465783284836	39.28373635151013	
3424 WILSON AVENUE	66048	-94.89991631688866	39.283839468369834	
3703 ROSE STREET	66048	-94.90989518132375	39.28117504534933	
429 MUNCIE ROAD	66048	-94.90204313253389	39.27403010758984	
4409 BROADWAY TERRACE	66048	-94.92100279773373	39.275036236677074	
709 DEERFIELD STREET	66048	-94.91931345863819	39.278835338415774	
3308 IOWA STREET	66048	-94.91225892032374	39.28501813686384	
3716 HUGHES ROAD	66048	-94.9093605881413	39.28076809231104	
4100 LAKEVIEW DRIVE	66048	-94.91400434912286	39.27792608456536	
3131 LAKEVIEW CIRCLE	66048	-94.9134684275182	39.28363152656036	
3001 LAKEVIEW COURT	66048	-94.91392443289526	39.28631889598852	
542 MCDONALD ROAD	66048	-94.91271826012242	39.281582665256934	
530 NIPPER LANE	66048	-94.9116741016251	39.27929724893025	
512 PLEASANT AVENUE	66048	-94.91041815920433	39.278423825854375	
4230 SHRINE PARK ROAD	66048	-94.91969035244539	39.2757238498683	
3805 SHRINE PARK ROAD	66048	-94.91801836439366	39.27993651267588	
3337 SHRINE PARK ROAD	66048	-94.91741754265237	39.284380501461314	
4224 VALLEY VIEW ROAD	66048	-94.91718249478453	39.27587484403707	
3921 VALLEY VIEW ROAD	66048	-94.91663957288975	39.278533417517494	
801 VILLAGE STREET	66048	-94.92240059713453	39.275295707641064	
4307 BROADWAY TERRACE	66048	-94.92098981383056	39.27609729585716	
737 DEERFIELD STREET	66048	-94.92116504313772	39.27884635531181	
712 FAWN CREEK STREET	66048	-94.91962224884013	39.28009113361036	
525 NIPPER LANE	66048	-94.9111459984423	39.27886735588776	
4009 GARLAND AVENUE	66048	-94.92207539727897	39.27774815607417	
4413 BROADWAY TERRACE	66048	-94.92100359371848	39.2748728186494	
702 DEERFIELD STREET	66048	-94.91875233752589	39.27924493551706	
4411 GARLAND STREET	66048	-94.92210612501508	39.274870792586064	
3404 IOWA STREET	66048	-94.91225567621039	39.28382907466307	
3713 LAKEVIEW DRIVE	66048	-94.91346536622736	39.2805653570423	
3004 LAKEVIEW TERRACE	66048	-94.91560354134172	39.28625916888245	
4227 SUMMIT ROAD	66048	-94.91787353297322	39.275903108002396	
3715 ROSE STREET	66048	-94.90989294128138	39.28073379827485	
3100 WILSON AVENUE	66048	-94.90140387750824	39.28615420367611	
532 MUNCIE ROAD	66048	-94.91095488996437	39.27435737813623	
538 NIPPER LANE	66048	-94.91237268881932	39.2793620769013	
520 PLEASANT AVENUE	66048	-94.91105720537581	39.27841747981678	
4301 SHRINE PARK ROAD	66048	-94.91820458603624	39.27562682293674	
3928 SHRINE PARK ROAD	66048	-94.91942653060082	39.278117896288	
4421 VALLEY VIEW ROAD	66048	-94.91756202275668	39.274499697782915	
3906 VALLEY VIEW ROAD	66048	-94.91730808012964	39.27916677858635	
4209 GARLAND AVENUE	66048	-94.92207721417661	39.276660755890305	
800 VILLAGE STREET	66048	-94.92258081822042	39.275690986697605	
744 DEERFIELD STREET	66048	-94.92173392633083	39.27926854135071	
721 FAWN CREEK STREET	66048	-94.92019129295197	39.27965357250388	
705 FAWN CREEK STREET	66048	-94.91908419265413	39.279656088567606	
3515 LAKEVIEW DRIVE	66048	-94.91341071440708	39.282621096392916	
3134 LAKEVIEW CIRCLE	66048	-94.91404381066226	39.2835165875081	
542 PLEASANT AVENUE	66048	-94.91278663684038	39.278406153716084	
740 FAWN CREEK STREET	66048	-94.92156950636497	39.280097649500185	
4218 HUGHES ROAD	66048	-94.90950678677227	39.276449794572684	
4100 GARLAND AVENUE	66048	-94.92256706240453	39.27767660903398	
539 OREGON STREET	66048	-94.91052534167241	39.28306724263315	
500 OREGON STREET	66048	-94.90937319940424	39.28351204277418	
3520 WILSON AVENUE	66048	-94.89997223078862	39.282622353160846	
471 MUNCIE ROAD	66048	-94.9068022627913	39.27377605927513	
3715 IOWA STREET	66048	-94.91114207161601	39.28071564120042	
4108 SUMMIT ROAD	66048	-94.91731401093125	39.2770517282285	
457 MUNCIE ROAD	66048	-94.90370777597997	39.27400757649096	
531 OREGON STREET	66048	-94.91000379753251	39.283073063663934	
539 IDAHO STREET	66048	-94.91117007000406	39.28473795387873	
3401 IOWA STREET	66048	-94.91168465907911	39.28406688073593	
4408 LAKEVIEW DRIVE	66048	-94.9141835878856	39.274906784044724	
519 MCDONALD ROAD	66048	-94.91100324862319	39.28118642628793	
514 MUNCIE ROAD	66048	-94.90979332965195	39.274361021203205	
512 NIPPER LANE	66048	-94.9103110842621	39.2793395960153	
504 PLEASANT AVENUE	66048	-94.90972494101818	39.278428884894815	
3706 ROSE STREET	66048	-94.91060965849886	39.28099284527768	
417 MUNCIE ROAD	66048	-94.90127327232759	39.27404056363556	
4425 BROADWAY TERRACE	66048	-94.9210067466703	39.27435450156159	
4314 BROADWAY TERRACE	66048	-94.92151236693583	39.27572295976404	
533 PLEASANT AVENUE	66048	-94.91209046961028	39.27795511867963	
4117 SHRINE PARK ROAD	66048	-94.91818773115932	39.27697656516586	
3601 SHRINE PARK ROAD	66048	-94.91815354361782	39.28192093600357	
4321 VALLEY VIEW ROAD	66048	-94.91587463637543	39.27527238700991	
3918 VALLEY VIEW ROAD	66048	-94.91711281902543	39.27862047750518	
4309 GARLAND AVENUE	66048	-94.92208358311007	39.27593886576789	
4421 BROADWAY TERRACE	66048	-94.9210056286861	39.274524790590434	
3713 IOWA STREET	66048	-94.91113458261927	39.28077108921023	
3108 LAKEVIEW CIRCLE	66048	-94.91552896325314	39.285535393764405	
516 MUNCIE ROAD	66048	-94.909905192682	39.27435993019663	
520 NIPPER LANE	66048	-94.91086987840926	39.27930452597743	
542 OREGON STREET	66048	-94.91114134087921	39.28350004067112	
3701 ROSE STREET	66048	-94.90989480632939	39.28123609635967	
505 CEDAR COURT	66048	-94.90964976035292	39.28218197153357	
717 DEERFIELD STREET	66048	-94.91983368877827	39.27883566238609	
4102 IOWA STREET	66048	-94.91173301651077	39.277920323694126	
640 MCDONALD ROAD	66048	-94.91776320248962	39.281676716984585	
4205 GARLAND AVENUE	66048	-94.9220757311937	39.27684588192164	
3137 LAKEVIEW CIRCLE	66048	-94.91469608490128	39.28418663458407	
3516 WILSON AVENUE	66048	-94.89997527481285	39.28287018520258	
3070 WILSON AVENUE	66048	-94.9011549763778	39.28548387957702	
3126 IOWA STREET	66048	-94.912228550357	39.28545618493965	
3712 LAKEVIEW DRIVE	66048	-94.91403468338534	39.28061503801819	
3111 SOUTH 4TH STREET	66048	-94.90477413842717	39.286274296503876	
3336 WILSON AVENUE	66048	-94.89991499695442	39.28453830948803	
509 CEDAR COURT	66048	-94.90988677041406	39.28215402651531	
76 ASH STREET	66048	-94.90071840819084	39.28475038147798	
421 MUNCIE ROAD	66048	-94.90151292239179	39.27403740462138	
58 ASH STREET	66048	-94.90020633401598	39.28435994944122	
540 MUNCIE ROAD	66048	-94.91159920913428	39.27431966709305	
529 UTAH STREET	66048	-94.91035590293863	39.286363247199986	
4402 BROADWAY TERRACE	66048	-94.92147442988346	39.27527713169083	
3413 IOWA STREET	66048	-94.9116617730106	39.28340801662586	
3133 IOWA STREET	66048	-94.91169525324156	39.2857536840204	
4220 LAKEVIEW DRIVE	66048	-94.9141755980376	39.276537561320865	
4237 LAKEVIEW DRIVE	66048	-94.91310564766891	39.27568476423782	
3701 LAKEVIEW DRIVE	66048	-94.91346137127876	39.281119972136295	
3800 LAKEVIEW DRIVE	66048	-94.91403685736155	39.28035772197453	
3113 LAKEVIEW CIRCLE	66048	-94.91459056199412	39.28546819080666	
3115 LAKEVIEW CIRCLE	66048	-94.91345425960851	39.28462654172935	
3140 LAKEVIEW CIRCLE	66048	-94.915280900016	39.28373459347422	
524 MUNCIE ROAD	66048	-94.91043915282495	39.2743514281647	
545 NIPPER LANE	66048	-94.91267873286307	39.27895329181473	
500 PLEASANT AVENUE	66048	-94.90943342593982	39.27843054591176	
3720 ROSE STREET	66048	-94.91060436845535	39.280547866202824	
445 MUNCIE ROAD	66048	-94.90296635078168	39.27402210753579	
4204 BROADWAY TERRACE	66048	-94.9214250460398	39.27707096399691	
517 CEDAR COURT	66048	-94.91045556757375	39.282222761494445	
745 DEERFIELD STREET	66048	-94.92173251229002	39.2788410442785	
741 FAWN CREEK STREET	66048	-94.92174901737063	39.27964667841374	
716 FAWN CREEK STREET	66048	-94.91987355290786	39.28009170159611	
3418 HUGHES ROAD	66048	-94.90926342741221	39.28390843284744	
3409 IOWA STREET	66048	-94.9116631780305	39.28361377566054	
3821 LAKEVIEW DRIVE	66048	-94.91235328086005	39.27984754198447	
3127 LAKEVIEW CIRCLE	66048	-94.91344548553427	39.28386642860143	
3124 LAKEVIEW CIRCLE	66048	-94.91531021311063	39.28465159262755	
3004 LAKEVIEW COURT	66048	-94.91449070304466	39.28628612295062	
534 PLEASANT AVENUE	66048	-94.91206714164461	39.27838441375348	
4308 GARLAND AVENUE	66048	-94.92260254224944	39.27593572573772	
4203 BROADWAY TERRACE	66048	-94.92107470094815	39.27709898702163	
744 FAWN CREEK STREET	66048	-94.92183333543599	39.28009760348514	
3700 HUGHES ROAD	66048	-94.90935900718364	39.28122016138757	
3125 LAKEVIEW CIRCLE	66048	-94.91470182297004	39.28489674770377	
522 MCDONALD ROAD	66048	-94.91128139973783	39.28160714234316	
509 NIPPER LANE	66048	-94.91004577414435	39.27884954194761	
3601 LAKEVIEW DRIVE	66048	-94.91341286635193	39.28203222229324	
3116 LAKEVIEW CIRCLE	66048	-94.91545824619101	39.28507981869148	
545 PLEASANT AVENUE	66048	-94.91313847088823	39.277910369612165	
509 PLEASANT AVENUE	66048	-94.91009163307392	39.277974038796955	
543 UTAH STREET	66048	-94.91129272718997	39.2863541041449	
3550 SOUTH 4TH STREET	66048	-94.90346371173645	39.28270306197507	
3908 GARLAND AVENUE	66048	-94.92256371747598	39.278441328163446	
4004 GARLAND AVENUE	66048	-94.92256527244074	39.278064444099655	
737 VILLAGE STREET	66048	-94.92197474902031	39.275299748666086	
3515 SOUTH 4TH STREET	66048	-94.90110031010809	39.28278829712446	
3832 HUGHES ROAD	66048	-94.90933787702939	39.27964926912326	
745 FAWN CREEK STREET	66048	-94.92206159045459	39.27964439339549	
748 FAWN CREEK STREET	66048	-94.92210530351187	39.280125844474355	
4109 LAKEVIEW DRIVE	66048	-94.91324761884697	39.277163413479656	
3906 LAKEVIEW DRIVE	66048	-94.91403576424484	39.279126728766535	
3110 LAKEVIEW CIRCLE	66048	-94.91403962579219	39.28490194874246	
3132 LAKEVIEW CIRCLE	66048	-94.91527210705826	39.2842064605545	
4216 BROADWAY TERRACE	66048	-94.92151293600583	39.27646144288885	
726 DEERFIELD STREET	66048	-94.92048093399123	39.27924425141819	
3830 HUGHES ROAD	66048	-94.90933778103371	39.27969532913103	
3149 LAKEVIEW CIRCLE	66048	-94.9146215468163	39.28350027547233	
3001 LAKEVIEW TERRACE	66048	-94.91503190918765	39.28625753491485	
541 MCDONALD ROAD	66048	-94.91266535104255	39.28088912914275	
4328 SHRINE PARK ROAD	66048	-94.91877340611707	39.27486208077497	
3927 SHRINE PARK ROAD	66048	-94.91811319925772	39.27822898638183	
521 UTAH STREET	66048	-94.90997396883613	39.2863669642224	
3817 VALLEY VIEW ROAD	66048	-94.91724942018682	39.27993795172009	
4016 VALLEY VIEW ROAD	66048	-94.91715774694062	39.27759626632947	
3909 GARLAND AVENUE	66048	-94.9220075293265	39.27844417319568	
713 DEERFIELD STREET	66048	-94.91959917271517	39.278835679399485	
3718 HUGHES ROAD	66048	-94.90936206412643	39.28060640528362	
3123 LAKEVIEW CIRCLE	66048	-94.91344391555053	39.2840427316313	
3000 LAKEVIEW COURT	66048	-94.91424455499282	39.28643913699058	
624 MCDONALD ROAD	66048	-94.91654055115482	39.28161723204437	
4215 SHRINE PARK ROAD	66048	-94.91808859907506	39.27636773306859	
3611 SHRINE PARK ROAD	66048	-94.91815403159836	39.28171368496851	
4125 VALLEY VIEW ROAD	66048	-94.91661849171108	39.276704038209445	
3927 VALLEY VIEW ROAD	66048	-94.91663630686539	39.27828518547574	
4101 GARLAND AVENUE	66048	-94.92207647326359	39.277582657046125	
4207 BROADWAY TERRACE	66048	-94.92093636288908	39.276868112990485	
4226 HUGHES ROAD	66048	-94.90941586871297	39.27608101151554	
4211 BROADWAY TERRACE	66048	-94.92098929388015	39.27662332294614	
3114 LAKEVIEW CIRCLE	66048	-94.91404208177019	39.28466238470185	
3917 LAKEVIEW DRIVE	66048	-94.91332834707379	39.27933189284164	
3532 LAKEVIEW DRIVE	66048	-94.91412554461566	39.28279136138082	
3126 LAKEVIEW CIRCLE	66048	-94.91408478671534	39.28396106458086	
3117 LAKEVIEW CIRCLE	66048	-94.91491527508052	39.28545724278631	
4228 SHRINE PARK ROAD	66048	-94.91948323942728	39.27612197894739	
4036 SHRINE PARK ROAD	66048	-94.9193390094659	39.27694083509407	
3437 SHRINE PARK ROAD	66048	-94.91796156370134	39.28334996525609	
4005 VALLEY VIEW ROAD	66048	-94.91663387584161	39.278040526434495	
4213 GARLAND AVENUE	66048	-94.9220785421618	39.27650043986312	
3550 SOUTH 4TH STREET	66048	-94.90330240067375	39.28249950094983	
3107 SOUTH 4TH STREET	66048	-94.90466182442577	39.286579383561865	
500 CEDAR COURT	66048	-94.90936161931118	39.282561091614106	
710 DEERFIELD STREET	66048	-94.91933504368306	39.279248123484294	
3910 HUGHES ROAD	66048	-94.90933838398745	39.279204676048074	
546 MCDONALD ROAD	66048	-94.91305147021168	39.28157773023706	
453 MUNCIE ROAD	66048	-94.90339731889685	39.274012899509636	
528 MUNCIE ROAD	66048	-94.9107069348962	39.27434287914798	
538 MUNCIE ROAD	66048	-94.91117438502178	39.27433956212072	
539 NIPPER LANE	66048	-94.91237302576845	39.278822984810155	
4407 GARLAND STREET	66048	-94.92207481002038	39.27501615461243	
3314 IOWA STREET	66048	-94.91225279429283	39.284708470811886	
4315 BROADWAY TERRACE	66048	-94.92099080379765	39.275746439797786	
4303 BROADWAY TERRACE	66048	-94.92098939284708	39.276273062886915	
4401 BROADWAY TERRACE	66048	-94.92099522876744	39.275414640741474	
701 DEERFIELD STREET	66048	-94.91874805448576	39.278833057447656	
741 DEERFIELD STREET	66048	-94.92146011021693	39.27884370029451	
4415 GARLAND STREET	66048	-94.92215821501303	39.27470087555438	
3400 IOWA STREET	66048	-94.91227934024114	39.28408700470534	
4104 LAKEVIEW DRIVE	66048	-94.91400583410267	39.277708499528465	
3008 LAKEVIEW TERRACE	66048	-94.91571930434898	39.28600674483317	
526 MCDONALD ROAD	66048	-94.91152808180397	39.28160388432854	
516 PLEASANT AVENUE	66048	-94.91074643729242	39.278420784835106	
3702 ROSE STREET	66048	-94.91059890851018	39.281143203303756	
4312 VALLEY VIEW ROAD	66048	-94.91745791181152	39.27537659893708	
733 FAWN CREEK STREET	66048	-94.92103316617612	39.27962754945141	
732 FAWN CREEK STREET	66048	-94.92092931919173	39.28008814553515	
709 FAWN CREEK STREET	66048	-94.91935688072775	39.279658252552345	
3144 LAKEVIEW CIRCLE	66048	-94.91524407398369	39.28349839643641	
726 MUNCIE ROAD	66048	-94.91963973633186	39.274666969692525	
530 MUNCIE ROAD	66048	-94.9108908789473	39.27435926014021	
542 NIPPER LANE	66048	-94.91270983789342	39.27918552585222	
546 PLEASANT AVENUE	66048	-94.91307308191423	39.27837119569379	
517 PLEASANT AVENUE	66048	-94.9108038582651	39.27796818875528	
4215 SUMMIT ROAD	66048	-94.91764126792806	39.27608670504668	
4216 VALLEY VIEW ROAD	66048	-94.91713083581797	39.27637551612463	
4109 GARLAND AVENUE	66048	-94.92200842320884	39.277197962985014	
3050 WILSON AVENUE	66048	-94.90020931717851	39.28606958273008	
3917 VALLEY VIEW ROAD	66048	-94.9166953599294	39.278793523558264	
733 DEERFIELD STREET	66048	-94.92088466906245	39.27884852432823	
4000 IOWA STREET	66048	-94.91169583458951	39.27885928985502	
4021 SHRINE PARK ROAD	66048	-94.91818195420224	39.27744687924572	
3705 SHRINE PARK ROAD	66048	-94.91807707851228	39.281022927856135	
3106 SHRINE PARK ROAD	66048	-94.91871465620524	39.286532205750795	
4315 VALLEY VIEW ROAD	66048	-94.91676105164876	39.27563875902125	
4010 VALLEY VIEW ROAD	66048	-94.91713276795528	39.277822114369066	
4306 GARLAND AVENUE	66048	-94.92260246226071	39.27605522475791	
3550 SOUTH 4TH STREET	66048	-94.90334242069015	39.28255866395755	
530 PLEASANT AVENUE	66048	-94.9117435055632	39.278445119782226	
3501 SOUTH 4TH STREET	66048	-94.90222935850916	39.28381394623333	
4112 LAKEVIEW DRIVE	66048	-94.91402241706271	39.27723876744812	
3104 IOWA STREET	66048	-94.91223819845881	39.286504429116285	
79 ASH STREET	66048	-94.90155376933221	39.28386698328093	
425 MUNCIE ROAD	66048	-94.90176372545902	39.274034014606464	
437 MUNCIE ROAD	66048	-94.90254192866752	39.274023102560186	
3060 WILSON AVENUE	66048	-94.90021155616559	39.28592634670575	
516 CEDAR COURT	66048	-94.9104388165947	39.282492431540945	
549 IDAHO STREET	66048	-94.91169562215951	39.284885290873575	
3321 IOWA STREET	66048	-94.911687989127	39.28456321881957	
4321 LAKEVIEW DRIVE	66048	-94.91347669772287	39.275198689134434	
504 OREGON STREET	66048	-94.90970702749418	39.283512430755174	
549 OREGON STREET	66048	-94.9118422490234	39.2830292655515	
537 OREGON STREET	66048	-94.91026806160352	39.283071483648555	
413 MUNCIE ROAD	66048	-94.90104616426666	39.274043519649034	
4420 BROADWAY TERRACE	66048	-94.92150448282095	39.27453067056294	
4417 BROADWAY TERRACE	66048	-94.92097713969464	39.27469607662101	
4310 BROADWAY TERRACE	66048	-94.92151229495597	39.27593595280004	
3416 IOWA STREET	66048	-94.9121604601207	39.28315237755412	
3109 LAKEVIEW CIRCLE	66048	-94.91433815792638	39.28547023582145	
512 MCDONALD ROAD	66048	-94.91010863042226	39.28160892741047	
522 MUNCIE ROAD	66048	-94.9103205917931	39.274352418171624	
526 MUNCIE ROAD	66048	-94.91058282086293	39.274343836155225	
517 NIPPER LANE	66048	-94.91058913729336	39.278878151921425	
538 PLEASANT AVENUE	66048	-94.9123760117273	39.278379359735	
508 PLEASANT AVENUE	66048	-94.9100649411095	39.278426569874995	
3713 ROSE STREET	66048	-94.90989256628704	39.28079484928518	
511 UTAH STREET	66048	-94.90961565174	39.28637081224352	
549 UTAH STREET	66048	-94.91159154527018	39.28635116812729	
4313 GARLAND AVENUE	66048	-94.92207044308752	39.275738357734774	
508 NIPPER LANE	66048	-94.91002634718696	39.2793552930342	
636 MCDONALD ROAD	66048	-94.91737165737744	39.281605410994906	
535 NIPPER LANE	66048	-94.91203051367826	39.27884428283336	
3120 LAKEVIEW CIRCLE	66048	-94.91530796712806	39.284842267659904	
3012 LAKEVIEW TERRACE	66048	-94.91552484427154	39.285741507799514	
501 CEDAR COURT	66048	-94.90939840328303	39.28215891754404	
3118 IOWA STREET	66048	-94.91225896540028	39.28582679000054	
545 OREGON STREET	66048	-94.91142974190949	39.28299956157007	
3828 HUGHES ROAD	66048	-94.9093357590544	39.27991979516912	
3129 LAKEVIEW CIRCLE	66048	-94.91468802994561	39.284678215667604	
534 MCDONALD ROAD	66048	-94.91212611996382	39.281591221292224	
4304 GARLAND AVENUE	66048	-94.92260243426702	39.276121837769196	
4001 GARLAND AVENUE	66048	-94.92207259732137	39.278204353151445	
745 VILLAGE STREET	66048	-94.92219713707998	39.27529758065303	
4000 GARLAND AVENUE	66048	-94.92256442845945	39.27826478513355	
4500 SOUTH 4TH STREET	66048	-94.90019590201653	39.2738192746597	
3211 SOUTH 4TH STREET	66048	-94.9032386769303	39.285392814442595	
3525 SOUTH 4TH STREET	66048	-94.90092508896714	39.281796808966845	
3122 SOUTH 4TH STREET	66048	-94.90576919167894	39.2861031854181	
3636 HUGHES ROAD	66048	-94.9093910742496	39.28182610348816	
390 ASH STREET	66048	-94.90255256565854	39.28447291732626	
3714 ROSE STREET	66048	-94.91060220447082	39.28071735323159	
4412 BROADWAY TERRACE	66048	-94.92150238485347	39.27488033062219	
3412 IOWA STREET	66048	-94.91225803116781	39.28337248458576	
3450 SOUTH 4TH STREET	66048	-94.90729970487075	39.28377465593706	
4508 SOUTH 4TH STREET	66048	-94.90019731800764	39.27372148264306	
3200 SHRINE PARK ROAD	66048	-94.91957445631635	39.28526084848685	
3550 SOUTH 4TH STREET	66048	-94.90339334171047	39.282628696966476	
3507 SOUTH 4TH STREET	66048	-94.90172254231402	39.283193594157424	
4100 SOUTH 4TH STREET	66048	-94.90646271903985	39.27737202590247	
3806 SHRINE PARK ROAD	66048	-94.91874735060577	39.280103631662456	
526 CEDAR COURT	66048	-94.91166960192756	39.28250765247322	
530 CEDAR COURT	66048	-94.91200955402829	39.28260496047021	
534 CEDAR COURT	66048	-94.91233643911258	39.282565670444924	
538 CEDAR COURT	66048	-94.91264922819657	39.282562973426586	
3106 LAKEVIEW CIRCLE	66048	-94.91403318181338	39.2851437787837	
543 OREGON STREET	66048	-94.91106625581067	39.28298920158906	
548 OREGON STREET	66048	-94.91115447192942	39.28399339175375	
725 GREENS RIDGE STREET	66048	-94.9203059754337	39.28441897330272	
4101 SOUTH 4TH STREET	66048	-94.89792128434468	39.283768060471715	
4101 SOUTH 4TH STREET	66048	-94.89905030312472	39.27822687847038	
69 ASH STREET	66048	-94.90063861706732	39.28367196630024	
530 IDAHO STREET	66048	-94.91116818808693	39.28561912302779	
510 IDAHO STREET	66048	-94.91003232578319	39.28564146209647	
514 IDAHO STREET	66048	-94.91009233382083	39.285868551131394	
526 IDAHO STREET	66048	-94.91112186609696	39.285856858070616	
506 IDAHO STREET	66048	-94.91008795277682	39.28541580605516	
534 IDAHO STREET	66048	-94.91109130804574	39.28540244599554	
518 IDAHO STREET	66048	-94.91041092291313	39.28593729512484	
522 IDAHO STREET	66048	-94.9107885080135	39.28592373910098	
530 IDAHO STREET	66048	-94.91106446505903	39.2856192340337	
510 IDAHO STREET	66048	-94.90993699575795	39.285646088102666	
514 IDAHO STREET	66048	-94.91000543879824	39.285876738137716	
526 IDAHO STREET	66048	-94.91101070106718	39.285858679077286	
506 IDAHO STREET	66048	-94.9100047797551	39.28542313806115	
534 IDAHO STREET	66048	-94.91099722502078	39.285406628001624	
518 IDAHO STREET	66048	-94.91033123189149	39.28593518212903	
522 IDAHO STREET	66048	-94.91069941198971	39.28592614710648	
530 IDAHO STREET	66048	-94.91107585005608	39.2855556260223	
510 IDAHO STREET	66048	-94.90993135774873	39.28556485908928	
514 IDAHO STREET	66048	-94.90998823678565	39.285793295124606	
526 IDAHO STREET	66048	-94.91100559205833	39.28577937206414	
506 IDAHO STREET	66048	-94.90998688074258	39.28534158504835	
534 IDAHO STREET	66048	-94.91099548801084	39.2853064249848	
518 IDAHO STREET	66048	-94.91031566588116	39.28587038311895	
522 IDAHO STREET	66048	-94.91069583498327	39.28586786509684	
3735 SHRINE PARK ROAD	66048	-94.9177001663536	39.28041842877553	
3530 WILSON AVENUE	66048	-94.90003417775014	39.28203894705871	
3526 WILSON AVENUE	66048	-94.9000290777706	39.282269984098036	
69 ASH STREET	66048	-94.90036023699118	39.28365954931406	
69 ASH STREET	66048	-94.90055871804543	39.28366769330408	
69 ASH STREET	66048	-94.90044482701421	39.28366180030955	
69 ASH STREET	66048	-94.90027641896278	39.28359794030841	
69 ASH STREET	66048	-94.90036738498766	39.28360179230385	
69 ASH STREET	66048	-94.90045013701018	39.28360399429951	
69 ASH STREET	66048	-94.90055949104	39.28360833529401	
69 ASH STREET	66048	-94.90064335206239	39.28360627328886	
69 ASH STREET	66048	-94.90026556096538	39.2836563143189	
533 IDAHO STREET	66048	-94.91121132399526	39.28452747784078	
521 IDAHO STREET	66048	-94.91081424987088	39.28434324983231	
527 IDAHO STREET	66048	-94.91114722096059	39.28434347081338	
539 IDAHO STREET	66048	-94.91104831997178	39.284743309886565	
533 IDAHO STREET	66048	-94.91112660597251	39.284528092845704	
521 IDAHO STREET	66048	-94.91070188284075	39.284344562838996	
527 IDAHO STREET	66048	-94.91104398793307	39.28434645681976	
539 IDAHO STREET	66048	-94.91116998201213	39.28482379989324	
533 IDAHO STREET	66048	-94.91111364497709	39.284613596860936	
521 IDAHO STREET	66048	-94.91070622784848	39.284413356850344	
527 IDAHO STREET	66048	-94.9110433789382	39.28440224182925	
539 IDAHO STREET	66048	-94.91104302897782	39.28482186390018	
3735 SHRINE PARK ROAD	66048	-94.91742676128	39.28041834779115	
3735 SHRINE PARK ROAD	66048	-94.91742455527624	39.28038466578554	
3735 SHRINE PARK ROAD	66048	-94.91756198131661	39.280420495783744	
3735 SHRINE PARK ROAD	66048	-94.91755977531287	39.28038681377819	
3735 SHRINE PARK ROAD	66048	-94.9176556593516	39.28052384579587	
3735 SHRINE PARK ROAD	66048	-94.9176980483629	39.28052282079327	
3735 SHRINE PARK ROAD	66048	-94.91769925634935	39.280376196768444	
3400 SOUTH 4TH STREET	66048	-94.90723969793348	39.28460844108143	
3400 SOUTH 4TH STREET	66048	-94.90488240535716	39.285226296320516	
721 GREENS RIDGE STREET	66048	-94.92005155937785	39.2845529413399	
717 GREENS RIDGE STREET	66048	-94.91976866730774	39.28461712936693	
725 GREENS RIDGE STREET	66048	-94.92026260741623	39.28435821029497	
721 GREENS RIDGE STREET	66048	-94.92000819136041	39.284492178332144	
717 GREENS RIDGE STREET	66048	-94.91995953135785	39.28460309835367	
725 GREENS RIDGE STREET	66048	-94.9204534704663	39.284344178281664	
721 GREENS RIDGE STREET	66048	-94.92019905441046	39.284478147318836	
717 GREENS RIDGE STREET	66048	-94.91991616334039	39.284542334345865	
725 GREENS RIDGE STREET	66048	-94.92041010244888	39.2842834152739	
721 GREENS RIDGE STREET	66048	-94.92015568639306	39.284417383311094	
717 GREENS RIDGE STREET	66048	-94.91985619733448	39.28465044336756	
725 GREENS RIDGE STREET	66048	-94.92035013744298	39.2843915242956	
721 GREENS RIDGE STREET	66048	-94.92009572038717	39.284525492332776	
717 GREENS RIDGE STREET	66048	-94.91981262131746	39.2845944443606	
725 GREENS RIDGE STREET	66048	-94.92030656042593	39.2843355242886	
721 GREENS RIDGE STREET	66048	-94.92005214437013	39.28446949332577	
717 GREENS RIDGE STREET	66048	-94.92000348436753	39.28458041334729	
725 GREENS RIDGE STREET	66048	-94.92049742347596	39.28432149327535	
721 GREENS RIDGE STREET	66048	-94.92024300742018	39.28445546231252	
717 GREENS RIDGE STREET	66048	-94.91995388334863	39.284521869340274	
725 GREENS RIDGE STREET	66048	-94.92044782145709	39.28426295026826	
721 GREENS RIDGE STREET	66048	-94.9201934054013	39.28439691830543	
735 SILVER LEAF STREET	66048	-94.92064050755758	39.28477680734408	
735 SILVER LEAF STREET	66048	-94.92053379453401	39.284831218359386	
735 SILVER LEAF STREET	66048	-94.92069010957653	39.284835351351155	
735 SILVER LEAF STREET	66048	-94.92050531153485	39.28492108337618	
735 SILVER LEAF STREET	66048	-94.92057468254286	39.28480845335321	
735 SILVER LEAF STREET	66048	-94.92046796951931	39.28486286336854	
735 SILVER LEAF STREET	66048	-94.92062428456175	39.2848669963603	
744 SILVER LEAF STREET	66048	-94.92145181573456	39.28433828622362	
744 SILVER LEAF STREET	66048	-94.92134785671239	39.284399925239995	
744 SILVER LEAF STREET	66048	-94.92142692073521	39.28441632323821	
744 SILVER LEAF STREET	66048	-94.92136157671293	39.284366901233646	
744 SILVER LEAF STREET	66048	-94.92144074473559	39.284380917231445	
744 SILVER LEAF STREET	66048	-94.92133678571342	39.28444255624783	
744 SILVER LEAF STREET	66048	-94.92141584973623	39.284458953246094	
731 SILVER LEAF STREET	66048	-94.92033050549819	39.285030925404776	
731 SILVER LEAF STREET	66048	-94.92039987650618	39.284918295381786	
731 SILVER LEAF STREET	66048	-94.92029316348263	39.28497270639705	
731 SILVER LEAF STREET	66048	-94.92044947852507	39.28497683838882	
731 SILVER LEAF STREET	66048	-94.92026468048347	39.28506257041387	
731 SILVER LEAF STREET	66048	-94.92033405149147	39.28494994039088	
731 SILVER LEAF STREET	66048	-94.92022733746788	39.28500435140618	
731 SILVER LEAF STREET	66048	-94.92038365351037	39.285008484397956	
740 SILVER LEAF STREET	66048	-94.92132847872116	39.28454821626614	
740 SILVER LEAF STREET	66048	-94.9214076477438	39.284562232263994	
740 SILVER LEAF STREET	66048	-94.92130368872165	39.284623870280335	
740 SILVER LEAF STREET	66048	-94.92138275274452	39.2846402682786	
740 SILVER LEAF STREET	66048	-94.92131740872225	39.284590846273964	
740 SILVER LEAF STREET	66048	-94.92139657774489	39.284604862271834	
740 SILVER LEAF STREET	66048	-94.92129261772273	39.284666501288214	
740 SILVER LEAF STREET	66048	-94.92137168274554	39.28468289928643	
728 SILVER LEAF STREET	66048	-94.92106308372728	39.28536772841983	
728 SILVER LEAF STREET	66048	-94.9211422537499	39.28538174441768	
728 SILVER LEAF STREET	66048	-94.92103829272777	39.28544338243402	
728 SILVER LEAF STREET	66048	-94.92111735775063	39.285459780432284	
728 SILVER LEAF STREET	66048	-94.92105201272837	39.28541035842765	
728 SILVER LEAF STREET	66048	-94.921131182751	39.28542437442552	
728 SILVER LEAF STREET	66048	-94.9210272217288	39.28548601344184	
728 SILVER LEAF STREET	66048	-94.92110628675167	39.28550241144011	
724 SILVER LEAF STREET	66048	-94.9210189147366	39.28559167346021	
724 SILVER LEAF STREET	66048	-94.92109808475924	39.28560568945802	
724 SILVER LEAF STREET	66048	-94.92099412273704	39.28566732747441	
724 SILVER LEAF STREET	66048	-94.92107318875989	39.285683725472666	
724 SILVER LEAF STREET	66048	-94.92100784373763	39.285634303468036	
724 SILVER LEAF STREET	66048	-94.92108701376026	39.28564831946584	
724 SILVER LEAF STREET	66048	-94.92098305173813	39.285709958482215	
724 SILVER LEAF STREET	66048	-94.92106211776098	39.285726356480495	
736 SILVER LEAF STREET	66048	-94.92120113471809	39.2848777503291	
736 SILVER LEAF STREET	66048	-94.92128030374073	39.284891766326965	
736 SILVER LEAF STREET	66048	-94.92117634371859	39.2849534043433	
736 SILVER LEAF STREET	66048	-94.9212554087414	39.284969802341564	
736 SILVER LEAF STREET	66048	-94.92119006371912	39.284920380336935	
736 SILVER LEAF STREET	66048	-94.92126923274178	39.2849343963348	
736 SILVER LEAF STREET	66048	-94.92116527271963	39.28499603535118	
736 SILVER LEAF STREET	66048	-94.9212443377425	39.285012432349404	
732 SILVER LEAF STREET	66048	-94.92115696572736	39.285101695369484	
732 SILVER LEAF STREET	66048	-94.92123613475	39.28511571136736	
732 SILVER LEAF STREET	66048	-94.92113217472786	39.28517734938369	
732 SILVER LEAF STREET	66048	-94.92121123975072	39.285193747381975	
732 SILVER LEAF STREET	66048	-94.92114589472845	39.28514432637732	
732 SILVER LEAF STREET	66048	-94.92122506475108	39.28515834137518	
732 SILVER LEAF STREET	66048	-94.92112110372896	39.285219980391524	
732 SILVER LEAF STREET	66048	-94.92120016875175	39.285236378389776	
727 SILVER LEAF STREET	66048	-94.9202621635193	39.285448351479246	
723 SILVER LEAF STREET	66048	-94.92044021758576	39.2856446315022	
727 SILVER LEAF STREET	66048	-94.92026413351024	39.28534729246203	
723 SILVER LEAF STREET	66048	-94.92044218657678	39.28554357348502	
727 SILVER LEAF STREET	66048	-94.92020149749614	39.285376160470506	
723 SILVER LEAF STREET	66048	-94.92037955056264	39.28557244149349	
727 SILVER LEAF STREET	66048	-94.92030194752358	39.285380724465526	
723 SILVER LEAF STREET	66048	-94.9204800005901	39.28557700548853	
727 SILVER LEAF STREET	66048	-94.92023195550749	39.285409398474386	
723 SILVER LEAF STREET	66048	-94.92041000857395	39.28560567849732	
727 SILVER LEAF STREET	66048	-94.92023392449843	39.28530833945716	
723 SILVER LEAF STREET	66048	-94.92041197756497	39.28550462048016	
727 SILVER LEAF STREET	66048	-94.9201712894843	39.28533720746563	
723 SILVER LEAF STREET	66048	-94.92034934255082	39.28553348848864	
719 SILVER LEAF STREET	66048	-94.92020055554512	39.28589646355845	
719 SILVER LEAF STREET	66048	-94.92026992755312	39.28578383353546	
719 SILVER LEAF STREET	66048	-94.92016321252953	39.28583824455077	
719 SILVER LEAF STREET	66048	-94.92031953057199	39.28584237754255	
719 SILVER LEAF STREET	66048	-94.92013472953036	39.2859281085676	
719 SILVER LEAF STREET	66048	-94.92020410153836	39.285815479544596	
719 SILVER LEAF STREET	66048	-94.92009738651484	39.28586988955985	
719 SILVER LEAF STREET	66048	-94.92025370355731	39.285874022551624	
715 SILVER LEAF STREET	66048	-94.91995991949373	39.28603795059612	
715 SILVER LEAF STREET	66048	-94.92002929250171	39.28592532157313	
715 SILVER LEAF STREET	66048	-94.91992257747812	39.28597973158844	
715 SILVER LEAF STREET	66048	-94.92007889552065	39.2859838645802	
715 SILVER LEAF STREET	66048	-94.91989409347897	39.28606959560521	
715 SILVER LEAF STREET	66048	-94.91996346548699	39.285956966582205	
715 SILVER LEAF STREET	66048	-94.91985675046342	39.28601137659753	
715 SILVER LEAF STREET	66048	-94.9200130685059	39.2860155095893	
720 SILVER LEAF STREET	66048	-94.92097021075608	39.285936081521186	
720 SILVER LEAF STREET	66048	-94.92089392974653	39.286052345545166	
720 SILVER LEAF STREET	66048	-94.92084244472723	39.2859947055384	
720 SILVER LEAF STREET	66048	-94.92097013576418	39.28602192753568	
720 SILVER LEAF STREET	66048	-94.92091865074484	39.28596428852891	
720 SILVER LEAF STREET	66048	-94.92084236973535	39.286080551552914	
720 SILVER LEAF STREET	66048	-94.920790884716	39.286022912546066	
733 GREENS RIDGE STREET	66048	-94.92106899759975	39.284002877188826	
729 GREENS RIDGE STREET	66048	-94.92077692952894	39.28408577421955	
737 GREENS RIDGE STREET	66048	-94.92126102763432	39.28382194914724	
733 GREENS RIDGE STREET	66048	-94.92102204358245	39.283953942183224	
729 GREENS RIDGE STREET	66048	-94.92071727552243	39.28418673723997	
737 GREENS RIDGE STREET	66048	-94.92120137462783	39.28392291316773	
733 GREENS RIDGE STREET	66048	-94.92096239057595	39.284054906203714	
729 GREENS RIDGE STREET	66048	-94.92067032250515	39.2841378022344	
737 GREENS RIDGE STREET	66048	-94.92115442061052	39.283873978162156	
733 GREENS RIDGE STREET	66048	-94.92091543655866	39.28400597119813	
729 GREENS RIDGE STREET	66048	-94.92076735853377	39.28416421523332	
737 GREENS RIDGE STREET	66048	-94.92125145663915	39.28390039016107	
733 GREENS RIDGE STREET	66048	-94.92101247258728	39.28403238319708	
729 GREENS RIDGE STREET	66048	-94.92072040451653	39.28411528022775	
737 GREENS RIDGE STREET	66048	-94.92120450262185	39.2838514551555	
733 GREENS RIDGE STREET	66048	-94.92096551857003	39.28398344819144	
729 GREENS RIDGE STREET	66048	-94.92066075151003	39.28421624424823	
737 GREENS RIDGE STREET	66048	-94.92114484961536	39.28395241917599	
733 GREENS RIDGE STREET	66048	-94.92090586556353	39.28408441221191	
729 GREENS RIDGE STREET	66048	-94.92061379749272	39.28416730924264	
737 GREENS RIDGE STREET	66048	-94.92109789559811	39.2839034851704	
733 GREENS RIDGE STREET	66048	-94.92085891154623	39.28403547720633	
3515 SOUTH 4TH STREET	66048	-94.90110545710633	39.282755048118545	
3514 WILSON AVENUE	66048	-94.89998283682974	39.28302703722864	
3512 WILSON AVENUE	66048	-94.90001214984323	39.28308600423696	
3514 WILSON AVENUE	66048	-94.90001472183837	39.28302764722695	
3518 WILSON AVENUE	66048	-94.8999747808072	39.28281174719274	
3516 WILSON AVENUE	66048	-94.90003197482828	39.28287169419962	
3518 WILSON AVENUE	66048	-94.90003148182262	39.28281325618976	
3522 WILSON AVENUE	66048	-94.8999780257843	39.28256050515007	
3520 WILSON AVENUE	66048	-94.90002893180403	39.28262386215787	
3522 WILSON AVENUE	66048	-94.90003472579974	39.28256201414705	
3508 WILSON AVENUE	66048	-94.89998028585147	39.28326374526884	
3508 WILSON AVENUE	66048	-94.90006628088099	39.28333161327538	
3508 WILSON AVENUE	66048	-94.90006938787847	39.28329592526916	
3508 WILSON AVENUE	66048	-94.90017820291135	39.283333399269274	
3508 WILSON AVENUE	66048	-94.9001813099088	39.283297711263096	
3508 WILSON AVENUE	66048	-94.90029007194171	39.28333637726338	
3508 WILSON AVENUE	66048	-94.90029317893922	39.2833006892572	
3414 HUGHES ROAD	66048	-94.91013362472434	39.28473110893676	
3414 HUGHES ROAD	66048	-94.9098359496393	39.2846796839451	
3414 HUGHES ROAD	66048	-94.90987444664458	39.284625942933836	
3414 HUGHES ROAD	66048	-94.90989607765833	39.284709360946664	
3414 HUGHES ROAD	66048	-94.90993457466361	39.28465562093538	
3414 HUGHES ROAD	66048	-94.90997419268236	39.28474092094757	
3414 HUGHES ROAD	66048	-94.91001268968765	39.28468718093629	
3414 HUGHES ROAD	66048	-94.909639216582	39.284633743948575	
3414 HUGHES ROAD	66048	-94.90967771358726	39.2845800029373	
3414 HUGHES ROAD	66048	-94.90942142551376	39.2845324829439	
3414 HUGHES ROAD	66048	-94.90945992251902	39.28447874293262	
3414 HUGHES ROAD	66048	-94.90948155353277	39.28456216094551	
3414 HUGHES ROAD	66048	-94.90952004953806	39.284508419934184	
3414 HUGHES ROAD	66048	-94.90955966755676	39.28459372094636	
3414 HUGHES ROAD	66048	-94.90959816456208	39.28453998093507	
3414 HUGHES ROAD	66048	-94.91010648572254	39.28478938994817	
3414 HUGHES ROAD	66048	-94.91014498172783	39.284735648936895	
3414 HUGHES ROAD	66048	-94.90984730764278	39.28468422394525	
3414 HUGHES ROAD	66048	-94.90988580464804	39.28463048293396	
3414 HUGHES ROAD	66048	-94.90990743566182	39.284713900946805	
3414 HUGHES ROAD	66048	-94.90994593266709	39.284660160935516	
3414 HUGHES ROAD	66048	-94.90998555068585	39.284745460947704	
3414 HUGHES ROAD	66048	-94.91002404669113	39.284691720936415	
3414 HUGHES ROAD	66048	-94.90965057458547	39.2846382839487	
3414 HUGHES ROAD	66048	-94.90968907159073	39.28458454293743	
3414 HUGHES ROAD	66048	-94.90943278251724	39.28453702294403	
3414 HUGHES ROAD	66048	-94.90947127952252	39.284483282932754	
3414 HUGHES ROAD	66048	-94.90949291053627	39.284566700945604	
3414 HUGHES ROAD	66048	-94.90953140754155	39.28451296093431	
3414 HUGHES ROAD	66048	-94.90957102456026	39.284598260946495	
3414 HUGHES ROAD	66048	-94.90960952156559	39.2845445209352	
3414 HUGHES ROAD	66048	-94.91012050172694	39.28479576294847	
3414 HUGHES ROAD	66048	-94.91015899873221	39.28474202193719	
3414 HUGHES ROAD	66048	-94.90986132464718	39.284690595945484	
3414 HUGHES ROAD	66048	-94.90989982065246	39.2846368559342	
3414 HUGHES ROAD	66048	-94.9099214526662	39.28472027394711	
3414 HUGHES ROAD	66048	-94.90995994867149	39.28466653393583	
3414 HUGHES ROAD	66048	-94.90999956669019	39.28475183394796	
3414 HUGHES ROAD	66048	-94.91003806369547	39.284698092936665	
3414 HUGHES ROAD	66048	-94.90966459058987	39.28464465594895	
3414 HUGHES ROAD	66048	-94.90970308759515	39.28459091593768	
3414 HUGHES ROAD	66048	-94.90944679952163	39.28454339594428	
3414 HUGHES ROAD	66048	-94.9094852965269	39.284489654933004	
3414 HUGHES ROAD	66048	-94.90950692754066	39.284573073945886	
3414 HUGHES ROAD	66048	-94.9095454235459	39.28451933293462	
3414 HUGHES ROAD	66048	-94.90958504156464	39.284604633946735	
3414 HUGHES ROAD	66048	-94.90962353856992	39.28455089293546	
3524 WILSON AVENUE	66048	-94.89997679176274	39.28233609511215	
3526 WILSON AVENUE	66048	-94.89998427375858	39.282270715100715	
3528 WILSON AVENUE	66048	-94.89998411774395	39.28211654807466	
3530 WILSON AVENUE	66048	-94.89998752873757	39.28203913706137	
200 ASH STREET	66048	-94.90190429448404	39.28447430436353	
3550 SOUTH 4TH STREET	66048	-94.90326220765687	39.2824348819412	
4501 COMMERCIAL PLACE	66048	-94.89778721138477	39.273997340827336	
4200 SOUTH 4TH STREET	66048	-94.90660700202412	39.27679459179664	
3400 SOUTH 4TH STREET	66048	-94.9057286855693	39.28505967424401	
3400 SOUTH 4TH STREET	66048	-94.90513210341601	39.28513754329124	
3426 SOUTH 4TH STREET	66048	-94.90472447224123	39.28444993719832	
3400 SOUTH 4TH STREET	66048	-94.90723555609021	39.28627653536357	
51 ST MARYS STREET	66048	-94.89974366360302	39.2813108949522	
51 ST MARYS STREET	66048	-94.89974586859891	39.28126087494361	
51 ST MARYS STREET	66048	-94.89975103259577	39.281213317935276	
51 ST MARYS STREET	66048	-94.89974425158879	39.28115828992633	
51 ST MARYS STREET	66048	-94.8997406215758	39.2810318049052	
51 ST MARYS STREET	66048	-94.89974282557165	39.280981784896625	
51 ST MARYS STREET	66048	-94.89974798956857	39.28093422888825	
51 ST MARYS STREET	66048	-94.89974120956157	39.28087919987933	
4103 SOUTH 4TH STREET	66048	-94.89853256785656	39.27686532826973	
465 MUNCIE ROAD	66048	-94.90528205839728	39.27393762638928	
518 MCDONALD ROAD	66048	-94.91106788372721	39.28210226343909	
3201 SHRINE PARK ROAD	66048	-94.91802274584151	39.28465706247349	
3322 IOWA STREET	66048	-94.91263569937128	39.28444818074598	
4160 HUGHES ROAD	66048	-94.90953140683403	39.27703268166983	
4500 EDGEHILL STREET	66048	-94.92038737444774	39.273763974497164	
3209 SOUTH 4TH STREET	66048	-94.90339007600171	39.285716659488706	
3551 HUGHES ROAD	66048	-94.90828350499784	39.2823174306345	
3709 IOWA STREET	66048	-94.9111444476403	39.28096570224259	
535 CEDAR COURT	66048	-94.91245456209647	39.28205907635253	
700 SILVER LEAF STREET	66048	-94.9186948331814	39.28633691571895	
550 MUNCIE ROAD	66048	-94.91247256639375	39.2745771440867	
543 CEDAR COURT	66048	-94.91305137225652	39.28205198331723	
3550 WILSON AVENUE	66048	-94.89995885370247	39.281749826014085	
53 ST MARYS STREET	66048	-94.89991952364943	39.281300813940426	
3428 WILSON AVENUE	66048	-94.89993964487252	39.28360257432843	
3901 LAKEVIEW DRIVE	66048	-94.91337208809975	39.27948185586445	
3125 SOUTH 4TH STREET	66048	-94.90388812814476	39.285810907476176	
710 SILVER LEAF STREET	66048	-94.92112064681888	39.28617152655236	
4231 LAKEVIEW DRIVE	66048	-94.91225169249346	39.27626022038386	
751 MUNCIE ROAD	66048	-94.92231408397414	39.27384556740092	
3701 SOUTH 4TH STREET	66048	-94.90094015583308	39.28033640571913	
539 CEDAR COURT	66048	-94.91276734918046	39.2820563793342	
531 CEDAR COURT	66048	-94.91212528600842	39.28206551437246	
551 MUNCIE ROAD	66048	-94.91263657235555	39.27370631293013	
3719 ROSE STREET	66048	-94.90990331526977	39.2805814532485	
4201 VALLEY VIEW ROAD	66048	-94.91593745450417	39.276454881206256	
3639 HUGHES ROAD	66048	-94.90832064994768	39.28168170652491	
4400 HUGHES ROAD	66048	-94.90943664559619	39.27478697629556	
743 DEERFIELD STREET	66048	-94.92163462122826	39.278466765220855	
711 SILVER LEAF STREET	66048	-94.91954390737352	39.285951479605316	
3801 SOUTH 4TH STREET	66048	-94.89947637838513	39.2797680017066	
3080 WILSON AVENUE	66048	-94.90036658516304	39.28545830361775	
3420 WILSON AVENUE	66048	-94.8999401489144	39.28404375440299	
701 MUNCIE ROAD	66048	-94.91912363010952	39.27378529657298	
3123 SOUTH 4TH STREET	66048	-94.90353019607737	39.2861177195485	
3705 SOUTH 4TH STREET	66048	-94.90006228258366	39.28019854574591	
619 MCDONALD ROAD	66048	-94.91447145056459	39.28126703810346	
617 MCDONALD ROAD	66048	-94.91444656255798	39.28126781010496	
3300 SHRINE PARK ROAD	66048	-94.91896426609145	39.2846199264134	
4360 HUGHES ROAD	66048	-94.9106859179776	39.27526367230483	
664 DONIPHAN STREET	66048	-94.91716536276779	39.29688109258811	
652 DONIPHAN STREET	66048	-94.91668756363954	39.29688543161614	
650 DONIPHAN STREET	66048	-94.91662122362179	39.29688653762014	
2310 2ND AVENUE	66048	-94.91395432060025	39.293681810231085	
2317 3RD AVENUE	66048	-94.9148577848206	39.29343998713856	
1926 CLEVELAND TERRACE	66048	-94.9197316314863	39.2971713744904	
1801 5TH AVENUE	66048	-94.91735963706053	39.299419075005765	
2720 2ND AVENUE	66048	-94.91442179638183	39.29004502258981	
721 GARFIELD STREET	66048	-94.919912671468	39.29646385436052	
2970 GODDARD CIRCLE	66048	-94.91960519559294	39.28809584796415	
524 THORNTON STREET	66048	-94.91276189951076	39.29612819371263	
755 THORNTON STREET	66048	-94.92116404172538	39.295623397147004	
2926 VIRGINIA CIRCLE	66048	-94.92060206876197	39.2870455387297	
619 MARION STREET	66048	-94.91748848865323	39.29475235720997	
1925 MONTEZUMA AVENUE	66048	-94.92205380812906	39.29735635338884	
2720 OLDE CREEK COURT	66048	-94.92034056595516	39.28983041321523	
2978 GODDARD CIRCLE	66048	-94.92017517674606	39.288091997930934	
3006 SHRINE PARK ROAD	66048	-94.91872099628645	39.287372584892466	
737 THORNTON STREET	66048	-94.92032800450261	39.29564811319896	
600 THORNTON STREET	66048	-94.91550094925338	39.29618161156506	
2914 VIRGINIA CIRCLE	66048	-94.9206543228355	39.28767379683287	
2020 SOUTH 5TH STREET	66048	-94.91155391218547	39.296127920781636	
1929 2ND AVENUE	66048	-94.91351491484477	39.29751373190371	
1922 WEST 7TH STREET	66048	-94.91860139620607	39.29742593059804	
2721 OLDE CREEK COURT	66048	-94.91967659975626	39.289617532217214	
2925 VIRGINIA CIRCLE	66048	-94.92001788260235	39.287021267759	
2108 SOUTH 5TH STREET	66048	-94.91154124509819	39.29524196363268	
2008 SOUTH BROADWAY STREET	66048	-94.9214483428479	39.2961092732128	
543 VILAS STREET	66048	-94.91335346911377	39.290251932685855	
613 EVERGREEN STREET	66048	-94.91584441612824	39.293883392157085	
712 SANTA FE STREET	66048	-94.91917361588622	39.29242136271975	
506 SHERIDAN STREET	66048	-94.91243726998712	39.29152036195258	
529 SANTA FE STREET	66048	-94.91312264722445	39.29207766900758	
425 THORNTON STREET	66048	-94.91044340485458	39.295791158788255	
2223 2ND AVENUE	66048	-94.91343699853324	39.29444531538968	
1826 3RD AVENUE	66048	-94.91528033241617	39.29852761697405	
2318 3RD AVENUE	66048	-94.91536308395227	39.29339371010189	
2508 4TH AVENUE	66048	-94.91696995523549	39.29181480374322	
2414 4TH AVENUE	66048	-94.91697302631617	39.29265848288562	
1901 SOUTH 5TH STREET	66048	-94.91088775827201	39.29893603429421	
2101 SOUTH 5TH STREET	66048	-94.91095468199816	39.29585374676959	
1913 SOUTH 5TH STREET	66048	-94.91098241621405	39.298054534139865	
1922 5TH AVENUE	66048	-94.9178846790192	39.29749022364986	
2030 5TH AVENUE	66048	-94.91796689494637	39.29648759847576	
1920 SOUTH BROADWAY STREET	66048	-94.92123642692437	39.29751856946302	
2848 BROADWAY TERRACE	66048	-94.92189785127812	39.28881293295429	
512 BUTTINGER PLACE	66048	-94.91203419340087	39.297036582907744	
1828 CLEVELAND TERRACE	66048	-94.91970271566072	39.299095309817055	
666 EVERGREEN STREET	66048	-94.9175173706147	39.29426367612572	
2929 GODDARD CIRCLE	66048	-94.91969788951714	39.28703067977887	
3024 IOWA STREET	66048	-94.91223449851624	39.28712170622081	
755 LIMIT STREET	66048	-94.92234364634507	39.28825217983407	
632 LIMIT STREET	66048	-94.91694778494708	39.28883141624039	
2514 MAPLE AVENUE	66048	-94.91870920066144	39.29136801056831	
2304 MAPLE AVENUE	66048	-94.91884292392493	39.29377028596661	
416 MARION STREET	66048	-94.91046624481136	39.295269952698845	
2029 MONTEZUMA AVENUE	66048	-94.9221701940353	39.29603551615906	
1909 MONTEZUMA AVENUE	66048	-94.92210558019384	39.297893100476585	
2601 OLDE CREEK COURT	66048	-94.91967521692723	39.29142813652326	
521 REASER STREET	66048	-94.91259347872871	39.298907944191946	
429 REES STREET	66048	-94.91057126110557	39.29807816816737	
1920 ROSE STREET	66048	-94.91036234400346	39.297593902097475	
665 SANTA FE STREET	66048	-94.91748922438639	39.29193182473331	
664 SHERIDAN COURT	66048	-94.91755739833229	39.29116682160018	
2924 SHRINE PARK ROAD	66048	-94.91874426032606	39.28772508995072	
528 THORNTON STREET	66048	-94.91307093260318	39.296225137711346	
740 THORNTON STREET	66048	-94.92008137047605	39.296069105284175	
610 SHERMAN STREET	66048	-94.91584519907934	39.29336447006939	
1918 3RD AVENUE	66048	-94.91523846233865	39.297828208858256	
2416 4TH AVENUE	66048	-94.91697417931059	39.29259647487509	
2922 VIRGINIA CIRCLE	66048	-94.9205828497762	39.28725098576549	
407 EVERGREEN STREET	66048	-94.91049932265224	39.293495312397056	
501 VILAS STREET	66048	-94.91182481570709	39.2903045677821	
510 1/2 VILAS STREET	66048	-94.91276700901565	39.290883735826135	
1915 2ND AVENUE	66048	-94.9134131698727	39.29809769500819	
1936 2ND AVENUE	66048	-94.91400552495527	39.297285713837105	
2508 2ND AVENUE	66048	-94.91398176343652	39.29187480792421	
2514 3RD AVENUE	66048	-94.9154497158145	39.291691841809374	
2500 3RD AVENUE	66048	-94.91544254585042	39.2920914898773	
2005 4TH AVENUE	66048	-94.91609333943416	39.29640610356915	
1811 4TH AVENUE	66048	-94.91604755265732	39.29889241299185	
2519 4TH AVENUE	66048	-94.91636400404653	39.29154234373186	
2323 4TH AVENUE	66048	-94.91636354521293	39.293301592029145	
2022 5TH AVENUE	66048	-94.91792807296656	39.2968114025327	
1808 5TH AVENUE	66048	-94.91790441117128	39.29903983191054	
2624 BROADWAY TERRACE	66048	-94.92187019449086	39.2911387523489	
514 BUTTINGER PLACE	66048	-94.91225723746058	39.297033004894374	
1831 CLEVELAND TERRACE	66048	-94.9189604074502	39.29898287284053	
1912 CLEVELAND TERRACE	66048	-94.91972530854329	39.297791634595555	
733 LIMIT STREET	66048	-94.92156390114475	39.28835415989586	
2713 MAPLE AVENUE	66048	-94.9180416503093	39.28954625429862	
2219 MAPLE AVENUE	66048	-94.9181297967745	39.29420928008151	
2409 MAPLE AVENUE	66048	-94.91812135462277	39.29263113381536	
2404 MAPLE AVENUE	66048	-94.91875427682014	39.29291560282726	
624 MARION STREET	66048	-94.91766010773422	39.29511955926215	
2005 MONTEZUMA AVENUE	66048	-94.92215148912304	39.29701518332566	
2715 OLDE CREEK COURT	66048	-94.9197546748136	39.290001556277666	
2716 OLDE CREEK COURT	66048	-94.92039836999227	39.29005815725042	
2509 OLDE CREEK COURT	66048	-94.91981575298044	39.291590479542656	
518 REASER STREET	66048	-94.9121832736545	39.299291248280184	
732 SANTA FE STREET	66048	-94.92047427523775	39.29243508164769	
611 SHERMAN STREET	66048	-94.91587636405065	39.292972890001465	
3020 SHRINE PARK ROAD	66048	-94.91872489123645	39.286832969801075	
575 SOUTH STREET	66048	-94.91478505935652	39.29930589813385	
422 THORNTON STREET	66048	-94.91036355586985	39.29617988185845	
520 THORNTON STREET	66048	-94.91258503946553	39.296152818726874	
721 THORNTON STREET	66048	-94.91932964920731	39.29536878320882	
720 THORNTON STREET	66048	-94.9190824262057	39.29605433533879	
2906 VIRGINIA CIRCLE	66048	-94.92065866186792	39.28800407388842	
527 LIMIT STREET	66048	-94.91271134376375	39.288380456406266	
663 SHERIDAN COURT	66048	-94.91758766430146	39.29075503652882	
664 EVERGREEN STREET	66048	-94.91738145657824	39.294264945133705	
618 OLSEN LANE	66048	-94.91734986218256	39.290175389444464	
700 GARFIELD STREET	66048	-94.9185662761377	39.296803824494916	
573 SOUTH STREET	66048	-94.91472047433906	39.29930537213746	
2611 2ND AVENUE	66048	-94.91347800821897	39.29100881980662	
2619 2ND AVENUE	66048	-94.91341815517606	39.29072620676232	
405 EVERGREEN STREET	66048	-94.91019738157115	39.29349778141478	
545 VILAS STREET	66048	-94.91341496913026	39.29025107768221	
509 VILAS STREET	66048	-94.91223565381148	39.29023795474736	
1901 2ND AVENUE	66048	-94.91345940796487	39.29893954914776	
1822 3RD AVENUE	66048	-94.91527762543214	39.29870402600401	
2312 3RD AVENUE	66048	-94.91536073496772	39.2935635141307	
1939 4TH AVENUE	66048	-94.9159913234489	39.296851634650224	
2513 4TH AVENUE	66048	-94.91638682307014	39.29172702676176	
2403 4TH AVENUE	66048	-94.91635710117953	39.29296669597289	
518 BUTTINGER PLACE	66048	-94.91250962252887	39.297036372880534	
1905 CLEVELAND TERRACE	66048	-94.91923053143437	39.298047845667156	
574 DONIPHAN STREET	66048	-94.91465815913948	39.2973749738149	
650 EVERGREEN STREET	66048	-94.91663783437599	39.29424362117262	
715 GARFIELD STREET	66048	-94.91945304334438	39.29646518938701	
2974 GODDARD CIRCLE	66048	-94.91992210767694	39.28808148194364	
3014 IOWA STREET	66048	-94.91223023556473	39.2876463593097	
2111 MAPLE AVENUE	66048	-94.91802197083076	39.29511038423992	
2308 MAPLE AVENUE	66048	-94.91876237286998	39.29341899891186	
411 MARION STREET	66048	-94.91035373974816	39.29492234764654	
2021 MONTEZUMA AVENUE	66048	-94.92216307906337	39.29635238221299	
2609 OLDE CREEK COURT	66048	-94.91930930178846	39.29100265747229	
523 REASER STREET	66048	-94.91289488580742	39.298882202170354	
721 REES STREET	66048	-94.9197484305884	39.29820182866351	
1922 ROSE STREET	66048	-94.91043208699877	39.297346308051644	
564 SANTA FE STREET	66048	-94.91444338861648	39.29246237199711	
615 SANTA FE STREET	66048	-94.91597343498893	39.292044691839074	
662 SHERIDAN COURT	66048	-94.91749684831574	39.291164004603175	
549 SHERMAN STREET	66048	-94.91487211178024	39.29297252105878	
759 THORNTON STREET	66048	-94.92136568277954	39.295622196135234	
610 THORNTON STREET	66048	-94.91600962038757	39.29615183253096	
2918 VIRGINIA CIRCLE	66048	-94.92060036980178	39.287471047801716	
2405 2ND AVENUE	66048	-94.91339748937871	39.292925923135215	
2621 4TH AVENUE	66048	-94.91631516093474	39.29050047855855	
2601 4TH AVENUE	66048	-94.91644246302806	39.29112395365663	
1804 5TH AVENUE	66048	-94.91786632018643	39.299308475958135	
2707 BROADWAY TERRACE	66048	-94.92136331526876	39.29023423322502	
2504 BROADWAY TERRACE	66048	-94.92186220954362	39.29171906444736	
1909 CLEVELAND TERRACE	66048	-94.91923742941509	39.29782487862908	
2941 GODDARD CIRCLE	66048	-94.91971528757975	39.287643279881415	
741 THORNTON STREET	66048	-94.92073749160834	39.29560077216751	
538 UTAH STREET	66048	-94.9110506511652	39.28678052823075	
2917 VIRGINIA CIRCLE	66048	-94.9200826006544	39.287386711817064	
760 SANTA FE STREET	66048	-94.92183093960259	39.292430991569496	
3009 IOWA STREET	66048	-94.91109104726489	39.287719376387166	
1900 WEST 7TH STREET	66048	-94.91856840827111	39.298206223731746	
508 SANTA FE STREET	66048	-94.91199298396145	39.29251304514571	
2222 ROSE STREET	66048	-94.91043738069307	39.29410251150321	
1921 SOUTH 5TH STREET	66048	-94.91098957316935	39.29756240805632	
2105 SOUTH 5TH STREET	66048	-94.91090518796592	39.29565384173865	
1912 SOUTH BROADWAY STREET	66048	-94.92122738895074	39.29782299951495	
2001 SOUTH BROADWAY STREET	66048	-94.92071421668807	39.296508652322245	
2309 4TH AVENUE	66048	-94.91635976124967	39.29370031409674	
525 VILAS STREET	66048	-94.91291325499328	39.290231683707624	
2534 2ND AVENUE	66048	-94.91415171846026	39.291641462875035	
2033 5TH AVENUE	66048	-94.91738773976911	39.296262693470894	
543 BUTTINGER PLACE	66048	-94.91358682978428	39.29667069875714	
1910 2ND AVENUE	66048	-94.91402654808272	39.298571686053194	
2304 2ND AVENUE	66048	-94.91395241562167	39.293913753270395	
2438 3RD AVENUE	66048	-94.91538514590523	39.29283377100598	
513 SANTA FE STREET	66048	-94.91230966600598	39.29208249105487	
1801 2ND AVENUE	66048	-94.91343892000687	39.299441610233785	
537 SHERIDAN STREET	66048	-94.91280801305689	39.29120258787769	
418 MARION STREET	66048	-94.91059408784564	39.29526863769136	
2507 MAPLE AVENUE	66048	-94.9179713865061	39.29182531668776	
2205 MAPLE AVENUE	66048	-94.91810715279968	39.29453968313866	
2702 OLDE CREEK COURT	66048	-94.92004911796099	39.29072079938237	
522 REASER STREET	66048	-94.91242449372085	39.299305676268816	
506 SANTA FE STREET	66048	-94.91190115693688	39.292514651151244	
619 SOUTH STREET	66048	-94.91581472764156	39.29938790608881	
513 THORNTON STREET	66048	-94.91241364838321	39.29577125567224	
3019 SHRINE PARK ROAD	66048	-94.91813199611421	39.28722822990176	
525 SPENCER PLACE	66048	-94.91074475014146	39.28740051235304	
2613 4TH AVENUE	66048	-94.91632047895644	39.290714650594474	
655 SHERIDAN COURT	66048	-94.917254443205	39.29068367253587	
605 MARION STREET	66048	-94.91673436045046	39.294755848253644	
527 VILAS STREET	66048	-94.91297475500978	39.290230829703944	
2113 2ND AVENUE	66048	-94.91341016259801	39.29520600551975	
1818 3RD AVENUE	66048	-94.91523363943949	39.29890640804071	
709 GARFIELD STREET	66048	-94.91903841323253	39.296462559410294	
2002 4TH AVENUE	66048	-94.9166433036013	39.29660732657168	
2302 3RD AVENUE	66048	-94.91537629300339	39.29389567518598	
520 BUTTINGER PLACE	66048	-94.91261338855713	39.29703977887514	
1914 5TH AVENUE	66048	-94.9178799450479	39.29780698470367	
571 DONIPHAN STREET	66048	-94.91454413107192	39.296985749755656	
1925 2ND AVENUE	66048	-94.91355295787099	39.297682724930084	
2020 2ND AVENUE	66048	-94.9140464248553	39.29611388363681	
1810 4TH AVENUE	66048	-94.91656813780546	39.29897640297622	
2509 4TH AVENUE	66048	-94.91638544907894	39.291823453778086	
2415 4TH AVENUE	66048	-94.91636095114907	39.292634146916484	
2101 MAPLE AVENUE	66048	-94.9181296219145	39.295688549331494	
1912 MONTEZUMA AVENUE	66048	-94.92259640631201	39.2977456524236	
3027 IOWA STREET	66048	-94.91169007936486	39.28707089124332	
2307 MAPLE AVENUE	66048	-94.9180057066811	39.293576280981654	
2504 OLDE CREEK COURT	66048	-94.92046206914934	39.29153601849651	
712 REES STREET	66048	-94.91856689730734	39.29859299979715	
718 LIMIT STREET	66048	-94.9203851948722	39.28882698904313	
551 SANTA FE STREET	66048	-94.91402837846687	39.29206229895319	
2921 VIRGINIA CIRCLE	66048	-94.92007950763599	39.28720146278591	
608 SANTA FE STREET	66048	-94.91562268793304	39.292451964927885	
1916 ROSE STREET	66048	-94.91027142999882	39.2978034471381	
512 THORNTON STREET	66048	-94.91235012840261	39.296156576741	
543 SHERMAN STREET	66048	-94.91442187065978	39.292980805085904	
656 SHERIDAN COURT	66048	-94.91718776622899	39.29112688961457	
580 THORNTON STREET	66048	-94.9145456039935	39.29615342561491	
2824 BROADWAY TERRACE	66048	-94.92191518435945	39.28962274109012	
716 SANTA FE STREET	66048	-94.91943217495796	39.29244360970874	
2520 4TH AVENUE	66048	-94.91697011920502	39.2914927126888	
591 EVERGREEN STREET	66048	-94.91479950184882	39.29390355322023	
2302 4TH AVENUE	66048	-94.91697152342964	39.293861395088975	
1926 5TH AVENUE	66048	-94.91788658200572	39.297342554624805	
3017 IOWA STREET	66048	-94.9113580693028	39.2873602633112	
534 UTAH STREET	66048	-94.91078151209294	39.286782910246586	
1921 CLEVELAND TERRACE	66048	-94.91926992938069	39.297368886550174	
2934 VIRGINIA CIRCLE	66048	-94.92006473457589	39.28660824168655	
2902 VIRGINIA CIRCLE	66048	-94.92066175989873	39.288321081941845	
2000 WEST 7TH STREET	66048	-94.91857347110381	39.29642539243056	
1900 SOUTH 5TH STREET	66048	-94.91149456044079	39.298992672269065	
1822 SOUTH 5TH STREET	66048	-94.91151441247747	39.299323220323814	
2109 SOUTH 5TH STREET	66048	-94.91099422897138	39.29545858470054	
1936 SOUTH 5TH STREET	66048	-94.911546929281	39.29715647995585	
1901 SOUTH BROADWAY STREET	66048	-94.92066806983584	39.29819990261062	
2849 BROADWAY TERRACE	66048	-94.92136767213758	39.288836311988575	
1841 CLEVELAND TERRACE	66048	-94.91918868847135	39.2985572787556	
660 EVERGREEN STREET	66048	-94.91719210152748	39.29426700514486	
756 LIMIT STREET	66048	-94.92240075341662	39.28884594393116	
514 SANTA FE STREET	66048	-94.91233291405266	39.292509602125676	
2423 4TH AVENUE	66048	-94.91636403112868	39.292409900878454	
518 VILAS STREET	66048	-94.91302219907337	39.290767498791915	
1928 2ND AVENUE	66048	-94.91399176397658	39.29754962888249	
2410 2ND AVENUE	66048	-94.91397674551222	39.29268808606187	
2512 3RD AVENUE	66048	-94.91544867681984	39.29175128981949	
2317 4TH AVENUE	66048	-94.91636167122721	39.293457440055555	
2029 5TH AVENUE	66048	-94.91738476678611	39.29645057650283	
2717 BROADWAY TERRACE	66048	-94.9213790652451	39.2899395371743	
2508 BROADWAY TERRACE	66048	-94.92186675951451	39.29139894539304	
517 BUTTINGER PLACE	66048	-94.9124251354711	39.29666674182289	
729 LIMIT STREET	66048	-94.92124836205986	39.28835476391398	
2707 MAPLE AVENUE	66048	-94.91825524641446	39.290049701371515	
2212 MAPLE AVENUE	66048	-94.9187764949434	39.294154425035316	
2719 OLDE CREEK COURT	66048	-94.91968919977687	39.28979976024731	
2501 OLDE CREEK COURT	66048	-94.92005554607712	39.29192964058627	
613 SHERMAN STREET	66048	-94.91594348806859	39.29297164099738	
3031 SHRINE PARK ROAD	66048	-94.91811009406067	39.286724866817934	
563 SOUTH STREET	66048	-94.91433316124655	39.299429470180584	
508 THORNTON STREET	66048	-94.91206786532487	39.296138654754074	
528 UTAH STREET	66048	-94.91051269302073	39.2867852792623	
2531 2ND AVENUE	66048	-94.91345890427422	39.291647449915665	
3003 IOWA STREET	66048	-94.91139716135982	39.287851483392004	
2634 BROADWAY TERRACE	66048	-94.92187335646716	39.29087971430492	
1906 CLEVELAND TERRACE	66048	-94.91971904956108	39.297996945630594	
2014 MONTEZUMA AVENUE	66048	-94.92258516320408	39.29663822323713	
2503 4TH AVENUE	66048	-94.91638283609575	39.29200890280957	
2500 BROADWAY TERRACE	66048	-94.92185863056535	39.29195873748808	
2933 GODDARD CIRCLE	66048	-94.91964284352102	39.28722840981541	
768 SANTA FE STREET	66048	-94.92234409974049	39.29242779153959	
732 THORNTON STREET	66048	-94.91964705435913	39.296069092309025	
1919 SOUTH BROADWAY STREET	66048	-94.92068398477274	39.297488280489496	
2508 3RD AVENUE	66048	-94.91544668982968	39.29186063283803	
616 LIMIT STREET	66048	-94.91607953571199	39.28881735728761	
535 SANTA FE STREET	66048	-94.91338230629401	39.2920739839921	
510 SHERIDAN STREET	66048	-94.9127686470839	39.291599933947076	
2219 2ND AVENUE	66048	-94.9134353495536	39.29466526442694	
1911 2ND AVENUE	66048	-94.91339271589817	39.29842517406465	
1823 3RD AVENUE	66048	-94.91475254428221	39.298613663018784	
2518 4TH AVENUE	66048	-94.9169694272082	39.291528450694884	
2408 4TH AVENUE	66048	-94.91696909133017	39.29281744991271	
536 BUTTINGER PLACE	66048	-94.91350208679395	39.29701373281996	
3018 IOWA STREET	66048	-94.91223233654087	39.28738871726607	
707 LIMIT STREET	66048	-94.91928380453624	39.28841085803575	
2510 MAPLE AVENUE	66048	-94.9186735466728	39.29158922560776	
2311 MAPLE AVENUE	66048	-94.91812431867959	39.2932230089152	
412 MARION STREET	66048	-94.91027794876082	39.29527210670997	
2025 MONTEZUMA AVENUE	66048	-94.92216853704986	39.296194328186	
1913 MONTEZUMA AVENUE	66048	-94.9221094881824	39.29776115745408	
2613 OLDE CREEK COURT	66048	-94.91901987968274	39.290708757439134	
519 REASER STREET	66048	-94.9122951136484	39.29890825220903	
609 SANTA FE STREET	66048	-94.9157953299412	39.292047327849666	
675 SHERIDAN COURT	66048	-94.91806815844157	39.29086856652056	
672 SHERIDAN COURT	66048	-94.91803531545702	39.29112491356576	
2918 SHRINE PARK ROAD	66048	-94.91874362334339	39.287909665981935	
659 SOUTH STREET	66048	-94.91706346598492	39.29946299303013	
744 THORNTON STREET	66048	-94.92027406052794	39.296068944273124	
3014 SHRINE PARK ROAD	66048	-94.91874048125695	39.28700541382932	
2608 4TH AVENUE	66048	-94.91680822308784	39.29071544156671	
2609 4TH AVENUE	66048	-94.91640688599094	39.290833068609544	
511 REES STREET	66048	-94.91477364225229	39.29823776895407	
736 SANTA FE STREET	66048	-94.92088677035456	39.29249591363442	
667 SHERIDAN COURT	66048	-94.91782757236393	39.29073290251143	
716 THORNTON STREET	66048	-94.91892594416353	39.29605420934773	
1926 WEST 7TH STREET	66048	-94.91858588017722	39.297165397554906	
532 SANTA FE STREET	66048	-94.91317432427553	39.292470243070966	
2502 3RD AVENUE	66048	-94.91544358484505	39.292032041867195	
517 SANTA FE STREET	66048	-94.91259387808357	39.29209388504055	
547 SHERIDAN STREET	66048	-94.91306247312518	39.29120011086271	
1902 2ND AVENUE	66048	-94.91404553911258	39.298833113096265	
2306 2ND AVENUE	66048	-94.913953077612	39.29380924725268	
2038 5TH AVENUE	66048	-94.91797173291809	39.29617513642273	
526 BUTTINGER PLACE	66048	-94.91317309970584	39.297018713839584	
2511 MAPLE AVENUE	66048	-94.9180822315008	39.29145416061874	
2201 MAPLE AVENUE	66048	-94.91801368479727	39.29477996518459	
1901 MONTEZUMA AVENUE	66048	-94.92211652722169	39.29815621752043	
2708 OLDE CREEK COURT	66048	-94.92051271408093	39.290669486347156	
1805 2ND AVENUE	66048	-94.91344149299351	39.29929300820851	
706 GARFIELD STREET	66048	-94.9188293492083	39.29680150547951	
2204 ROSE STREET	66048	-94.91042924375228	39.29475118361331	
512 SANTA FE STREET	66048	-94.91224108602809	39.2925112091312	
657 SHERIDAN COURT	66048	-94.91731652022351	39.290702688535475	
2914 SHRINE PARK ROAD	66048	-94.9187431643612	39.288099505014074	
511 THORNTON STREET	66048	-94.9122399043367	39.29577423668264	
523 SPENCER PLACE	66048	-94.91067195311895	39.287369641352	
714 LIMIT STREET	66048	-94.92013824080568	39.288827146057265	
2405 MAPLE AVENUE	66048	-94.9181185266391	39.292811627846035	
1908 MONTEZUMA AVENUE	66048	-94.922592428323	39.29787285644533	
711 SANTA FE STREET	66048	-94.91905181681092	39.29197238665088	
1918 5TH AVENUE	66048	-94.91788242403366	39.29764981267698	
428 REES STREET	66048	-94.91057712114726	39.29850168623857	
1818 5TH AVENUE	66048	-94.91792494214504	39.29870491885277	
523 LIMIT STREET	66048	-94.91268529373454	39.28814566936807	
2322 4TH AVENUE	66048	-94.91698338537314	39.29323089798177	
411 EVERGREEN STREET	66048	-94.91083666171919	39.29324280433516	
1919 3RD AVENUE	66048	-94.91469264519013	39.29781189988673	
2432 3RD AVENUE	66048	-94.91538247491516	39.292946289025195	
612 MARION STREET	66048	-94.9170042385592	39.295136384302545	
523 VILAS STREET	66048	-94.91280074296309	39.29023254871414	
510 VILAS STREET	66048	-94.91264327296535	39.290704312802916	
1802 3RD AVENUE	66048	-94.91524182448609	39.29937504211943	
2320 3RD AVENUE	66048	-94.91536355994918	39.29335940309605	
2004 4TH AVENUE	66048	-94.91664501659278	39.29651211455547	
3032 IOWA STREET	66048	-94.9122361364974	39.28691841318632	
420 MARION STREET	66048	-94.91065610486224	39.29526755468759	
528 REASER STREET	66048	-94.9129513178621	39.299298992237524	
623 SOUTH STREET	66048	-94.91600748768916	39.29934245007012	
2016 2ND AVENUE	66048	-94.9140205848689	39.29633060067489	
1813 4TH AVENUE	66048	-94.91604855065104	39.29882371998018	
2507 4TH AVENUE	66048	-94.91638415908726	39.29191507879368	
2402 4TH AVENUE	66048	-94.91696518635173	39.29305660195335	
1910 5TH AVENUE	66048	-94.9178778880585	39.2979248927237	
1819 5TH AVENUE	66048	-94.91740094799684	39.29862982487009	
2810 MAPLE AVENUE	66048	-94.91882745945189	39.28881756013058	
2500 OLDE CREEK COURT	66048	-94.92058341421018	39.291833993539896	
610 OLSEN LANE	66048	-94.91635524888184	39.28982749544258	
716 REES STREET	66048	-94.91877248336348	39.29860126578679	
563 SANTA FE STREET	66048	-94.91450639759505	39.29205653192488	
616 SANTA FE STREET	66048	-94.91594681501988	39.29244760490864	
544 SHERMAN STREET	66048	-94.91440627169214	39.29336707415206	
514 THORNTON STREET	66048	-94.91240822041813	39.29615568173749	
651 THORNTON STREET	66048	-94.91660308750215	39.29567458641639	
520 SANTA FE STREET	66048	-94.91266839714265	39.2925059741059	
2417 4TH AVENUE	66048	-94.91636210514353	39.292572138905946	
2521 4TH AVENUE	66048	-94.91636452504329	39.29150660572578	
1921 5TH AVENUE	66048	-94.9173671468824	39.297517235684055	
2832 BROADWAY TERRACE	66048	-94.92189122632504	39.289327875041685	
2701 BROADWAY TERRACE	66048	-94.9213259992835	39.290496370271434	
570 EVERGREEN STREET	66048	-94.91462397185627	39.29448131432789	
658 EVERGREEN STREET	66048	-94.91701643548039	39.29426939915535	
751 LIMIT STREET	66048	-94.92187848122889	39.28834822787686	
644 LIMIT STREET	66048	-94.91809979925834	39.28884264017642	
2001 MONTEZUMA AVENUE	66048	-94.92214635713941	39.2972025313576	
548 UTAH STREET	66048	-94.91160983031527	39.286775549197976	
3015 IOWA STREET	66048	-94.91123409627163	39.287383844322264	
519 SPENCER PLACE	66048	-94.9103604140303	39.28731911436124	
1932 2ND AVENUE	66048	-94.91400353296723	39.29741776585956	
2416 2ND AVENUE	66048	-94.91401825350111	39.29245308901985	
2518 3RD AVENUE	66048	-94.91545175680433	39.291578856790174	
2006 4TH AVENUE	66048	-94.91664720258133	39.29638535953393	
2311 4TH AVENUE	66048	-94.9163594842439	39.293639940086564	
2021 5TH AVENUE	66048	-94.91746840284787	39.29686493956806	
2509 BROADWAY TERRACE	66048	-94.9213564773805	39.29143450542822	
521 BUTTINGER PLACE	66048	-94.91270904754705	39.29666127980575	
722 LIMIT STREET	66048	-94.92068852195396	39.28882840102606	
2800 MAPLE AVENUE	66048	-94.91897131454073	39.28934718721187	
2208 MAPLE AVENUE	66048	-94.91882633597922	39.294390792072356	
612 SHERMAN STREET	66048	-94.915911080097	39.29336357206548	
559 SOUTH STREET	66048	-94.9141542881982	39.29942732719042	
2502 4TH AVENUE	66048	-94.91696616125351	39.29201601077747	
724 THORNTON STREET	66048	-94.91926188025535	39.296068803330996	
3007 IOWA STREET	66048	-94.91103332225941	39.287825430408404	
720 REES STREET	66048	-94.91982422664677	39.298602331726876	
620 LIMIT STREET	66048	-94.91641039580271	39.288834543271584	
2222 SOUTH 5TH STREET	66048	-94.91161094302288	39.29424809946074	
1825 SOUTH BROADWAY STREET	66048	-94.92061893189852	39.299001332748844	
1927 SOUTH 5TH STREET	66048	-94.91098888712061	39.297049325969674	
1926 SOUTH BROADWAY STREET	66048	-94.92127930990125	39.29715280039879	
2805 2ND AVENUE	66048	-94.91317462002867	39.28986172263011	
2321 4TH AVENUE	66048	-94.91636382221874	39.29336196603932	
616 MARION STREET	66048	-94.91723472962079	39.295131532288536	
1824 CLEVELAND TERRACE	66048	-94.91969923767142	39.299218155838034	
524 SANTA FE STREET	66048	-94.91290537520628	39.29250410209204	
2321 2ND AVENUE	66048	-94.91349887144693	39.293357954202435	
1924 2ND AVENUE	66048	-94.91398968598902	39.29768720690588	
2302 2ND AVENUE	66048	-94.91395214362474	39.293946720275976	
2440 3RD AVENUE	66048	-94.91538641290049	39.29278037099693	
2026 5TH AVENUE	66048	-94.91793054895012	39.29663031350198	
513 BUTTINGER PLACE	66048	-94.91214871440037	39.29670564284524	
1917 CLEVELAND TERRACE	66048	-94.91926680939291	39.29750719257371	
725 LIMIT STREET	66048	-94.92091048396897	39.28835535893342	
2702 MAPLE AVENUE	66048	-94.91884916760652	39.29038916839493	
2417 MAPLE AVENUE	66048	-94.9181263395934	39.292306891760255	
2020 5TH AVENUE	66048	-94.91792726296976	39.29684746253884	
515 LIMIT STREET	66048	-94.91116361533439	39.28824721147224	
539 VILAS STREET	66048	-94.9131728600656	39.29025729269708	
513 VILAS STREET	66048	-94.91241003285828	39.29023640973717	
1933 2ND AVENUE	66048	-94.91352280883314	39.29736863987872	
1813 3RD AVENUE	66048	-94.91474822531727	39.298996349083644	
2310 3RD AVENUE	66048	-94.91535993797298	39.293621219140526	
2001 4TH AVENUE	66048	-94.91609019545491	39.29663432860788	
2515 4TH AVENUE	66048	-94.91638803306245	39.29164254774739	
2409 4TH AVENUE	66048	-94.91635873116587	39.29281782394762	
2833 BROADWAY TERRACE	66048	-94.92139874719503	39.28935510907446	
522 BUTTINGER PLACE	66048	-94.91275752159456	39.29702511786446	
1923 CLEVELAND TERRACE	66048	-94.91927059437776	39.29733654254469	
575 DONIPHAN STREET	66048	-94.91482188114712	39.29699047174054	
712 GARFIELD STREET	66048	-94.91921456531541	39.29683710046346	
3010 IOWA STREET	66048	-94.912228519584	39.287855350345126	
615 SOUTH STREET	66048	-94.91553645056874	39.299410371108564	
667 THORNTON STREET	66048	-94.91737250470834	39.2956640633706	
529 SPENCER PLACE	66048	-94.91073892016566	39.28767256839934	
2603 4TH AVENUE	66048	-94.91646349902595	39.29104231864167	
2314 4TH AVENUE	66048	-94.91697980439618	39.29348421102476	
411 APACHE STREET	66048	-94.91045963794332	39.29668216793785	
2702 BROADWAY TERRACE	66048	-94.92185940042181	39.29044041423151	
2501 BROADWAY TERRACE	66048	-94.92134715142791	39.29196169051784	
1832 CLEVELAND TERRACE	66048	-94.91971760764649	39.29890241578367	
1913 CLEVELAND TERRACE	66048	-94.91926264740596	39.29765648859919	
2942 GODDARD CIRCLE	66048	-94.9192860883724	39.28667324374202	
715 LIMIT STREET	66048	-94.92012008176174	39.288414363988544	
2105 MAPLE AVENUE	66048	-94.91785620281912	39.2954587273083	
2312 MAPLE AVENUE	66048	-94.91876534185124	39.29321291387684	
2018 MONTEZUMA AVENUE	66048	-94.92261757519395	39.296439242201686	
1924 MONTEZUMA AVENUE	66048	-94.92262374128097	39.2973399643535	
1916 MONTEZUMA AVENUE	66048	-94.92260073029998	39.29760611539977	
708 REES STREET	66048	-94.91838981725962	39.29859278280727	
1924 ROSE STREET	66048	-94.91043765697489	39.29707838500607	
568 SANTA FE STREET	66048	-94.914661337675	39.29246078898435	
701 SANTA FE STREET	66048	-94.9186348317049	39.292037989685795	
617 SANTA FE STREET	66048	-94.91602962700398	39.292043803835675	
658 SHERIDAN COURT	66048	-94.91726403525142	39.29114645461351	
545 SHERMAN STREET	66048	-94.91462398771387	39.292977138073745	
763 THORNTON STREET	66048	-94.92162397884897	39.295621330120305	
3011 IOWA STREET	66048	-94.91108573824862	39.287562743360965	
1921 MONTEZUMA AVENUE	66048	-94.92213496116771	39.29753369241416	
2206 SOUTH 5TH STREET	66048	-94.91155232705373	39.29474127654743	
2007 SOUTH 5TH STREET	66048	-94.91101256804106	39.29614232681501	
1919 CLEVELAND TERRACE	66048	-94.91926763539	39.29747382856802	
2605 OLDE CREEK COURT	66048	-94.9195041778598	39.29120231849489	
1905 SOUTH BROADWAY STREET	66048	-94.9206704818207	39.29803292258225	
2710 BROADWAY TERRACE	66048	-94.92186265139831	39.29018315518783	
1835 CLEVELAND TERRACE	66048	-94.91921121350668	39.29886625580648	
1901 CLEVELAND TERRACE	66048	-94.91922279245085	39.29824399970071	
2416 MAPLE AVENUE	66048	-94.91871151276219	39.292424932746755	
2711 OLDE CREEK COURT	66048	-94.91982256885457	39.290241471314346	
2930 VIRGINIA CIRCLE	66048	-94.92044628669913	39.286824690701295	
740 SANTA FE STREET	66048	-94.92107598346449	39.29311893172887	
2411 2ND AVENUE	66048	-94.91348124437735	39.292672762087605	
2633 BROADWAY TERRACE	66048	-94.9213697083412	39.29098146935092	
1908 CLEVELAND TERRACE	66048	-94.91972079955615	39.2979396386208	
1930 CLEVELAND TERRACE	66048	-94.9197345704716	39.29700784046263	
2937 GODDARD CIRCLE	66048	-94.91964751754027	39.28741864684732	
2011 MONTEZUMA AVENUE	66048	-94.92212401709273	39.29677310928631	
3025 SHRINE PARK ROAD	66048	-94.91810859008528	39.28698935786272	
2913 VIRGINIA CIRCLE	66048	-94.9200221236588	39.2876055258575	
2017 MONTEZUMA AVENUE	66048	-94.92215927607664	39.2965033412387	
2701 OLDE CREEK COURT	66048	-94.91964455881805	39.29036143434477	
572 SANTA FE STREET	66048	-94.91491463574364	39.29246532597063	
3011 SHRINE PARK ROAD	66048	-94.91813107313362	39.28743610093692	
2904 SHRINE PARK ROAD	66048	-94.91877771639663	39.28837567205874	
702 GARFIELD STREET	66048	-94.91864464515805	39.296796038489134	
1900 MONTEZUMA AVENUE	66048	-94.92258772134845	39.298155128493285	
2600 OLDE CREEK COURT	66048	-94.92032222808118	39.291214001450065	
715 SANTA FE STREET	66048	-94.919367030903	39.29204843864571	
3000 SHRINE PARK ROAD	66048	-94.91874490630882	39.28754115491962	
702 THORNTON STREET	66048	-94.91858407306948	39.296033017363676	
1904 SOUTH 5TH STREET	66048	-94.91150479742323	39.29877791323224	
2115 SOUTH 5TH STREET	66048	-94.91100146795542	39.29526932966814	
1914 WEST 7TH STREET	66048	-94.91859610623662	39.29776347365538	
2004 SOUTH BROADWAY STREET	66048	-94.92135908585207	39.29640678626819	
517 SHERIDAN STREET	66048	-94.91236419093775	39.29120667490374	
2605 2ND AVENUE	66048	-94.91345164123199	39.29122173884416	
1903 5TH AVENUE	66048	-94.9174337839628	39.29817718779172	
526 REASER STREET	66048	-94.91271003579737	39.29930203725187	
522 UTAH STREET	66048	-94.91025315295107	39.28678757827754	
2000 SOUTH BROADWAY STREET	66048	-94.92130345685312	39.2965762833	
517 REASER STREET	66048	-94.91206330158936	39.298944437228414	
764 SANTA FE STREET	66048	-94.92207626566852	39.29242941555516	
542 UTAH STREET	66048	-94.91131695123664	39.28677816221515	
2008 2ND AVENUE	66048	-94.91404418590756	39.296671539731165	
567 SOUTH STREET	66048	-94.91449358727881	39.29931432715193	
511 VILAS STREET	66048	-94.91229745282864	39.29024373174482	
2215 2ND AVENUE	66048	-94.91343456756329	39.2947694424446	
1905 2ND AVENUE	66048	-94.9133860579295	39.29877458912408	
1819 3RD AVENUE	66048	-94.91475037829943	39.298801644050684	
1935 4TH AVENUE	66048	-94.91611963150132	39.29704012067474	
2512 4TH AVENUE	66048	-94.91697274222238	39.29166857271838	
2421 4TH AVENUE	66048	-94.91636287713422	39.292471908888984	
524 BUTTINGER PLACE	66048	-94.91299716866128	39.29704837685466	
3019 IOWA STREET	66048	-94.9116857963894	39.287342808289495	
515 VILAS STREET	66048	-94.91247107487523	39.29024228473467	
2203 SOUTH 5TH STREET	66048	-94.91107091792964	39.29479943958478	
2519 3RD AVENUE	66048	-94.91487544265021	39.291590128825014	
523 SANTA FE STREET	66048	-94.91284912115111	39.29208094202378	
1800 2ND AVENUE	66048	-94.91396503914477	39.29940135519686	
2308 2ND AVENUE	66048	-94.91395346360761	39.29376232124478	
2618 4TH AVENUE	66048	-94.91674582005871	39.29058481854819	
2034 5TH AVENUE	66048	-94.91796939593144	39.29632279044781	
711 LIMIT STREET	66048	-94.91969839764762	39.28840825801159	
2513 MAPLE AVENUE	66048	-94.9178300814312	39.29143624663011	
2112 MAPLE AVENUE	66048	-94.91865331399742	39.2950751761979	
2301 MAPLE AVENUE	66048	-94.91811630573673	39.293848707021354	
2401 MAPLE AVENUE	66048	-94.91811509265865	39.29302780688275	
1905 MONTEZUMA AVENUE	66048	-94.92212123020819	39.29800035749382	
1917 MONTEZUMA AVENUE	66048	-94.92213186117701	39.29764080643243	
742 SANTA FE STREET	66048	-94.92111182447888	39.29316906273525	
611 SANTA FE STREET	66048	-94.91585862095816	39.29204639484588	
673 SHERIDAN COURT	66048	-94.91805036743379	39.290837041516255	
661 SHERIDAN COURT	66048	-94.91753778328784	39.29075275053131	
668 SHERIDAN COURT	66048	-94.91779464839767	39.291182672589294	
712 THORNTON STREET	66048	-94.91872246110873	39.29605415735934	
748 THORNTON STREET	66048	-94.92068360263815	39.29606824224962	
531 SPENCER PLACE	66048	-94.91072588917338	39.2877916094202	
655 SOUTH STREET	66048	-94.91681367691747	39.29946105004406	
1908 5TH AVENUE	66048	-94.91792444708256	39.29804642974157	
2414 2ND AVENUE	66048	-94.91401679250778	39.2925277470325	
708 LIMIT STREET	66048	-94.91959877066122	39.28883520308946	
2413 MAPLE AVENUE	66048	-94.91812364460935	39.29248301579019	
2210 ROSE STREET	66048	-94.91042655372947	39.294517800574	
518 SANTA FE STREET	66048	-94.91257657011808	39.2925075811114	
674 SHERIDAN COURT	66048	-94.91805549245957	39.291094482559444	
532 THORNTON STREET	66048	-94.91347142770549	39.296166862678575	
521 SPENCER PLACE	66048	-94.91056629908668	39.2873291303512	
669 SHERIDAN COURT	66048	-94.91788595238042	39.29074052750933	
2505 OLDE CREEK COURT	66048	-94.91996160703505	39.29175198256162	
725 GARFIELD STREET	66048	-94.92017794953867	39.296455524343926	
2609 2ND AVENUE	66048	-94.9134773282224	39.29104732681316	
1829 SOUTH 5TH STREET	66048	-94.91091779131231	39.299275853349876	
2104 SOUTH 5TH STREET	66048	-94.91152938212589	39.295568009688445	
2712 OLDE CREEK COURT	66048	-94.92047493503468	39.29028871728499	
530 SANTA FE STREET	66048	-94.91308249725094	39.29247185007648	
2718 BROADWAY TERRACE	66048	-94.92186573637521	39.28993008214488	
604 MARION STREET	66048	-94.91666996747003	39.295144990323095	
2312 2ND AVENUE	66048	-94.91395472059573	39.29363308322284	
517 VILAS STREET	66048	-94.9125732299021	39.29023494172759	
527 SPENCER PLACE	66048	-94.91074682615779	39.287566868381056	
514 SHERIDAN STREET	66048	-94.91310870217514	39.291596698927094	
410 MARION STREET	66048	-94.91021793874476	39.295272758713516	
525 REASER STREET	66048	-94.9127958947427	39.29848045710816	
651 SOUTH STREET	66048	-94.91651829483389	39.29941830105374	
529 LIMIT STREET	66048	-94.91270811076981	39.28845371141886	
2520 3RD AVENUE	66048	-94.91545279679903	39.29151940978005	
2316 4TH AVENUE	66048	-94.91697952639038	39.29342383701457	
615 MARION STREET	66048	-94.91713809956057	39.294770178232994	
667 SANTA FE STREET	66048	-94.91760611741772	39.291930564726435	
415 EVERGREEN STREET	66048	-94.91099374679426	39.2935888003846	
519 VILAS STREET	66048	-94.91263472991852	39.290234086723935	
2000 2ND AVENUE	66048	-94.91399981693348	39.29707184180135	
2604 2ND AVENUE	66048	-94.91406808739988	39.29124221581232	
1922 3RD AVENUE	66048	-94.9152415683262	39.29768771083439	
2430 3RD AVENUE	66048	-94.91538120791986	39.292999689034254	
2501 4TH AVENUE	66048	-94.9163816901031	39.292089669823284	
2303 4TH AVENUE	66048	-94.91635708526637	39.29388373712788	
1913 5TH AVENUE	66048	-94.9173151948998	39.29784909674304	
1900 5TH AVENUE	66048	-94.9179110470982	39.29824975477671	
1820 5TH AVENUE	66048	-94.91788316611604	39.29851738782349	
1812 5TH AVENUE	66048	-94.91793936516697	39.2988951278841	
528 BUTTINGER PLACE	66048	-94.91334051775068	39.29701617082958	
1825 CLEVELAND TERRACE	66048	-94.91919972153333	39.29918011986019	
3038 IOWA STREET	66048	-94.9122379844761	39.286688212147354	
414 MARION STREET	66048	-94.91041332179717	39.295270569701984	
527 REASER STREET	66048	-94.91292656177666	39.29846740209848	
507 REES STREET	66048	-94.91446645516258	39.298164407959206	
625 SOUTH STREET	66048	-94.9160639577037	39.29933541606574	
519 LIMIT STREET	66048	-94.91193385853325	39.28815731241298	
526 SANTA FE STREET	66048	-94.91295886422057	39.29250263108877	
2411 4TH AVENUE	66048	-94.91635988516033	39.292755816937095	
2403 2ND AVENUE	66048	-94.91339614538731	39.29302044115123	
1916 2ND AVENUE	66048	-94.9140547140508	39.29815468098114	
2406 2ND AVENUE	66048	-94.91398476853223	39.292877179093395	
2506 3RD AVENUE	66048	-94.91544564983501	39.291920080848136	
2008 4TH AVENUE	66048	-94.91665066656222	39.29617355649799	
2420 4TH AVENUE	66048	-94.91697637630057	39.29248423685596	
2320 4TH AVENUE	66048	-94.91698366237897	39.293291272991944	
1917 5TH AVENUE	66048	-94.9173137838868	39.297715439720555	
2025 5TH AVENUE	66048	-94.91737165379804	39.29661414853116	
2840 BROADWAY TERRACE	66048	-94.92189462630031	39.28905685799571	
2841 BROADWAY TERRACE	66048	-94.9213690311581	39.28904916802444	
2505 BROADWAY TERRACE	66048	-94.92135250040123	39.291664722467324	
515 BUTTINGER PLACE	66048	-94.91226042642776	39.296677503834104	
665 EVERGREEN STREET	66048	-94.91750155257006	39.29383696505453	
615 EVERGREEN STREET	66048	-94.91592547914993	39.2938816031522	
2954 GODDARD CIRCLE	66048	-94.91912904939227	39.28732986786195	
726 LIMIT STREET	66048	-94.92093059001314	39.28876517500153	
636 LIMIT STREET	66048	-94.9173365980503	39.28881542721544	
2807 MAPLE AVENUE	66048	-94.91811270129121	39.28915339522819	
2706 MAPLE AVENUE	66048	-94.91872958655051	39.29013811935929	
2200 MAPLE AVENUE	66048	-94.91857747594155	39.294700483138946	
620 MARION STREET	66048	-94.91748522868717	39.29512038327233	
614 OLSEN LANE	66048	-94.9166598369788	39.28998529545179	
571 SANTA FE STREET	66048	-94.91486688669168	39.29205204490357	
604 SANTA FE STREET	66048	-94.91538296686876	39.292455117942154	
546 SHERMAN STREET	66048	-94.91462227074996	39.293363508139144	
518 THORNTON STREET	66048	-94.91251666844721	39.296153922731015	
659 THORNTON STREET	66048	-94.91698635060484	39.29566922639358	
3001 IOWA STREET	66048	-94.9116013684109	39.28781064037341	
3013 IOWA STREET	66048	-94.91110705323976	39.28740827133362	
517 SPENCER PLACE	66048	-94.91025535900387	39.287338870370604	
2600 4TH AVENUE	66048	-94.91697065618939	39.29132621866064	
1909 SOUTH 5TH STREET	66048	-94.91095214325196	39.29854143222388	
1829 SOUTH BROADWAY STREET	66048	-94.9206238718824	39.29881708771743	
1936 SOUTH BROADWAY STREET	66048	-94.92139316589896	39.29680508633351	
1931 SOUTH BROADWAY STREET	66048	-94.92070085272536	39.29694037339596	
1923 SOUTH BROADWAY STREET	66048	-94.92072256176886	39.297337625461815	
736 THORNTON STREET	66048	-94.91978625239626	39.296065465300444	
2202 SOUTH 5TH STREET	66048	-94.91154892206391	39.29485816256738	
2003 SOUTH 5TH STREET	66048	-94.9110091280666	39.296421737862424	
1904 SOUTH BROADWAY STREET	66048	-94.92121887697627	39.29811703456513	
521 VILAS STREET	66048	-94.9127392419466	39.2902334027178	
2422 4TH AVENUE	66048	-94.91697752929504	39.292422228845425	
1921 2ND AVENUE	66048	-94.91341805185058	39.29785056196615	
1916 SOUTH BROADWAY STREET	66048	-94.92123135593904	39.297688378492	
1908 SOUTH BROADWAY STREET	66048	-94.92122343696252	39.297958619538115	
1918 WEST 7TH STREET	66048	-94.91859931821757	39.29755353861973	
720 GARFIELD STREET	66048	-94.91992748450564	39.29681899641967	
654 DONIPHAN STREET	66048	-94.91687962769419	39.296915871610295	
656 DONIPHAN STREET	66048	-94.91694334971157	39.29691851260714	
1833 SOUTH BROADWAY STREET	66048	-94.92062762087022	39.298677715693636	
2619 4TH AVENUE	66048	-94.91630778393728	39.290548517567125	
2517 3RD AVENUE	66048	-94.91474108361314	39.291580141831005	
1809 4TH AVENUE	66048	-94.91604554767001	39.29903203301552	
425 REES STREET	66048	-94.91033674304248	39.29807883218086	
569 SOUTH STREET	66048	-94.91455817229628	39.29931485414833	
3005 IOWA STREET	66048	-94.91129358333347	39.2878675634006	
1923 SOUTH 5TH STREET	66048	-94.91098503714507	39.297319040015424	
2218 ROSE STREET	66048	-94.9104310917074	39.29427187653223	
601 MARION STREET	66048	-94.9164856613837	39.29475782826818	
2408 MAPLE AVENUE	66048	-94.91875681380193	39.2927161247934	
527 SHERIDAN STREET	66048	-94.91261937800624	39.29120436188877	
1906 5TH AVENUE	66048	-94.91792282908978	39.29812738875533	
1906 WEST 7TH STREET	66048	-94.9185917842618	39.29804149770259	
710 SANTA FE STREET	66048	-94.91902453484623	39.29242254472848	
2214 SOUTH 5TH STREET	66048	-94.911579039033	39.29444597349599	
2006 SOUTH 5TH STREET	66048	-94.9115367152163	39.296502065845864	
2004 SOUTH 5TH STREET	66048	-94.91153553022917	39.296641763869545	
1927 SOUTH BROADWAY STREET	66048	-94.92072767475177	39.29714292642867	
1820 SOUTH 5TH STREET	66048	-94.91149854848574	39.29945608834715	
2106 SOUTH 5TH STREET	66048	-94.91153605311008	39.29538223465669	
2211 SOUTH 5TH STREET	66048	-94.91107843489705	39.294434061522594	
2205 SOUTH 5TH STREET	66048	-94.9110683589268	39.294776595581084	
1821 SOUTH BROADWAY STREET	66048	-94.92058898291208	39.2992296087891	
1915 SOUTH BROADWAY STREET	66048	-94.92067832079252	39.29771345352786	
537 VILAS STREET	66048	-94.91311135904918	39.29025814770074	
2315 4TH AVENUE	66048	-94.91636194923302	39.29351781506577	
1900 SOUTH BROADWAY STREET	66048	-94.92121561498631	39.29823173558468	
507 SANTA FE STREET	66048	-94.91203075693255	39.29209992807375	
1920 2ND AVENUE	66048	-94.91398775900065	39.29781508292756	
2316 2ND AVENUE	66048	-94.913955674585	39.29351678220315	
2308 4TH AVENUE	66048	-94.91697543841214	39.2936652050556	
2037 5TH AVENUE	66048	-94.9174085717607	39.29611443844465	
2825 BROADWAY TERRACE	66048	-94.92136131321288	39.28964987512636	
535 BUTTINGER PLACE	66048	-94.91317409367143	39.29665246177765	
2503 MAPLE AVENUE	66048	-94.91799423653137	39.29202734472057	
1930 SOUTH 5TH STREET	66048	-94.9115410072969	39.29734146298743	
2111 SOUTH 5TH STREET	66048	-94.91099614696732	39.295410246692256	
2018 SOUTH 5TH STREET	66048	-94.91153809119415	39.29626432380557	
1917 SOUTH 5TH STREET	66048	-94.91098577919306	39.29782370910066	
2005 SOUTH BROADWAY STREET	66048	-94.92075006968066	39.29632806828972	
2620 4TH AVENUE	66048	-94.91675837405691	39.29053040053828	
2607 4TH AVENUE	66048	-94.91644194400574	39.2908898646171	
424 REES STREET	66048	-94.9103208790783	39.298502449253355	
2606 4TH AVENUE	66048	-94.91683493709955	39.29076314557324	
1906 SOUTH BROADWAY STREET	66048	-94.92122270496475	39.29798398854241	
2925 SHRINE PARK ROAD	66048	-94.91726891997118	39.28817249011064	
1908 SOUTH 5TH STREET	66048	-94.91148570439898	39.29857617319923	
1827 SOUTH 5TH STREET	66048	-94.91091679833217	39.29948842238589	
2100 SOUTH 5TH STREET	66048	-94.91152358113872	39.29572067771457	
2107 SOUTH 5TH STREET	66048	-94.91091002296281	39.295607635730526	
1905 SOUTH 5TH STREET	66048	-94.91095228727193	39.29875160025934	
1837 SOUTH BROADWAY STREET	66048	-94.92062572385721	39.29854567867148	
1932 SOUTH BROADWAY STREET	66048	-94.9212589688801	39.296987546372016	
2301 SOUTH 5TH STREET	66048	-94.9110686628603	39.29407383246231	
2001 SOUTH 5TH STREET	66048	-94.91100652909068	39.29668317790678	
1918 SOUTH 5TH STREET	66048	-94.91155397336918	39.298067309109356	
1830 SOUTH BROADWAY STREET	66048	-94.92223698233478	39.29900770165734	
1923 3RD AVENUE	66048	-94.91479052319258	39.29755966583849	
1814 4TH AVENUE	66048	-94.91657313378856	39.298784131943506	
2215 GARLAND STREET	66048	-94.92175350670459	39.29372853379312	
603 REES STREET	66048	-94.91524580837604	39.298201924920996	
2602 4TH AVENUE	66048	-94.91697334118406	39.29126185864962	
524 THORNTON STREET	66048	-94.91275448050493	39.29608745770615	
422 THORNTON STREET	66048	-94.9103687778759	39.29622866686645	
425 THORNTON STREET	66048	-94.91044152484554	39.29570120677317	
425 THORNTON STREET	66048	-94.91049653386018	39.295699565769695	
425 THORNTON STREET	66048	-94.91049812786912	39.29578903278473	
501 VILAS STREET	66048	-94.911823333702	39.29025444977372	
501 VILAS STREET	66048	-94.91169386067236	39.290309680790436	
501 VILAS STREET	66048	-94.91169237866721	39.29025956378206	
501 VILAS STREET	66048	-94.91176038268976	39.29030429078576	
501 VILAS STREET	66048	-94.91175890068459	39.29025417377738	
518 VILAS STREET	66048	-94.91294356205236	39.29076923079669	
407 EVERGREEN STREET	66048	-94.91064074868977	39.29348952438798	
405 EVERGREEN STREET	66048	-94.91033880760871	39.293491994405706	
407 EVERGREEN STREET	66048	-94.91064257968632	39.29344784138089	
405 EVERGREEN STREET	66048	-94.91034063860529	39.29345031139855	
407 EVERGREEN STREET	66048	-94.91049967464826	39.2934523973898	
405 EVERGREEN STREET	66048	-94.91019773356722	39.293454866407515	
425 THORNTON STREET	66048	-94.91046921786143	39.295790411786655	
425 THORNTON STREET	66048	-94.9104673378524	39.29570045977157	
515 LIMIT STREET	66048	-94.91070015620956	39.28824682649863	
503 VILAS STREET	66048	-94.9117567946545	39.28994169672467	
503 VILAS STREET	66048	-94.91181491466983	39.28993894472088	
503 VILAS STREET	66048	-94.9118098286596	39.28984509270529	
503 VILAS STREET	66048	-94.9117527226443	39.28984572470869	
503 VILAS STREET	66048	-94.91175017463718	39.2897779316974	
503 VILAS STREET	66048	-94.91180866465257	39.289773759693304	
503 VILAS STREET	66048	-94.91202731370447	39.289700384668414	
503 VILAS STREET	66048	-94.91192815367853	39.2897082486754	
503 VILAS STREET	66048	-94.91184634765686	39.289712279680764	
503 VILAS STREET	66048	-94.91174718863088	39.28972014368777	
503 VILAS STREET	66048	-94.91201664269816	39.28966385466286	
503 VILAS STREET	66048	-94.9119174826722	39.28967171866986	
503 VILAS STREET	66048	-94.91183567665053	39.28967574967522	
503 VILAS STREET	66048	-94.91173651762458	39.289683613682215	
505 VILAS STREET	66048	-94.9120325197198	39.289847418692965	
505 VILAS STREET	66048	-94.91188112667992	39.28985675970322	
505 VILAS STREET	66048	-94.9120298387156	39.28981062368694	
505 VILAS STREET	66048	-94.91187728267528	39.289818502696995	
507 VILAS STREET	66048	-94.91242333482404	39.289836793668826	
507 VILAS STREET	66048	-94.91230390379265	39.28984507467707	
507 VILAS STREET	66048	-94.91242065381982	39.28979999866279	
507 VILAS STREET	66048	-94.912300059788	39.28980681667082	
2615 4TH AVENUE	66048	-94.91632104895271	39.29067364958751	
2622 STATE STREET	66048	-94.9103345443379	39.290643062924474	
2622 STATE STREET	66048	-94.91043429736402	39.29063569291754	
2622 STATE STREET	66048	-94.91033335134013	39.29067021692915	
2622 STATE STREET	66048	-94.91043310436628	39.2906628469222	
2622 STATE STREET	66048	-94.91033399834286	39.2906974199337	
2622 STATE STREET	66048	-94.91043375136907	39.290690049926766	
2031 WEST 7TH STREET	66048	-94.91810128998262	39.296488292468226	
2039 WEST 7TH STREET	66048	-94.91810612695433	39.296175829415155	
2035 WEST 7TH STREET	66048	-94.91810378996766	39.29632348444023	
2227 2ND AVENUE	66048	-94.91344034551105	39.29420121334823	
619 SANTA FE STREET	66048	-94.91598621894893	39.29158595476079	
501 SHERMAN STREET	66048	-94.91154949888576	39.29297510924912	
514 REES COURT	66048	-94.9122051215801	39.298443220135646	
1926 3RD AVENUE	66048	-94.915265914308	39.297426518788825	
517 REES COURT	66048	-94.9124090535923	39.29799255604782	
1821 CLEVELAND TERRACE	66048	-94.91919019855251	39.29940995289956	
737 REES STREET	66048	-94.92032580374305	39.298193246629076	
2101 2ND AVENUE	66048	-94.91349106966908	39.29572596960302	
735 REES STREET	66048	-94.92032215374996	39.29827661364339	
613 SANTA FE STREET	66048	-94.9158172099039	39.29159101877129	
625 REES STREET	66048	-94.9171445328863	39.29819137581068	
551 LIMIT STREET	66048	-94.91326488891683	39.28842315738183	
509 SHERMAN STREET	66048	-94.91190025497828	39.292954599225645	
1823 CLEVELAND TERRACE	66048	-94.91861368039739	39.29941114193271	
1834 CLEVELAND TERRACE	66048	-94.91972045463575	39.29878134976304	
617 REES STREET	66048	-94.91654887072643	39.298197072845646	
501 SANTA FE STREET	66048	-94.91114222266701	39.2918222640776	
607 REES STREET	66048	-94.91554931845681	39.29819207490201	
609 REES STREET	66048	-94.91575981551459	39.298203609891914	
501 SHERIDAN STREET	66048	-94.91180307978895	39.291230551939826	
521 SHERMAN STREET	66048	-94.91274707420673	39.292959159178004	
734 SANTA FE STREET	66048	-94.92072195331832	39.29258184665834	
509 REES COURT	66048	-94.9118827694521	39.298008415080616	
1830 CLEVELAND TERRACE	66048	-94.91970354365118	39.29899231379968	
668 DONIPHAN STREET	66048	-94.91732672081076	39.29687582457799	
1918 4TH AVENUE	66048	-94.91670520271074	39.297586833733654	
1818 4TH AVENUE	66048	-94.91657443477617	39.298649431920616	
2031 MONTEZUMA AVENUE	66048	-94.92218446502952	39.2959338291411	
518 REES COURT	66048	-94.91246160365036	39.298455980123144	
521 REES COURT	66048	-94.91263879864685	39.29791518202161	
1925 5TH AVENUE	66048	-94.91734932785641	39.297293559647265	
1907 SOUTH BROADWAY STREET	66048	-94.92037609473293	39.297943108583944	
1827 CLEVELAND TERRACE	66048	-94.91861771938979	39.29931896291693	
1919 4TH AVENUE	66048	-94.91598810751695	39.297579775773464	
1929 CLEVELAND TERRACE	66048	-94.91929759036427	39.297116973506014	
507 SHERMAN STREET	66048	-94.91180961795412	39.29295696623121	
513 REES COURT	66048	-94.91215997652462	39.297985955060945	
505 SHERMAN STREET	66048	-94.91173113793346	39.292962040236546	
511 SHERMAN STREET	66048	-94.91199310400158	39.292936790217304	
2708 BROADWAY TERRACE	66048	-94.92229198352526	39.290302803183515	
510 REES COURT	66048	-94.911897909498	39.29844998115436	
502 SANTA FE STREET	66048	-94.91163987186746	39.29252441716783	
521 MARION STREET	66048	-94.91253961532426	39.29479033949929	
561 SANTA FE STREET	66048	-94.91435090151916	39.29169757387312	
1822 4TH AVENUE	66048	-94.91657981276603	39.29852676389962	
3003 SHRINE PARK ROAD	66048	-94.91814402016749	39.2877569439904	
1922 CLEVELAND TERRACE	66048	-94.9197436295067	39.297352926520404	
515 SHERMAN STREET	66048	-94.9123453570979	39.292952089199794	
525 REES COURT	66048	-94.91293917173358	39.29797679601484	
1831 SOUTH 5TH STREET	66048	-94.91093110430371	39.29914743432745	
653 SOUTH STREET	66048	-94.91669124988377	39.29945340804981	
1909 SOUTH BROADWAY STREET	66048	-94.92038123373115	39.29790985857802	
1811 5TH AVENUE	66048	-94.91739239302302	39.29893006692128	
1912 SOUTH 5TH STREET	66048	-94.91149237338637	39.298424327173194	
621 REES STREET	66048	-94.91676239878348	39.29819199383263	
529 REES COURT	66048	-94.91298301776665	39.29820152005033	
525 SHERMAN STREET	66048	-94.91288221124292	39.29295677816988	
520 MARION STREET	66048	-94.91260250238562	39.29525940157494	
1910 WEST 7TH STREET	66048	-94.91859340424678	39.29787842967494	
2301 2ND AVENUE	66048	-94.91342582147884	39.29390274429866	
2600 STATE STREET	66048	-94.91076311448204	39.290946790951324	
2000 ROSE STREET	66048	-94.91030838789912	39.296645963940364	
2010 ROSE STREET	66048	-94.91034131988663	39.29642029290035	
2101 MAPLE AVENUE	66048	-94.91807975089743	39.295650029327795	
550 THORNTON STREET	66048	-94.91388409879866	39.29597733962302	
2004 4TH AVENUE	66048	-94.91673158261611	39.2965123465506	
2006 4TH AVENUE	66048	-94.91674812660806	39.2963804795274	
2411 MAPLE AVENUE	66048	-94.91745690044691	39.292663258858724	
601 VILAS CIRCLE	66048	-94.9140962853453	39.29058468369961	
2111 MAPLE AVENUE	66048	-94.91802173482716	39.29507304623365	
622 VILAS CIRCLE	66048	-94.91490642259373	39.29090508970748	
611 VILAS CIRCLE	66048	-94.91465988549724	39.290587156667804	
25 SANTA FE STREET	66048	-94.89839844727497	39.29224275687699	
49 LOGAN STREET	66048	-94.89943842229886	39.28953538335997	
56 SHERIDAN STREET	66048	-94.90064138582909	39.29171537565969	
63 SHERIDAN STREET	66048	-94.90102092389137	39.29129333956668	
50 LOGAN STREET	66048	-94.8998432404463	39.28994154840546	
403 LOGAN STREET	66048	-94.90793939657921	39.28944153485832	
407 LOGAN STREET	66048	-94.90844339471423	39.289434197828285	
111 MARION STREET	66048	-94.90288727673749	39.29492215407329	
404 LOGAN STREET	66048	-94.90800829463473	39.2898321849204	
108 LOGAN STREET	66048	-94.90260774519373	39.289973044252825	
150 MARION STREET	66048	-94.90382863803075	39.29534181109042	
2901 RALPH BUNCHE DRIVE	66048	-94.90048481449224	39.28860142114228	
2921 RALPH BUNCHE DRIVE	66048	-94.90095503351564	39.28750991793093	
2900 RALPH BUNCHE DRIVE	66048	-94.90085987659266	39.2885951101198	
2916 RALPH BUNCHE DRIVE	66048	-94.90008282729632	39.287674422008564	
2920 RALPH BUNCHE DRIVE	66048	-94.90043225538331	39.2875993539759	
2619 SOUTH 4TH STREET	66048	-94.90721871050857	39.29074546311985	
2106 SOUTH 4TH STREET	66048	-94.9092045324901	39.295465570804055	
2920 SOUTH 4TH STREET	66048	-94.9067466270461	39.28720214654798	
206 LOGAN STREET	66048	-94.90463248972553	39.289830403112994	
2200 SOUTH 4TH STREET	66048	-94.90924299144721	39.29490333370685	
73 LOGAN STREET	66048	-94.90110692774664	39.28951902926185	
61 SANTA FE STREET	66048	-94.9009011299505	39.292258913736696	
71 SHERIDAN STREET	66048	-94.9014309960038	39.291314192546736	
3009 SOUTH 4TH STREET	66048	-94.90515583461801	39.2872051446394	
2700 SOUTH 4TH STREET	66048	-94.90765529757428	39.29019785000238	
2608 SOUTH 4TH STREET	66048	-94.90789584871982	39.29105120513286	
2516 SOUTH 4TH STREET	66048	-94.90806183982033	39.29164085822299	
2300 SOUTH 4TH STREET	66048	-94.9091704023507	39.29408983857353	
126 LOGAN STREET	66048	-94.90294227327375	39.28986669221576	
130 LOGAN STREET	66048	-94.90347956742148	39.28989840719038	
126 SHERIDAN STREET	66048	-94.90325610853716	39.29175650951723	
121 LOGAN STREET	66048	-94.90315299329893	39.289532629147224	
203 LOGAN STREET	66048	-94.90443498364185	39.28950827606988	
411 LOGAN STREET	66048	-94.90868988178066	39.2894346268143	
104 LOGAN STREET	66048	-94.90228545610654	39.2899687572705	
1910 SOUTH 4TH STREET	66048	-94.90935772576107	39.297891324205196	
2501 SOUTH 4TH STREET	66048	-94.90749790870936	39.29207242732815	
2209 SOUTH 4TH STREET	66048	-94.90857000322728	39.2944940476761	
2024 SOUTH 4TH STREET	66048	-94.9092005985894	39.29652486998323	
419 LIMIT STREET	66048	-94.90844773563009	39.28853254467562	
340 SANTA FE STREET	66048	-94.90772584283565	39.29275823643102	
404 VILAS STREET	66048	-94.90793030169279	39.29066763206603	
320 LOGAN STREET	66048	-94.90552238797213	39.28990437607467	
403 EVERGREEN STREET	66048	-94.90987863848635	39.29350845843477	
422 LIMIT STREET	66048	-94.90860001070912	39.288934471734834	
2727 STATE STREET	66048	-94.90882220187312	39.29003528290821	
409 VILAS STREET	66048	-94.90840615678626	39.290301435976986	
36 LOGAN STREET	66048	-94.89825675501638	39.289913462491384	
48 SANTA FE STREET	66048	-94.89941809758393	39.29260608888013	
2207 ROSE STREET	66048	-94.90989117059628	39.294633621624186	
64 SHERIDAN STREET	66048	-94.90092785090974	39.291751801649475	
66 VILAS STREET	66048	-94.90124605290659	39.29081349647267	
2701 WILSON AVENUE	66048	-94.89929511832874	39.29025901749046	
2404 WILSON AVENUE	66048	-94.9000302357921	39.293063658922456	
2917 RALPH BUNCHE DRIVE	66048	-94.90055682438224	39.28723371090697	
2908 RALPH BUNCHE DRIVE	66048	-94.90069285152458	39.28835108908809	
2912 RALPH BUNCHE DRIVE	66048	-94.9003264734121	39.28820453108426	
58 LIMIT STREET	66048	-94.90062143556902	39.28902352720585	
57 SANTA FE STREET	66048	-94.90050253384332	39.29226047775975	
27 SHERIDAN STREET	66048	-94.89845413619415	39.291230005702666	
505 SPENCER PLACE	66048	-94.90950482379587	39.28727669140299	
2902 HUGHES ROAD	66048	-94.90922319576518	39.28775356049969	
408 SHERIDAN STREET	66048	-94.90860063096444	39.29163041819045	
1926 SOUTH 4TH STREET	66048	-94.90922185564341	39.29703531506829	
319 LOGAN STREET	66048	-94.90583496101009	39.28941567397419	
408 LOGAN STREET	66048	-94.9083922027378	39.28982895289791	
44 LIMIT STREET	66048	-94.89863236103031	39.28899122431403	
59 LOGAN STREET	66048	-94.90025635851482	39.28949021930558	
82 LOGAN STREET	66048	-94.90157451090583	39.28987084229461	
101 LOGAN STREET	66048	-94.90214012902155	39.28948388519689	
60 SANTA FE STREET	66048	-94.9010148790185	39.292653644796935	
72 SHERIDAN STREET	66048	-94.90141063903947	39.29174893362136	
55 SHERIDAN STREET	66048	-94.90035712771505	39.29131894460892	
2622 STATE STREET	66048	-94.91007319726727	39.29064042393898	
413 REES STREET	66048	-94.90968448585545	39.29795866419787	
417 REES STREET	66048	-94.90991656392944	39.29808005120508	
2206 WILSON AVENUE	66048	-94.90106099023849	39.29484686816498	
416 SHERIDAN STREET	66048	-94.9087418450014	39.29161934118048	
106 LIMIT STREET	66048	-94.90247533906542	39.28899344809484	
2905 RALPH BUNCHE DRIVE	66048	-94.89991355131403	39.28834346213131	
2909 RALPH BUNCHE DRIVE	66048	-94.89990732929766	39.28818844010547	
2913 RALPH BUNCHE DRIVE	66048	-94.9001631092651	39.287115909909566	
2904 RALPH BUNCHE DRIVE	66048	-94.90145870675097	39.28856387608029	
503 SPENCER PLACE	66048	-94.90938467876259	39.28726670240814	
34 VILAS STREET	66048	-94.8982314080726	39.290579517605416	
207 VILAS STREET	66048	-94.90444941873236	39.290423931223785	
3003 SOUTH 4TH STREET	66048	-94.90520195863718	39.287276430648795	
324 SANTA FE STREET	66048	-94.90758377579738	39.29275832043918	
107 MARION STREET	66048	-94.90260181265768	39.29489107408437	
103 VILAS STREET	66048	-94.90217402311836	39.29041044335156	
2013 ROSE STREET	66048	-94.90986432373454	39.29617038088543	
73 VILAS STREET	66048	-94.90167260298695	39.290449058386734	
2603 WILSON AVENUE	66048	-94.89935862144874	39.291346575670666	
2515 WILSON AVENUE	66048	-94.89935530749	39.291791807746115	
511 SPENCER PLACE	66048	-94.90988459590399	39.28733820539166	
202 VILAS STREET	66048	-94.90430004672365	39.29075629628853	
390 LIMIT STREET	66048	-94.90632449912643	39.28925177991853	
334 EVERGREEN STREET	66048	-94.90786866003418	39.29444927670867	
420 VILAS STREET	66048	-94.90882956693706	39.29069005001844	
70 EVERGREEN STREET	66048	-94.90132972627426	39.294459934084216	
124 LIMIT STREET	66048	-94.90337384930659	39.28898495904203	
201 VILAS STREET	66048	-94.90426090768173	39.29042505423476	
2717 SOUTH 4TH STREET	66048	-94.90689869734993	39.289979834008754	
2310 SOUTH 4TH STREET	66048	-94.9091352882794	39.29343683946519	
2920 SOUTH 4TH STREET	66048	-94.90664555201586	39.28716989254829	
208 LOGAN STREET	66048	-94.90495548281109	39.289815322092025	
310 VILAS STREET	66048	-94.9065496443321	39.29078449616469	
39 LOGAN STREET	66048	-94.89872796310762	39.28953649040075	
201 LOGAN STREET	66048	-94.90423617558876	39.289512933082015	
412 LIMIT STREET	66048	-94.90808472657008	39.28893146876383	
1816 SOUTH 4TH STREET	66048	-94.90920317786664	39.299445814476684	
2309 SOUTH 1ST STREET	66048	-94.90164466527877	39.29361154392279	
75 SHERIDAN STREET	66048	-94.90160998805185	39.29131289253629	
200 LOGAN STREET	66048	-94.90429451467425	39.29025061920335	
77 LOGAN STREET	66048	-94.90133181880151	39.28945932123893	
70 SANTA FE STREET	66048	-94.90170041019752	39.29259441074776	
48 LIMIT STREET	66048	-94.89923244819241	39.28899713228074	
313 MARION STREET	66048	-94.9078721330773	39.29489491978375	
2207 SOUTH 1ST STREET	66048	-94.90164066438452	39.29474044311385	
2304 WILSON AVENUE	66048	-94.90041131396474	39.29380272302561	
39 VILAS STREET	66048	-94.89883865820433	39.2902435295139	
2921 MARTIN LUTHER KING DRIVE	66048	-94.90227245989658	39.28778633490238	
3030 WILSON AVENUE	66048	-94.9018285506767	39.28672596674847	
319 MARION STREET	66048	-94.908242835164	39.294756534739214	
422 SHERIDAN STREET	66048	-94.90924643314283	39.29167779016152	
135 VILAS STREET	66048	-94.90350686847688	39.2904062822747	
2508 SOUTH 1ST STREET	66048	-94.9020921062163	39.29167827157052	
2001 ROSE STREET	66048	-94.90985348878203	39.29670296597602	
208 VILAS STREET	66048	-94.90449358877656	39.29076497527889	
2200 WILSON AVENUE	66048	-94.90130264231534	39.29497107517216	
2940 MARTIN LUTHER KING DRIVE	66048	-94.9012548076008	39.28755692292174	
2936 MARTIN LUTHER KING DRIVE	66048	-94.90171782172726	39.28757589789847	
2933 MARTIN LUTHER KING DRIVE	66048	-94.90164538278597	39.28840262504235	
2920 MARTIN LUTHER KING DRIVE	66048	-94.90237031189235	39.28746353284219	
2916 MARTIN LUTHER KING DRIVE	66048	-94.90262162092495	39.28709265176516	
2908 MARTIN LUTHER KING DRIVE	66048	-94.90300861209137	39.28775046185426	
2917 MARTIN LUTHER KING DRIVE	66048	-94.90227139992784	39.28812016395887	
2905 MARTIN LUTHER KING DRIVE	66048	-94.9023032649818	39.288599335038036	
2904 MARTIN LUTHER KING DRIVE	66048	-94.9032559671949	39.28814051390606	
2900 MARTIN LUTHER KING DRIVE	66048	-94.90351743530657	39.2885763809648	
515 SPENCER PLACE	66048	-94.9101757989837	39.287352258377425	
416 VILAS STREET	66048	-94.90866253189222	39.29069144902823	
2937 MARTIN LUTHER KING DRIVE	66048	-94.90117485563154	39.28810955601969	
2932 MARTIN LUTHER KING DRIVE	66048	-94.90199194977615	39.28731223883827	
2924 MARTIN LUTHER KING DRIVE	66048	-94.90204768577073	39.28709608879857	
2912 MARTIN LUTHER KING DRIVE	66048	-94.90281002900387	39.28739067180478	
2909 MARTIN LUTHER KING DRIVE	66048	-94.90249722300437	39.28828634997406	
300 SANTA FE STREET	66048	-94.90547549022628	39.29272280855367	
3005 SOUTH 4TH STREET	66048	-94.90518479363007	39.287249903645304	
2606 SOUTH 4TH STREET	66048	-94.90793549173983	39.29114955314721	
2309 SOUTH 4TH STREET	66048	-94.90840530112627	39.29389566158443	
2017 SOUTH 4TH STREET	66048	-94.90835872138534	39.296764533071865	
3015 SOUTH 4TH STREET	66048	-94.90510775259854	39.28713588863044	
128 LOGAN STREET	66048	-94.90325778535843	39.289863182197124	
81 LOGAN STREET	66048	-94.90159244786368	39.28937435720968	
410 VILAS STREET	66048	-94.90849990484855	39.290692967037806	
209 MARION STREET	66048	-94.90476501524103	39.29489988196224	
306 VILAS STREET	66048	-94.90608555620986	39.2908133991961	
412 SHERIDAN STREET	66048	-94.90873515500496	39.291676092190514	
2400 WILSON AVENUE	66048	-94.90007178181567	39.293193978942156	
2944 MARTIN LUTHER KING DRIVE	66048	-94.90058491946495	39.288027705039624	
2928 MARTIN LUTHER KING DRIVE	66048	-94.90152933663113	39.28709587482813	
2929 MARTIN LUTHER KING DRIVE	66048	-94.90197630187794	39.28843239302848	
72 LOGAN STREET	66048	-94.90108345677406	39.28987564932344	
2210 WILSON AVENUE	66048	-94.90093715118677	39.294652365139136	
2913 MARTIN LUTHER KING DRIVE	66048	-94.9027213500329	39.287949837904385	
2925 MARTIN LUTHER KING DRIVE	66048	-94.90177030677462	39.28792675495479	
108 MARION STREET	66048	-94.90265392172066	39.2954085131688	
2504 WILSON AVENUE	66048	-94.89986604365653	39.2920983727687	
380 LIMIT STREET	66048	-94.90545485686663	39.28898105592246	
421 LIMIT STREET	66048	-94.90867672269142	39.28852963466207	
322 SANTA FE STREET	66048	-94.90752007378015	39.292757721442754	
26 SANTA FE STREET	66048	-94.89831273428716	39.292615222944825	
61 SHERIDAN STREET	66048	-94.90067290179641	39.29128003258431	
68 LIMIT STREET	66048	-94.90161595083633	39.289018111148096	
2209 ROSE STREET	66048	-94.90989465458853	39.294541854608504	
1921 ROSE STREET	66048	-94.90975179284082	39.29761313013561	
35 SANTA FE STREET	66048	-94.89869847235668	39.29225247686151	
56 VILAS STREET	66048	-94.90036451167748	39.29090143553794	
2707 WILSON AVENUE	66048	-94.89938719432195	39.28992536242879	
509 SPENCER PLACE	66048	-94.90979590588083	39.28734637239813	
61 EVERGREEN STREET	66048	-94.90091326112278	39.29404456503784	
203 VILAS STREET	66048	-94.90431301769574	39.2904247452317	
2305 SOUTH 1ST STREET	66048	-94.90164554729866	39.29381910595784	
35 VILAS STREET	66048	-94.89859869613339	39.290176894516364	
2308 WILSON AVENUE	66048	-94.90027771991166	39.29362254200283	
236 MARION STREET	66048	-94.90635326973423	39.29559142698831	
3000 WILSON AVENUE	66048	-94.90032615527365	39.2867422288371	
112 LIMIT STREET	66048	-94.90276132514215	39.28899064807803	
46 VILAS STREET	66048	-94.8994682314433	39.29097684460188	
404 LIMIT STREET	66048	-94.90751367141567	39.288924855795294	
150 SHERIDAN STREET	66048	-94.90385824768954	39.29165356946538	
115 VILAS STREET	66048	-94.90278051628448	39.290440410321956	
2205 SOUTH 4TH STREET	66048	-94.90858998025908	39.29477338872219	
3032 HUGHES ROAD	66048	-94.90929369770114	39.28687653934742	
2005 ROSE STREET	66048	-94.90985672176765	39.296541437948555	
2101 WILSON AVENUE	66048	-94.90064082119576	39.295590731314675	
210 VILAS STREET	66048	-94.90459134780305	39.29076714727368	
413 VILAS STREET	66048	-94.90864541585552	39.29035239397191	
512 UTAH STREET	66048	-94.90970589480423	39.28679293030974	
2426 WILSON AVENUE	66048	-94.8999164197482	39.292923618905334	
110 MARION STREET	66048	-94.90285231577411	39.29540876515752	
2216 WILSON AVENUE	66048	-94.90081613013741	39.29447584011625	
1908 SOUTH 4TH STREET	66048	-94.9093071337475	39.29789178920814	
1914 SOUTH 4TH STREET	66048	-94.9091939256866	39.29757077916039	
2434 WILSON AVENUE	66048	-94.89993822872619	39.29262871985426	
1825 SOUTH 4TH STREET	66048	-94.90829826157746	39.29896488744713	
2705 SOUTH 2ND STREET	66048	-94.90379112953862	39.29024988323198	
68 SHERIDAN STREET	66048	-94.90118784197955	39.29175025463436	
1922 SOUTH 4TH STREET	66048	-94.90922297666206	39.29722894110095	
2507 SOUTH 4TH STREET	66048	-94.9074708746956	39.29200456031825	
2407 SOUTH 1ST STREET	66048	-94.90153214419975	39.29309687484228	
2201 SOUTH 1ST STREET	66048	-94.90169806342013	39.29495322014653	
409 MARION STREET	66048	-94.90994572163913	39.29493161767145	
2500 SOUTH 1ST STREET	66048	-94.90217494228924	39.2922133326562	
418 SHERIDAN STREET	66048	-94.90877569301045	39.291618779178485	
2301 WILSON AVENUE	66048	-94.89984674082754	39.29395997208449	
421 VILAS STREET	66048	-94.90887734191786	39.29035068195834	
402 EVERGREEN STREET	66048	-94.9099037365438	39.294043915523844	
2700 WILSON AVENUE	66048	-94.89987183450184	39.29044681748925	
2510 WILSON AVENUE	66048	-94.89986699361738	39.29168187569824	
513 SPENCER PLACE	66048	-94.90997847593	39.28734656838772	
311 VILAS STREET	66048	-94.90635910624073	39.29036139910407	
2712 SOUTH 4TH STREET	66048	-94.90758616954396	39.290074217985435	
2920 SOUTH 4TH STREET	66048	-94.90655961098945	39.287135417547425	
410 SHERIDAN STREET	66048	-94.90862175697008	39.29163006818919	
408 VILAS STREET	66048	-94.90828947579213	39.290695291050206	
69 LOGAN STREET	66048	-94.90086484568269	39.28953211027792	
131 LOGAN STREET	66048	-94.90348138338702	39.28952906712789	
123 MARION STREET	66048	-94.90374917296921	39.29491788402332	
103 MARION STREET	66048	-94.90216347354269	39.294923748114954	
2818 WILSON AVENUE	66048	-94.89989163337545	39.28905510625288	
2901 MARTIN LUTHER KING DRIVE	66048	-94.90285563312887	39.288581615003466	
2621 SOUTH 4TH STREET	66048	-94.9071948514965	39.29068598111119	
2508 SOUTH 4TH STREET	66048	-94.90822325088881	39.29190488625838	
2108 SOUTH 4TH STREET	66048	-94.90934936752915	39.29546594279582	
2915 TRAILS HEAD DRIVE	66048	-94.90477186059383	39.28804214280282	
40 LIMIT STREET	66048	-94.8981003128836	39.288955452338406	
45 LOGAN STREET	66048	-94.89909601620732	39.28954266338074	
64 LOGAN STREET	66048	-94.90058957064413	39.28990840535721	
2020 SOUTH 4TH STREET	66048	-94.90919932156916	39.29631523694789	
326 LOGAN STREET	66048	-94.9063726101969	39.28986017201862	
416 LIMIT STREET	66048	-94.90823594060984	39.288921715753496	
405 VILAS STREET	66048	-94.90808983270281	39.29031951699809	
105 LOGAN STREET	66048	-94.90235973408045	39.28948147918391	
2100 SOUTH 4TH STREET	66048	-94.90938254856395	39.29573917184011	
2110 SOUTH 4TH STREET	66048	-94.90918638046107	39.29521046676195	
309 MARION STREET	66048	-94.9075279799905	39.29495726681398	
201 MARION STREET	66048	-94.90412606107391	39.29495226700757	
414 SHERIDAN STREET	66048	-94.90876230201225	39.29167564118888	
68 LOGAN STREET	66048	-94.90093123573334	39.28987877033272	
69 SANTA FE STREET	66048	-94.90127274305046	39.29225751871526	
76 SHERIDAN STREET	66048	-94.90164280009989	39.29172687560436	
52 SHERIDAN STREET	66048	-94.9004018087647	39.291716786673575	
112 MARION STREET	66048	-94.90308033085	39.295561775170356	
133 VILAS STREET	66048	-94.90332571342816	39.290407054285154	
204 VILAS STREET	66048	-94.90433667273335	39.29075475228613	
206 VILAS STREET	66048	-94.90445420976577	39.29076291428083	
235 MARION STREET	66048	-94.90667130575562	39.29491281085543	
326 SANTA FE STREET	66048	-94.9076514758154	39.29275600943492	
102 SANTA FE STREET	66048	-94.90237450437606	39.29256310270393	
30 SANTA FE STREET	66048	-94.8988080284174	39.292582572911016	
74 MARION STREET	66048	-94.90155917744008	39.29555878025682	
500 LIMIT STREET	66048	-94.90961364500154	39.289140236711724	
211 MARION STREET	66048	-94.90484728223112	39.29456083390024	
426 LIMIT STREET	66048	-94.90886410479564	39.289097201747246	
2301 SOUTH 1ST STREET	66048	-94.90164619231538	39.293993928987355	
71 EVERGREEN STREET	66048	-94.90111687117776	39.29404595202642	
2211 ROSE STREET	66048	-94.9098977705813	39.29445715659401	
1914 ROSE STREET	66048	-94.91015316797042	39.297839860151	
63 VILAS STREET	66048	-94.90090900677878	39.29042179142576	
2600 WILSON AVENUE	66048	-94.89987394358546	39.29132483363754	
507 SPENCER PLACE	66048	-94.90962054082763	39.28728277639739	
306 LIMIT STREET	66048	-94.9046336776359	39.28887989995231	
420 REES STREET	66048	-94.91008296001432	39.29850316426708	
24 VILAS STREET	66048	-94.89789821298919	39.29064673263582	
2312 WILSON AVENUE	66048	-94.9001697488678	39.29346617498253	
3011 SOUTH 4TH STREET	66048	-94.9051410846119	39.287182346636364	
2706 SOUTH 4TH STREET	66048	-94.90762641556124	39.290141977994566	
2604 SOUTH 4TH STREET	66048	-94.90797127275783	39.2912383631602	
2900 SOUTH 4TH STREET	66048	-94.9076815544095	39.28838204969395	
1820 SOUTH 4TH STREET	66048	-94.90917563082606	39.29909554541904	
38 LIMIT STREET	66048	-94.89779331580742	39.289024117367504	
42 LIMIT STREET	66048	-94.89833038194769	39.28897787532899	
46 LIMIT STREET	66048	-94.89903162813728	39.28898571729027	
51 LOGAN STREET	66048	-94.89982609540468	39.28955074734039	
2231 WILSON AVENUE	66048	-94.89932324974689	39.29459768022219	
315 SANTA FE STREET	66048	-94.90689456356002	39.29221137538615	
404 SHERIDAN STREET	66048	-94.90858722796592	39.291684503200344	
119 MARION STREET	66048	-94.90346336789239	39.29491976903995	
100 LIMIT STREET	66048	-94.90221841399598	39.28899072410905	
31 LOGAN STREET	66048	-94.8980779569288	39.2894965744311	
59 SHERIDAN STREET	66048	-94.90061678178132	39.2912804395876	
421 REES STREET	66048	-94.91010878498112	39.29807949119402	
205 VILAS STREET	66048	-94.904377387713	39.290424360227995	
408 MARION STREET	66048	-94.9096975826052	39.29527833574423	
303 MONTANA COURT	66048	-94.90469257052182	39.28750708771691	
315 MARION STREET	66048	-94.90801298310232	39.29475893075273	
2406 SOUTH 1ST STREET	66048	-94.90210551235906	39.29314841281818	
408 LIMIT STREET	66048	-94.90789881851873	39.28891772777209	
202 LOGAN STREET	66048	-94.904360197692	39.29025123419972	
131 VILAS STREET	66048	-94.90314823038045	39.29040766329537	
118 LIMIT STREET	66048	-94.90303840821653	39.28898796006174	
42 VILAS STREET	66048	-94.89908144632088	39.29078442359149	
411 VILAS STREET	66048	-94.90858708083978	39.290351979975185	
2013 1/2 ROSE STREET	66048	-94.90985388673766	39.29623329789664	
2205 WILSON AVENUE	66048	-94.90039468706969	39.294959425222046	
2607 WILSON AVENUE	66048	-94.8992878014117	39.29115649164259	
212 VILAS STREET	66048	-94.90464767281807	39.29076561627022	
2703 SOUTH 2ND STREET	66048	-94.9038185845571	39.290366949250235	
106 MARION STREET	66048	-94.90234628763129	39.29533930117471	
2309 WILSON AVENUE	66048	-94.89908348362697	39.29401257113696	
2601 SOUTH 4TH STREET	66048	-94.90741385061646	39.291330491207574	
2107 SOUTH 4TH STREET	66048	-94.90735163500877	39.2956516189414	
2906 SOUTH 4TH STREET	66048	-94.90670912212127	39.288102842702386	
2616 SOUTH 4TH STREET	66048	-94.90784953668356	39.29079981509301	
207 LOGAN STREET	66048	-94.9046938167111	39.28950387905429	
413 LOGAN STREET	66048	-94.90889664483628	39.28943407680234	
412 LOGAN STREET	66048	-94.90868865881646	39.28981667387889	
405 LOGAN STREET	66048	-94.90803105060384	39.289440749852965	
115 MARION STREET	66048	-94.90317107981383	39.294921209056895	
56 LOGAN STREET	66048	-94.90005854549875	39.289883301383334	
56 SANTA FE STREET	66048	-94.90055902889605	39.292657321823604	
67 SHERIDAN STREET	66048	-94.90125937695768	39.29131544855678	
3108 SOUTH 4TH STREET	66048	-94.90594750679149	39.28678549652325	
63 LOGAN STREET	66048	-94.9005530745964	39.2895073012915	
129 LOGAN STREET	66048	-94.9033243673449	39.2895307651371	
1904 SOUTH 4TH STREET	66048	-94.90913604070293	39.29790776422062	
2430 WILSON AVENUE	66048	-94.89995026274082	39.29274891687383	
2700 HOME PLACE	66048	-94.89781557590099	39.28994988952273	
2830 SOUTH 4TH STREET	66048	-94.90726969038747	39.28932101187621	
115 SANTA FE STREET	66048	-94.90302249151995	39.292239273612125	
49 SANTA FE STREET	66048	-94.89943296155514	39.292259035820635	
203 MARION STREET	66048	-94.90421177309695	39.29495141800257	
406 SHERIDAN STREET	66048	-94.90861207897261	39.29168409019889	
2920 SOUTH 4TH STREET	66048	-94.90660843398906	39.28699262352049	
2920 SOUTH 4TH STREET	66048	-94.90684683107534	39.28722626954633	
1901 SOUTH 2ND STREET	66048	-94.90372000333993	39.29891641770065	
3007 SOUTH 4TH STREET	66048	-94.9051694756237	39.28722622564218	
2114 SOUTH 2ND STREET	66048	-94.90434013921814	39.295866947149946	
2612 SOUTH 4TH STREET	66048	-94.9078432386933	39.29092096211386	
1900 SOUTH 4TH STREET	66048	-94.90917103873386	39.298134800256975	
3120 SOUTH 4TH STREET	66048	-94.90578038672936	39.286604053502096	
2313 SOUTH 1ST STREET	66048	-94.90164380626138	39.293430363892256	
501 LIMIT STREET	66048	-94.90944092088537	39.28840444559722	
2211 SOUTH 1ST STREET	66048	-94.90152644333716	39.2945649050907	
2030 SOUTH 4TH STREET	66048	-94.90919992056591	39.29627934794179	
2705 SOUTH 4TH STREET	66048	-94.90694729437699	39.29012769103097	
2701 SOUTH 4TH STREET	66048	-94.90693378939058	39.29030937806247	
2916 SOUTH 4TH STREET	66048	-94.90789670940097	39.287679780562975	
3001 SOUTH 4TH STREET	66048	-94.90521867864415	39.28730227265221	
2620 SOUTH 4TH STREET	66048	-94.90774643964464	39.290681642078944	
2510 SOUTH 4TH STREET	66048	-94.9081926088732	39.291827170247046	
2010 SOUTH 4TH STREET	66048	-94.9091998275949	39.296585708993575	
2025 SOUTH 4TH STREET	66048	-94.90861221239432	39.29613818495156	
207 MARION STREET	66048	-94.90462687220403	39.29490152797039	
518 UTAH STREET	66048	-94.91003054189136	39.28678962529061	
2912 SOUTH 4TH STREET	66048	-94.90651026304546	39.287867906674016	
1906 SOUTH 4TH STREET	66048	-94.90919957272007	39.297907847217026	
2300 1/2 SOUTH 4TH STREET	66048	-94.90945442941656	39.29397780053832	
1824 SOUTH 4TH STREET	66048	-94.90943137784757	39.298595192319866	
136 LOGAN STREET	66048	-94.9038420355151	39.289856435162605	
64 LIMIT STREET	66048	-94.90119792072396	39.289020197172334	
3013 SOUTH 4TH STREET	66048	-94.9051257236055	39.287158607633245	
2710 SOUTH 4TH STREET	66048	-94.90760631255353	39.29011775599164	
2500 SOUTH 4TH STREET	66048	-94.90844794897359	39.292161684288956	
2212 SOUTH 4TH STREET	66048	-94.90925119039126	39.29428859160245	
2901 SOUTH 4TH STREET	66048	-94.90599901895098	39.28832428478039	
2720 SOUTH 4TH STREET	66048	-94.90755575752857	39.289998141974294	
2701 SOUTH 2ND STREET	66048	-94.90382546956302	39.2904099282571	
396 LIMIT STREET	66048	-94.90636085310183	39.28888890285514	
2613 SOUTH 4TH STREET	66048	-94.90732265755864	39.29097897115339	
2925 SOUTH 4TH STREET	66048	-94.9055512287811	39.287803306717926	
2111 SOUTH 4TH STREET	66048	-94.90859910933938	39.29559533686056	
2206 SOUTH 4TH STREET	66048	-94.90926311743503	39.294717037674175	
318 SHERIDAN STREET	66048	-94.9069396615215	39.291676230293106	
316 SHERIDAN STREET	66048	-94.90657564342256	39.29166677731235	
315 SHERIDAN STREET	66048	-94.90651696836674	39.29124394324424	
329 SHERIDAN STREET	66048	-94.90690752547216	39.291246551222365	
411 SHERIDAN STREET	66048	-94.90883621499505	39.29128360111839	
407 SHERIDAN STREET	66048	-94.90864607394411	39.291286651129745	
2531 SOUTH 4TH STREET	66048	-94.9073913976566	39.291818225291316	
2551 SOUTH 4TH STREET	66048	-94.90735788064116	39.291750657281796	
2840 SOUTH 4TH STREET	66048	-94.90720229135049	39.2891220018464	
2924 SOUTH 4TH STREET	66048	-94.9060914318843	39.28735647761154	
1918 SOUTH 4TH STREET	66048	-94.90938700271786	39.29735182511234	
2516 SOUTH 4TH STREET	66048	-94.90819574085484	39.291624619212605	
2516 SOUTH 4TH STREET	66048	-94.90819655285205	39.29159220920711	
2516 SOUTH 4TH STREET	66048	-94.90809738882805	39.291621054217636	
2701 WILSON AVENUE	66048	-94.89935862435213	39.290325570498055	
2900 MARTIN LUTHER KING DRIVE	66048	-94.90315630720983	39.288581921986385	
2900 MARTIN LUTHER KING DRIVE	66048	-94.90337034226715	39.28857867097359	
2900 MARTIN LUTHER KING DRIVE	66048	-94.90322373422788	39.28858037598224	
2900 MARTIN LUTHER KING DRIVE	66048	-94.90329692224756	39.28858041497804	
2900 MARTIN LUTHER KING DRIVE	66048	-94.90343998328599	39.288579090969684	
2901 RALPH BUNCHE DRIVE	66048	-94.9001484074018	39.2886031291618	
2921 RALPH BUNCHE DRIVE	66048	-94.90069162642843	39.28733836591698	
2900 RALPH BUNCHE DRIVE	66048	-94.90122045068978	39.28859516409919	
2916 RALPH BUNCHE DRIVE	66048	-94.9003041613373	39.28747761396265	
2920 RALPH BUNCHE DRIVE	66048	-94.90070155747127	39.28776247898813	
2917 RALPH BUNCHE DRIVE	66048	-94.90036471431932	39.28711556589799	
2908 RALPH BUNCHE DRIVE	66048	-94.90099448959238	39.28820893104685	
2912 RALPH BUNCHE DRIVE	66048	-94.90032188238052	39.28788390803032	
2905 RALPH BUNCHE DRIVE	66048	-94.89991605334026	39.288613952176945	
2909 RALPH BUNCHE DRIVE	66048	-94.89990587427145	39.2879153420594	
2913 RALPH BUNCHE DRIVE	66048	-94.89991910422056	39.28733977696134	
2904 RALPH BUNCHE DRIVE	66048	-94.9012498216688	39.28829004304595	
2921 MARTIN LUTHER KING DRIVE	66048	-94.90258923896977	39.28765883286274	
2936 MARTIN LUTHER KING DRIVE	66048	-94.90156195966152	39.28732446086491	
2933 MARTIN LUTHER KING DRIVE	66048	-94.90144150770566	39.28813345600854	
2920 MARTIN LUTHER KING DRIVE	66048	-94.9022654798474	39.287286662818325	
2916 MARTIN LUTHER KING DRIVE	66048	-94.90274140097476	39.28727850378974	
2908 MARTIN LUTHER KING DRIVE	66048	-94.9031624041568	39.28800374988828	
2917 MARTIN LUTHER KING DRIVE	66048	-94.9021030238566	39.28784621692219	
2905 MARTIN LUTHER KING DRIVE	66048	-94.90229604595315	39.288317272990774	
2904 MARTIN LUTHER KING DRIVE	66048	-94.90335863923835	39.28830730992834	
2937 MARTIN LUTHER KING DRIVE	66048	-94.90133840366478	39.287994910990975	
2932 MARTIN LUTHER KING DRIVE	66048	-94.90211917683045	39.287524044866785	
2924 MARTIN LUTHER KING DRIVE	66048	-94.90237214685789	39.287093747779615	
2912 MARTIN LUTHER KING DRIVE	66048	-94.90292307705154	39.28757264882908	
2909 MARTIN LUTHER KING DRIVE	66048	-94.90284686709832	39.28828372495366	
2944 MARTIN LUTHER KING DRIVE	66048	-94.90088629353087	39.28786688799518	
2929 MARTIN LUTHER KING DRIVE	66048	-94.90176288783326	39.2885678910636	
2913 MARTIN LUTHER KING DRIVE	66048	-94.9024401719679	39.28806326393959	
2925 MARTIN LUTHER KING DRIVE	66048	-94.90199086986185	39.288221169991985	
2901 MARTIN LUTHER KING DRIVE	66048	-94.90249567503253	39.2885884990252	
2928 RALPH BUNCHE DRIVE	66048	-94.90179825370406	39.287101517813745	
2901 RALPH BUNCHE DRIVE	66048	-94.90021249341892	39.288601575157884	
2921 RALPH BUNCHE DRIVE	66048	-94.90074114444552	39.28737760092077	
2900 RALPH BUNCHE DRIVE	66048	-94.901149741671	39.28859805310376	
2916 RALPH BUNCHE DRIVE	66048	-94.90025314232702	39.28751417397176	
2920 RALPH BUNCHE DRIVE	66048	-94.90063631445081	39.28773188798663	
2917 RALPH BUNCHE DRIVE	66048	-94.90039765533062	39.28714100390043	
2908 RALPH BUNCHE DRIVE	66048	-94.90093558057927	39.28823779105509	
2912 RALPH BUNCHE DRIVE	66048	-94.90032124340478	39.28814215207404	
2905 RALPH BUNCHE DRIVE	66048	-94.89991265433414	39.2885587771678	
2909 RALPH BUNCHE DRIVE	66048	-94.89990819527708	39.28796857306825	
2913 RALPH BUNCHE DRIVE	66048	-94.89995269922531	39.2872946469518	
2904 RALPH BUNCHE DRIVE	66048	-94.9012950216861	39.28834370905243	
2921 MARTIN LUTHER KING DRIVE	66048	-94.9025142409532	39.28769642487338	
2936 MARTIN LUTHER KING DRIVE	66048	-94.90159149567458	39.28737842487235	
2933 MARTIN LUTHER KING DRIVE	66048	-94.90148198272122	39.28818294201462	
2920 MARTIN LUTHER KING DRIVE	66048	-94.90228950385693	39.28731949582248	
2916 MARTIN LUTHER KING DRIVE	66048	-94.9027226209672	39.28725201178633	
2908 MARTIN LUTHER KING DRIVE	66048	-94.90312874814255	39.28794920088097	
2917 MARTIN LUTHER KING DRIVE	66048	-94.90215632287642	39.28790415192892	
2905 MARTIN LUTHER KING DRIVE	66048	-94.90229499795844	39.28837590900075	
2904 MARTIN LUTHER KING DRIVE	66048	-94.90333480322872	39.288273647924065	
2937 MARTIN LUTHER KING DRIVE	66048	-94.90130742565833	39.28801542999625	
2932 MARTIN LUTHER KING DRIVE	66048	-94.90209950782194	39.28748989786218	
2924 MARTIN LUTHER KING DRIVE	66048	-94.90231414284223	39.28709387378297	
2912 MARTIN LUTHER KING DRIVE	66048	-94.90290379104262	39.28753326582353	
2909 MARTIN LUTHER KING DRIVE	66048	-94.90279033108325	39.28828532195714	
2944 MARTIN LUTHER KING DRIVE	66048	-94.90081633651532	39.287901512005035	
2929 MARTIN LUTHER KING DRIVE	66048	-94.90179556083979	39.28854372105762	
2913 MARTIN LUTHER KING DRIVE	66048	-94.9024826329778	39.28804674693437	
2925 MARTIN LUTHER KING DRIVE	66048	-94.90196155785036	39.28818294998719	
2901 MARTIN LUTHER KING DRIVE	66048	-94.90257511205337	39.28858250301969	
2928 RALPH BUNCHE DRIVE	66048	-94.90174887369069	39.28710091881643	
2901 RALPH BUNCHE DRIVE	66048	-94.90027640743614	39.288601439154235	
2921 RALPH BUNCHE DRIVE	66048	-94.90080389146475	39.28740216292136	
2900 RALPH BUNCHE DRIVE	66048	-94.90107142365005	39.28859954610844	
2916 RALPH BUNCHE DRIVE	66048	-94.90021925032211	39.287559057981255	
2920 RALPH BUNCHE DRIVE	66048	-94.90058861543496	39.28770009498403	
2917 RALPH BUNCHE DRIVE	66048	-94.90043875234308	39.287155451900524	
2908 RALPH BUNCHE DRIVE	66048	-94.90085248356058	39.28827698906642	
2912 RALPH BUNCHE DRIVE	66048	-94.90032530239978	39.288077874062914	
2905 RALPH BUNCHE DRIVE	66048	-94.89990853932868	39.288512881160266	
2909 RALPH BUNCHE DRIVE	66048	-94.8999076812823	39.288024891077825	
2913 RALPH BUNCHE DRIVE	66048	-94.89999336023332	39.28726329694421	
2904 RALPH BUNCHE DRIVE	66048	-94.9013395407046	39.2884128560616	
2921 MARTIN LUTHER KING DRIVE	66048	-94.902442325936	39.28771978988144	
2936 MARTIN LUTHER KING DRIVE	66048	-94.9016243166874	39.28742055287756	
2933 MARTIN LUTHER KING DRIVE	66048	-94.90151878273645	39.28823924602202	
2920 MARTIN LUTHER KING DRIVE	66048	-94.90229838786135	39.28734071782555	
2916 MARTIN LUTHER KING DRIVE	66048	-94.90269402595506	39.28720451177994	
2908 MARTIN LUTHER KING DRIVE	66048	-94.90309794812957	39.28789949587433	
2917 MARTIN LUTHER KING DRIVE	66048	-94.9021658138817	39.287932543933174	
2905 MARTIN LUTHER KING DRIVE	66048	-94.90230017596517	39.28843256401001	
2904 MARTIN LUTHER KING DRIVE	66048	-94.90331840422135	39.288241853919615	
2937 MARTIN LUTHER KING DRIVE	66048	-94.90127024665074	39.288040911002646	
2932 MARTIN LUTHER KING DRIVE	66048	-94.90207294481121	39.287451989857274	
2924 MARTIN LUTHER KING DRIVE	66048	-94.90224294882309	39.287093889786995	
2912 MARTIN LUTHER KING DRIVE	66048	-94.90288039003349	39.287503669819884	
2909 MARTIN LUTHER KING DRIVE	66048	-94.90273890106944	39.28828598096016	
2944 MARTIN LUTHER KING DRIVE	66048	-94.90068377648619	39.287970957024356	
2929 MARTIN LUTHER KING DRIVE	66048	-94.90183923584938	39.28852055805123	
2913 MARTIN LUTHER KING DRIVE	66048	-94.90252694198746	39.28802312392784	
2925 MARTIN LUTHER KING DRIVE	66048	-94.90193038483771	39.28813824198137	
2901 MARTIN LUTHER KING DRIVE	66048	-94.90264042007108	39.28858376301613	
2928 RALPH BUNCHE DRIVE	66048	-94.90170482167858	39.287097839818415	
2901 RALPH BUNCHE DRIVE	66048	-94.9003455434548	39.288601694150294	
2921 RALPH BUNCHE DRIVE	66048	-94.90085222548136	39.28744041092506	
2900 RALPH BUNCHE DRIVE	66048	-94.90098713162713	39.28859730411288	
2916 RALPH BUNCHE DRIVE	66048	-94.90013881730644	39.28762249599662	
2920 RALPH BUNCHE DRIVE	66048	-94.90053208141659	39.287666873981635	
2917 RALPH BUNCHE DRIVE	66048	-94.9004897903599	39.28718804990307	
2908 RALPH BUNCHE DRIVE	66048	-94.90078151154444	39.2883083500758	
2912 RALPH BUNCHE DRIVE	66048	-94.90032297839292	39.28801223305195	
2905 RALPH BUNCHE DRIVE	66048	-94.89991097732478	39.28846453615198	
2909 RALPH BUNCHE DRIVE	66048	-94.89990834828826	39.28808585208806	
2913 RALPH BUNCHE DRIVE	66048	-94.90005299724454	39.28721218193214	
2904 RALPH BUNCHE DRIVE	66048	-94.90138749272326	39.28847374906917	
2921 MARTIN LUTHER KING DRIVE	66048	-94.90237741792082	39.2877442958893	
2936 MARTIN LUTHER KING DRIVE	66048	-94.9016604507026	39.287478030885254	
2933 MARTIN LUTHER KING DRIVE	66048	-94.90157317375751	39.2883072250304	
2920 MARTIN LUTHER KING DRIVE	66048	-94.90233129687536	39.28739477083285	
2916 MARTIN LUTHER KING DRIVE	66048	-94.90266606694362	39.287163466774594	
2908 MARTIN LUTHER KING DRIVE	66048	-94.90304112810448	39.28779603986012	
2917 MARTIN LUTHER KING DRIVE	66048	-94.90223050490712	39.288017488943844	
2905 MARTIN LUTHER KING DRIVE	66048	-94.90230093197036	39.28848504701882	
2904 MARTIN LUTHER KING DRIVE	66048	-94.90329393921127	39.28820507591477	
2937 MARTIN LUTHER KING DRIVE	66048	-94.90123655764386	39.28806374300844	
2932 MARTIN LUTHER KING DRIVE	66048	-94.90204282679858	39.2874042108509	
2924 MARTIN LUTHER KING DRIVE	66048	-94.90217124980421	39.287098420791864	
2912 MARTIN LUTHER KING DRIVE	66048	-94.90285237302221	39.28746393481473	
2909 MARTIN LUTHER KING DRIVE	66048	-94.90264064804278	39.28828372696541	
2944 MARTIN LUTHER KING DRIVE	66048	-94.90074976250129	39.28794290401587	
2929 MARTIN LUTHER KING DRIVE	66048	-94.90189295086117	39.28849241704343	
2913 MARTIN LUTHER KING DRIVE	66048	-94.90260845400704	39.28799786791896	
2925 MARTIN LUTHER KING DRIVE	66048	-94.90186719781342	39.288060967971965	
2901 MARTIN LUTHER KING DRIVE	66048	-94.90271328509046	39.288580693011475	
2928 RALPH BUNCHE DRIVE	66048	-94.90163700866024	39.28709770482227	
2901 RALPH BUNCHE DRIVE	66048	-94.90041155947249	39.28860114514643	
2921 RALPH BUNCHE DRIVE	66048	-94.90090137449846	39.287481066929146	
2900 RALPH BUNCHE DRIVE	66048	-94.90092271160972	39.288596783116475	
2916 RALPH BUNCHE DRIVE	66048	-94.90018371731574	39.287592451988935	
2920 RALPH BUNCHE DRIVE	66048	-94.90047652939835	39.287632249978934	
2917 RALPH BUNCHE DRIVE	66048	-94.90050798536657	39.287206896905246	
2908 RALPH BUNCHE DRIVE	66048	-94.90072768253228	39.28833330008312	
2912 RALPH BUNCHE DRIVE	66048	-94.90032237638613	39.287942346040175	
2905 RALPH BUNCHE DRIVE	66048	-94.89990429031758	39.288407365142646	
2909 RALPH BUNCHE DRIVE	66048	-94.89990792129323	39.288140071097295	
2913 RALPH BUNCHE DRIVE	66048	-94.90007870024768	39.2871720889239	
2904 RALPH BUNCHE DRIVE	66048	-94.90142672173859	39.28852367907535	
2921 MARTIN LUTHER KING DRIVE	66048	-94.90230148790332	39.287775184898855	
2936 MARTIN LUTHER KING DRIVE	66048	-94.90169087671593	39.28753273489273	
2933 MARTIN LUTHER KING DRIVE	66048	-94.90160744277094	39.288351300035885	
2920 MARTIN LUTHER KING DRIVE	66048	-94.90235013288347	39.28742698783722	
2916 MARTIN LUTHER KING DRIVE	66048	-94.90264484293469	39.28712975577011	
2908 MARTIN LUTHER KING DRIVE	66048	-94.9030642671154	39.28784554186713	
2917 MARTIN LUTHER KING DRIVE	66048	-94.90224206791306	39.28804760494828	
2905 MARTIN LUTHER KING DRIVE	66048	-94.90230287697655	39.288545430028925	
2904 MARTIN LUTHER KING DRIVE	66048	-94.90327661520358	39.28817337591043	
2937 MARTIN LUTHER KING DRIVE	66048	-94.90120044263656	39.28808949101485	
2932 MARTIN LUTHER KING DRIVE	66048	-94.90201314778709	39.28736741284639	
2924 MARTIN LUTHER KING DRIVE	66048	-94.90210826678674	39.287093169794616	
2912 MARTIN LUTHER KING DRIVE	66048	-94.9028357780145	39.28742963180988	
2909 MARTIN LUTHER KING DRIVE	66048	-94.90257054802417	39.28828675096995	
2944 MARTIN LUTHER KING DRIVE	66048	-94.90063866547666	39.28799885003164	
2929 MARTIN LUTHER KING DRIVE	66048	-94.90193391886925	39.2884610750358	
2913 MARTIN LUTHER KING DRIVE	66048	-94.90266879402023	39.28796561091003	
2925 MARTIN LUTHER KING DRIVE	66048	-94.90181433979275	39.28799302996346	
2901 MARTIN LUTHER KING DRIVE	66048	-94.90278461911001	39.28858449800803	
2928 RALPH BUNCHE DRIVE	66048	-94.90159208164845	39.287100563825334	
108 LOGAN STREET	66048	-94.90255625017976	39.28997167525552	
104 LOGAN STREET	66048	-94.90223396109256	39.289967387273265	
108 LOGAN STREET	66048	-94.90251154716822	39.28997699825903	
104 LOGAN STREET	66048	-94.90218570707982	39.28996975427639	
108 LOGAN STREET	66048	-94.90245998915434	39.28997705826197	
104 LOGAN STREET	66048	-94.9021341480659	39.28996981427934	
150 MARION STREET	66048	-94.90373035803415	39.29565770814942	
150 MARION STREET	66048	-94.90383576506204	39.295652787142544	
150 MARION STREET	66048	-94.90372729802611	39.29558139213672	
150 MARION STREET	66048	-94.90384100805629	39.295576736129384	
150 MARION STREET	66048	-94.9037197640159	39.295495200122545	
150 MARION STREET	66048	-94.90382510004419	39.29549444111642	
150 MARION STREET	66048	-94.90372717500844	39.295395272105246	
150 MARION STREET	66048	-94.9038351530384	39.29540425410058	
150 MARION STREET	66048	-94.90372046600105	39.29533598909562	
2205 SOUTH 4TH STREET	66048	-94.90866207027855	39.29477410971818	
403 EVERGREEN STREET	66048	-94.91002006452392	39.29350267142569	
403 EVERGREEN STREET	66048	-94.91002189552043	39.29346098841859	
403 EVERGREEN STREET	66048	-94.90987899048241	39.293465544427505	
1918 SOUTH 4TH STREET	66048	-94.90938551972594	39.29744144912757	
1912 SOUTH 4TH STREET	66048	-94.90940846377454	39.29788909320192	
2113 SOUTH 4TH STREET	66048	-94.90859989233527	39.29554957085282	
2115 SOUTH 4TH STREET	66048	-94.90859602232936	39.29549795984432	
2117 SOUTH 4TH STREET	66048	-94.90859562232478	39.29545120883642	
2500 SOUTH 2ND STREET	66048	-94.90500819104449	39.29213152248047	
1807 SOUTH 2ND STREET	66048	-94.90388012443125	39.29942577977757	
2019 SOUTH 3RD STREET	66048	-94.9062209197704	39.29635007912407	
2920 SOUTH 4TH STREET	66048	-94.9068952690905	39.28724830254729	
2920 SOUTH 4TH STREET	66048	-94.9069686271122	39.28726885054658	
2920 SOUTH 4TH STREET	66048	-94.90701458812606	39.28728437854657	
2622 STATE STREET	66048	-94.91017295029341	39.29063305393203	
2622 STATE STREET	66048	-94.91007200426952	39.29066757794363	
2622 STATE STREET	66048	-94.91017175829566	39.290660207936696	
2622 STATE STREET	66048	-94.91007265127224	39.2906947809482	
2622 STATE STREET	66048	-94.91017240429845	39.29068741094126	
2622 STATE STREET	66048	-94.90953959412279	39.29063199196808	
2622 STATE STREET	66048	-94.90963934714893	39.290624621961086	
2622 STATE STREET	66048	-94.90953840112503	39.29065914597268	
2622 STATE STREET	66048	-94.90963815415117	39.29065177696574	
2622 STATE STREET	66048	-94.90953904812775	39.29068634897724	
2622 STATE STREET	66048	-94.90963880115396	39.29067897897032	
2622 STATE STREET	66048	-94.90981743019803	39.29063650095291	
2622 STATE STREET	66048	-94.90991718422417	39.29062913094598	
2622 STATE STREET	66048	-94.90981623720029	39.29066365495759	
2622 STATE STREET	66048	-94.90991599122641	39.290656284950636	
2622 STATE STREET	66048	-94.90981688420301	39.29069085796213	
2622 STATE STREET	66048	-94.9099166372292	39.2906834879552	
2201 SOUTH 4TH STREET	66048	-94.90879326633673	39.29501510475142	
24 SHERIDAN STREET	66048	-94.89814529616454	39.29179625481599	
106 MARION STREET	66048	-94.90258024673943	39.29581646624199	
13 SANTA FE STREET	66048	-94.89796074015463	39.292216793897616	
2311 SOUTH 4TH STREET	66048	-94.90765152189432	39.293589493575766	
3001 WILSON AVENUE	66048	-94.89900775891616	39.2867166769081	
205 MARION STREET	66048	-94.90441674314955	39.29492443298626	
110 MARION STREET	66048	-94.90283668680881	39.29581946922786	
139 SANTA FE STREET	66048	-94.90377227372304	39.29225204957146	
400 EVERGREEN STREET	66048	-94.90962380338492	39.2931619763908	
215 VILAS STREET	66048	-94.90481056283768	39.29050906021755	
300 LOGAN STREET	66048	-94.9051369268631	39.28984906408732	
350 SANTA FE STREET	66048	-94.90796229787851	39.29253844438037	
2700 STATE STREET	66048	-94.90949463105464	39.29003976587053	
32 SHERIDAN STREET	66048	-94.8986559803027	39.291802696787926	
216 VILAS STREET	66048	-94.90492142289047	39.29075142825217	
403 SHERIDAN STREET	66048	-94.90844097888913	39.29128884014188	
401 LOGAN STREET	66048	-94.90774644152778	39.28944690587026	
41 SHERMAN STREET	66048	-94.89894739750912	39.29315480099979	
116 MARION STREET	66048	-94.90338642391966	39.29542683113004	
2402 WILSON AVENUE	66048	-94.90042060890562	39.29315203791513	
54 LIMIT STREET	66048	-94.90028326847859	39.2890302682263	
2307 SOUTH 4TH STREET	66048	-94.90727009782817	39.293975820662865	
2203 ROSE STREET	66048	-94.90989136961177	39.29479673865173	
2600 SOUTH 1ST STREET	66048	-94.90211605716182	39.29103457146034	
225 MARION STREET	66048	-94.90608303249273	39.293809178702524	
2313 SOUTH 4TH STREET	66048	-94.90686493967455	39.29350601360661	
3103 SOUTH 4TH STREET	66048	-94.90464251746737	39.28707393064652	
2410 SOUTH 4TH STREET	66048	-94.90867231307845	39.292630933355404	
1951 SOUTH 2ND STREET	66048	-94.9035632161794	39.29766744749861	
1901 SOUTH 4TH STREET	66048	-94.907089672183	39.29823649839314	
330 EVERGREEN STREET	66048	-94.90739442590662	39.29445099573606	
50 VILAS STREET	66048	-94.89999969457845	39.290892920557354	
114 MARION STREET	66048	-94.90314606489268	39.29582536021118	
132 LIMIT STREET	66048	-94.90370208939389	39.28897365302138	
2721 SOUTH 4TH STREET	66048	-94.90682924731423	39.28980056998243	
41 LIMIT STREET	66048	-94.89812003482025	39.288229839214566	
2300 SOUTH 1ST STREET	66048	-94.90224082946084	39.29383879892716	
128 LIMIT STREET	66048	-94.90355583836809	39.289117139054014	
2300 WILSON AVENUE	66048	-94.90056625602698	39.29401955905338	
408 MARION STREET	66048	-94.91000638268753	39.29527007272514	
57 VILAS STREET	66048	-94.90058412268684	39.29037477843635	
118 MARION STREET	66048	-94.90340652195708	39.29576503618608	
2315 WILSON AVENUE	66048	-94.8990265865713	39.29358615206812	
401 EVERGREEN STREET	66048	-94.90934023335646	39.293667687492494	
140 SANTA FE STREET	66048	-94.90392398380062	39.292640064628365	
2916 SOUTH 4TH STREET	66048	-94.90794322843625	39.28791996060091	
2916 SOUTH 4TH STREET	66048	-94.90781779540298	39.287925215608986	
2916 SOUTH 4TH STREET	66048	-94.90806828547022	39.28792328059435	
360 SANTA FE STREET	66048	-94.90780531885707	39.29275843742654	
2509 SOUTH 4TH STREET	66048	-94.90744693168314	39.29194066630882	
2511 SOUTH 4TH STREET	66048	-94.90741989766941	39.29187279929891	
220 MARION STREET	66048	-94.90548713550244	39.295606578040335	
2541 SOUTH 4TH STREET	66048	-94.90738115865209	39.29179983028876	
213 MARION STREET	66048	-94.90514444831207	39.294570668884866	
55 LOGAN STREET	66048	-94.90002616245772	39.28954200932747	
320 SANTA FE STREET	66048	-94.90745502576266	39.29275742544642	
1903 SOUTH 4TH STREET	66048	-94.90847079554355	39.2981163032939	
50 LIMIT STREET	66048	-94.89943493624756	39.289003302270224	
34 LIMIT STREET	66048	-94.89735573469034	39.289032367393915	
4101 SOUTH 4TH STREET	66048	-94.89429884676028	39.2773289755899	
4101 SOUTH 4TH STREET	66048	-94.89690002390536	39.28203117423641	
4101 SOUTH 4TH STREET	66048	-94.89624006374216	39.28218492930009	
4101 SOUTH 4TH STREET	66048	-94.89702762998465	39.282505942309406	
13 SHERIDAN STREET	66048	-94.89642813765458	39.29129451082928	
4501 COMMERCIAL PLACE	66048	-94.89751863830215	39.273888598824264	
10 SANTA FE STREET	66048	-94.8974616970837	39.292887531039504	
36 LIMIT STREET	66048	-94.8975440937408	39.289029070382625	
2 LIMIT STREET	66048	-94.89295868350415	39.289011043641544	
2801 HOME PLACE	66048	-94.89692689865275	39.28985544855755	
4501 BREWER PLACE	66048	-94.89396392833864	39.27382245201606	
2809 HOME PLACE	66048	-94.89650113249962	39.28944867151311	
3 SHERIDAN STREET	66048	-94.8956300324451	39.29135230588468	
251 MUNCIE ROAD	66048	-94.89712355119596	39.27389094384721	
2812 HOME PLACE	66048	-94.89669067150648	39.28898209742345	
16 LIMIT STREET	66048	-94.89428817388047	39.28920439559826	
25 LOGAN STREET	66048	-94.89749222977629	39.28955183947394	
2805 HOME PLACE	66048	-94.89671842757616	39.28963938253295	
2709 HOME PLACE	66048	-94.897134889726	39.29003796457652	
2813 HOME PLACE	66048	-94.8961484893785	39.289172783486656	
4500 BREWER PLACE	66048	-94.89500762462642	39.27389348796849	
11 SANTA FE STREET	66048	-94.89741141500964	39.292248296934325	
2800 HOME PLACE	66048	-94.89719724968784	39.28945692147473	
23 SHERIDAN STREET	66048	-94.8976464859906	39.29137787677377	
2817 HOME PLACE	66048	-94.89592081529993	39.28899009346874	
151 SOUTH ROWLAND ROAD	66048	-94.8973697695404	39.27683327633071	
4200 FRANKLIN AVENUE	66048	-94.89502638282657	39.27595779131649	
130 LAKE SIDE DRIVE	66048	-94.89196656709261	39.27691068165235	
120 LAKE SIDE DRIVE	66048	-94.89197710513317	39.277309396719126	
100 LAKE SIDE DRIVE	66048	-94.8916732730903	39.27772134980618	
110 LAKE SIDE DRIVE	66048	-94.89187983213934	39.27765162978258	
4200 FRANKLIN AVENUE	66048	-94.89550641798155	39.27622953233503	
231 LAKE SIDE DRIVE	66048	-94.89466471976691	39.27635659640457	
211 LAKE SIDE DRIVE	66048	-94.89416593656732	39.27566633231631	
201 LAKE SIDE DRIVE	66048	-94.8937323604256	39.27540261329649	
4140 FRANKLIN AVENUE	66048	-94.89585154311494	39.27665778638774	
3729 FRANKLIN AVENUE	66048	-94.89593515154345	39.28095187310904	
4101 FRANKLIN AVENUE	66048	-94.89560467114187	39.2776456405689	
4141 FRANKLIN AVENUE	66048	-94.89527626800384	39.27712085349889	
4131 FRANKLIN AVENUE	66048	-94.89542536505876	39.2772775665169	
4121 FRANKLIN AVENUE	66048	-94.89549947308929	39.277389037531485	
111 RIVERVIEW AVENUE	66048	-94.89187398537155	39.28012484620113	
101 RIVERVIEW AVENUE	66048	-94.89153128431816	39.280536702290306	
190 RIVERVIEW AVENUE	66048	-94.89376963001395	39.28151948132868	
201 RIVERVIEW AVENUE	66048	-94.8945636411415	39.2806073111291	
121 RIVERVIEW AVENUE	66048	-94.89256450957699	39.28033077919654	
3903 BACK STREET	66048	-94.89516326017689	39.27927350686932	
3913 BACK STREET	66048	-94.89525240016987	39.278945384808765	
3819 FRANKLIN AVENUE	66048	-94.89579025140374	39.279886872937205	
3901 FRANKLIN AVENUE	66048	-94.89612573243056	39.27921472080441	
4101 SOUTH 4TH STREET	66048	-94.89685039116112	39.284876802720326	
4101 SOUTH 4TH STREET	66048	-94.8967437381428	39.28498670374498	
4101 SOUTH 4TH STREET	66048	-94.89650908801289	39.284280990639076	
4101 SOUTH 4TH STREET	66048	-94.89532010170589	39.284421059730676	
4101 SOUTH 4TH STREET	66048	-94.89480892261031	39.28486616983517	
4101 SOUTH 4TH STREET	66048	-94.89530803450805	39.282363581383514	
4101 SOUTH 4TH STREET	66048	-94.89519775748043	39.282385290393506	
4101 SOUTH 4TH STREET	66048	-94.89633975180784	39.28259522836377	
4101 SOUTH 4TH STREET	66048	-94.89370691789095	39.280397278142495	
4101 SOUTH 4TH STREET	66048	-94.89448900905982	39.27995602802322	
4101 SOUTH 4TH STREET	66048	-94.89391345685213	39.279398690961884	
4101 SOUTH 4TH STREET	66048	-94.89326047469696	39.279616986036054	
4101 SOUTH 4TH STREET	66048	-94.89385237884848	39.27953382398824	
4101 SOUTH 4TH STREET	66048	-94.89373226981465	39.27951832599243	
4101 SOUTH 4TH STREET	66048	-94.89422239091823	39.27921760891364	
4101 SOUTH 4TH STREET	66048	-94.89448301997211	39.2790453198696	
4101 SOUTH 4TH STREET	66048	-94.89370321777768	39.27921009994203	
4101 SOUTH 4TH STREET	66048	-94.89359255074977	39.279230331951766	
4101 SOUTH 4TH STREET	66048	-94.89339260669031	39.27917045095302	
4101 SOUTH 4TH STREET	66048	-94.8927188335396	39.279495993046524	
4101 SOUTH 4TH STREET	66048	-94.89240185344005	39.27934569703926	
4101 SOUTH 4TH STREET	66048	-94.89239420138975	39.27883563695343	
4101 SOUTH 4TH STREET	66048	-94.89289679255333	39.27913368797515	
4101 SOUTH 4TH STREET	66048	-94.89315819363149	39.27921593797413	
4101 SOUTH 4TH STREET	66048	-94.8908496439905	39.279012431071514	
4101 SOUTH 4TH STREET	66048	-94.89463071590905	39.27795737167723	
4101 SOUTH 4TH STREET	66048	-94.89319924744711	39.2771487076222	
150 MUNCIE ROAD	66048	-94.89089719171741	39.27598780455736	
4101 SOUTH 4TH STREET	66048	-94.89625780324238	39.27684819039676	
4101 SOUTH 4TH STREET	66048	-94.89679239657559	39.27884985670463	
4101 SOUTH 4TH STREET	66048	-94.89604714651891	39.28037338200483	
4101 SOUTH 4TH STREET	66048	-94.89664549886139	39.28229107429489	
4101 SOUTH 4TH STREET	66048	-94.89458200153186	39.284682672817084	
4101 SOUTH 4TH STREET	66048	-94.8950744686301	39.28431892772743	
4101 SOUTH 4TH STREET	66048	-94.8935291248352	39.280314390138685	
4101 SOUTH 4TH STREET	66048	-94.89271484156065	39.279729413086265	
4101 SOUTH 4TH STREET	66048	-94.89150075340505	39.28154235846212	
4101 SOUTH 4TH STREET	66048	-94.89107253930877	39.28174392052068	
4101 SOUTH 4TH STREET	66048	-94.8900656130775	39.28216555064948	
4101 SOUTH 4TH STREET	66048	-94.89091768820772	39.28111622442336	
4101 SOUTH 4TH STREET	66048	-94.89067681517332	39.28143837249159	
4101 SOUTH 4TH STREET	66048	-94.88996142797129	39.28133942451569	
4101 SOUTH 4TH STREET	66048	-94.88921140879171	39.28157629359863	
4501 COMMERCIAL PLACE	66048	-94.89766858335253	39.27399489683367	
4501 COMMERCIAL PLACE	66048	-94.89753340731592	39.273992011840946	
10 SHERIDAN STREET	66048	-94.8964250707081	39.29186847892651	
30 LIMIT STREET	66048	-94.89707404560984	39.288983132401675	
2703 HOME PLACE	66048	-94.8973768688152	39.29029182160563	
28 LIMIT STREET	66048	-94.89495216305498	39.28915887755266	
2901 VA PARK ROAD	66048	-94.89454460183842	39.28802964738504	
201 RIVERVIEW AVENUE	66048	-94.89454664714364	39.28067783914197	
3901 FRANKLIN AVENUE	66048	-94.89578178232804	39.27911016580638	
211 RIVERVIEW AVENUE	66048	-94.89525559129281	39.28023645602686	
4001 FRANKLIN AVENUE	66048	-94.89587311926827	39.278218209650355	
4011 FRANKLIN AVENUE	66048	-94.89559472216608	39.27793023461758	
4011 FRANKLIN AVENUE	66048	-94.89595462926911	39.277994616607906	
130 LAKE SIDE DRIVE	66048	-94.89209221911757	39.276816739629254	
3921 FRANKLIN AVENUE	66048	-94.89624709739633	39.27850732867788	
130 LAKE SIDE DRIVE	66048	-94.89200963410137	39.27688035264474	
200 RIVERVIEW AVENUE	66048	-94.89460010919443	39.28106289820403	
221 LAKE SIDE DRIVE	66048	-94.89454402169693	39.27596067534449	
211 RIVERVIEW AVENUE	66048	-94.89519058728695	39.280359901051476	
4001 FRANKLIN AVENUE	66048	-94.89610540033911	39.27830557865182	
3911 FRANKLIN AVENUE	66048	-94.89584183232073	39.27886184976099	
200 RIVERVIEW AVENUE	66048	-94.89459706819035	39.28102860519841	
3911 FRANKLIN AVENUE	66048	-94.89607001538239	39.278864115748306	
201 RIVERVIEW AVENUE	66048	-94.8945487201474	39.28071217514768	
201 RIVERVIEW AVENUE	66048	-94.89462533016749	39.2807062071423	
101 RIVERVIEW AVENUE	66048	-94.89151821330492	39.28043321527357	
3921 FRANKLIN AVENUE	66048	-94.89625247940228	39.27855496368563	
110 LAKE SIDE DRIVE	66048	-94.89188745613652	39.27760056177352	
211 LAKE SIDE DRIVE	66048	-94.8942529735837	39.27559210429882	
4011 FRANKLIN AVENUE	66048	-94.89593714625899	39.27793763159925	
200 RIVERVIEW AVENUE	66048	-94.89434862212586	39.281054208216965	
201 LAKE SIDE DRIVE	66048	-94.89375850942989	39.275373263290064	
211 RIVERVIEW AVENUE	66048	-94.89527093530683	39.28034128404373	
201 RIVERVIEW AVENUE	66048	-94.89446506212529	39.280716494153204	
4011 FRANKLIN AVENUE	66048	-94.8954916241435	39.27798532263279	
201 RIVERVIEW AVENUE	66048	-94.89422300106229	39.28073949917091	
211 RIVERVIEW AVENUE	66048	-94.8953321333184	39.28028914903144	
3921 FRANKLIN AVENUE	66048	-94.89617947638824	39.27861451169989	
201 RIVERVIEW AVENUE	66048	-94.89462326016368	39.2806718731366	
210 RIVERVIEW AVENUE	66048	-94.89518115731863	39.28072141811314	
3901 FRANKLIN AVENUE	66048	-94.89611914942324	39.27915636279492	
4001 FRANKLIN AVENUE	66048	-94.89609211433006	39.27824791364286	
3901 FRANKLIN AVENUE	66048	-94.89566663329654	39.27910518981214	
3901 FRANKLIN AVENUE	66048	-94.89590445636117	39.27911152779963	
4001 FRANKLIN AVENUE	66048	-94.89563552520525	39.27822845866568	
4011 FRANKLIN AVENUE	66048	-94.89582087922473	39.27790656760067	
200 RIVERVIEW AVENUE	66048	-94.89427523811005	39.28109577022816	
110 LAKE SIDE DRIVE	66048	-94.89188249413762	39.277626065778115	
201 RIVERVIEW AVENUE	66048	-94.89429961008236	39.28073353216555	
3901 FRANKLIN AVENUE	66048	-94.89590725736647	39.27915929680754	
210 RIVERVIEW AVENUE	66048	-94.89502780228088	39.28075904412825	
3921 FRANKLIN AVENUE	66048	-94.89606366435225	39.278563728697904	
3901 FRANKLIN AVENUE	66048	-94.89619909044033	39.2791098417825	
200 RIVERVIEW AVENUE	66048	-94.89452529917469	39.281067102209015	
3911 FRANKLIN AVENUE	66048	-94.89618297941796	39.278918636751065	
231 LAKE SIDE DRIVE	66048	-94.89466356576116	39.276299333394974	
231 LAKE SIDE DRIVE	66048	-94.8946625247631	39.276322914399024	
110 LAKE SIDE DRIVE	66048	-94.89202029517367	39.27761483876834	
3921 FRANKLIN AVENUE	66048	-94.89572024526016	39.27856770771818	
3921 FRANKLIN AVENUE	66048	-94.89583556129134	39.27856891771179	
100 LAKE SIDE DRIVE	66048	-94.89168454108724	39.2776572627947	
3921 FRANKLIN AVENUE	66048	-94.89616436137418	39.27850878468287	
3911 FRANKLIN AVENUE	66048	-94.8961735944054	39.2788125087337	
3911 FRANKLIN AVENUE	66048	-94.89572388228397	39.278809104758814	
100 LAKE SIDE DRIVE	66048	-94.89170043108379	39.27757541477998	
3921 FRANKLIN AVENUE	66048	-94.89595281631817	39.27851863669662	
211 RIVERVIEW AVENUE	66048	-94.89503410524911	39.28040500406804	
3901 FRANKLIN AVENUE	66048	-94.89600996738967	39.27911243179373	
3901 FRANKLIN AVENUE	66048	-94.89601276839493	39.279160200801655	
3901 FRANKLIN AVENUE	66048	-94.8957845843333	39.279157934814336	
4011 FRANKLIN AVENUE	66048	-94.89572808420523	39.27796459161576	
4001 FRANKLIN AVENUE	66048	-94.89597830929598	39.27821176264329	
130 LAKE SIDE DRIVE	66048	-94.89204915110888	39.276847067636886	
200 RIVERVIEW AVENUE	66048	-94.89435166112996	39.281088499222555	
4001 FRANKLIN AVENUE	66048	-94.8961746673519	39.27824339363738	
201 LAKE SIDE DRIVE	66048	-94.89381448143939	39.27531466227691	
201 LAKE SIDE DRIVE	66048	-94.89370706942172	39.27543341730314	
201 RIVERVIEW AVENUE	66048	-94.89413934204018	39.280743819176394	
210 RIVERVIEW AVENUE	66048	-94.89550279940052	39.28067181008639	
3911 FRANKLIN AVENUE	66048	-94.8959617043486	39.27881544374629	
100 LAKE SIDE DRIVE	66048	-94.89171169908079	39.27751132876848	
210 RIVERVIEW AVENUE	66048	-94.89549099339423	39.28063868708144	
211 RIVERVIEW AVENUE	66048	-94.89534394032474	39.28032227203634	
3911 FRANKLIN AVENUE	66048	-94.89625633742779	39.27881375672916	
4011 FRANKLIN AVENUE	66048	-94.89571633319763	39.277917653608476	
211 RIVERVIEW AVENUE	66048	-94.89502229924278	39.2803718790631	
211 LAKE SIDE DRIVE	66048	-94.89422330657816	39.275617783304845	
4011 FRANKLIN AVENUE	66048	-94.89600748427272	39.2778825335859	
211 RIVERVIEW AVENUE	66048	-94.89517877828065	39.28032677604656	
3901 FRANKLIN AVENUE	66048	-94.89620189244565	39.27915760979042	
4001 FRANKLIN AVENUE	66048	-94.89608381832336	39.27820053063534	
4001 FRANKLIN AVENUE	66048	-94.89616637034516	39.27819601262984	
3921 FRANKLIN AVENUE	66048	-94.8959581993241	39.278566271704356	
200 RIVERVIEW AVENUE	66048	-94.89419172208811	39.281101516233896	
3921 FRANKLIN AVENUE	66048	-94.8958301792854	39.278521282704055	
3911 FRANKLIN AVENUE	66048	-94.89617639641064	39.27886027774159	
200 RIVERVIEW AVENUE	66048	-94.89418868008403	39.28106722422827	
200 RIVERVIEW AVENUE	66048	-94.89467653321431	39.28105562419845	
200 RIVERVIEW AVENUE	66048	-94.89467349421028	39.28102133519284	
3911 FRANKLIN AVENUE	66048	-94.89583903131548	39.27881408075304	
221 LAKE SIDE DRIVE	66048	-94.8945852817058	39.27593649733806	
211 RIVERVIEW AVENUE	66048	-94.89488075421134	39.28044263208313	
210 RIVERVIEW AVENUE	66048	-94.89542979438266	39.280690822093774	
211 RIVERVIEW AVENUE	66048	-94.89486894520502	39.2804095060782	
3921 FRANKLIN AVENUE	66048	-94.89605828234632	39.278516094690154	
210 RIVERVIEW AVENUE	66048	-94.89511995930705	39.28077355212543	
4001 FRANKLIN AVENUE	66048	-94.89575908024273	39.27827277666611	
110 LAKE SIDE DRIVE	66048	-94.89201050317554	39.27766286777703	
210 RIVERVIEW AVENUE	66048	-94.8951929643249	39.28075454211803	
201 RIVERVIEW AVENUE	66048	-94.89429754007857	39.28069919815983	
111 RIVERVIEW AVENUE	66048	-94.8917755703455	39.2801299702076	
100 LAKE SIDE DRIVE	66048	-94.89171697607908	39.27747867976267	
210 RIVERVIEW AVENUE	66048	-94.89541798437637	39.28065769608884	
3921 FRANKLIN AVENUE	66048	-94.8957148642542	39.27852007271045	
210 RIVERVIEW AVENUE	66048	-94.89534455135757	39.28066807309475	
211 RIVERVIEW AVENUE	66048	-94.89525912530053	39.280308158038785	
201 LAKE SIDE DRIVE	66048	-94.89378380043377	39.27534246028339	
221 LAKE SIDE DRIVE	66048	-94.89468051772789	39.27589897332629	
211 RIVERVIEW AVENUE	66048	-94.89494929322493	39.28039089007047	
211 RIVERVIEW AVENUE	66048	-94.89496110123125	39.28042401407538	
4001 FRANKLIN AVENUE	66048	-94.89588141627499	39.278265591657885	
4001 FRANKLIN AVENUE	66048	-94.89564382321197	39.27827583967322	
200 RIVERVIEW AVENUE	66048	-94.89452244717013	39.28102735220246	
231 LAKE SIDE DRIVE	66048	-94.89466137075736	39.27626565038936	
110 LAKE SIDE DRIVE	66048	-94.89201533317474	39.27764034277294	
4011 FRANKLIN AVENUE	66048	-94.8959253962514	39.27789069359197	
120 LAKE SIDE DRIVE	66048	-94.89197751213045	39.27727935971405	
3911 FRANKLIN AVENUE	66048	-94.89625913843307	39.27886152573708	
201 RIVERVIEW AVENUE	66048	-94.89422092805846	39.2807051661652	
4011 FRANKLIN AVENUE	66048	-94.89601923628037	39.2779294715932	
100 LAKE SIDE DRIVE	66048	-94.8916785490886	39.27768870080036	
120 LAKE SIDE DRIVE	66048	-94.89197883712794	39.277249348708935	
4011 FRANKLIN AVENUE	66048	-94.89560647017369	39.2779771726248	
4011 FRANKLIN AVENUE	66048	-94.89583262923233	39.27795350760794	
120 LAKE SIDE DRIVE	66048	-94.89197924412522	39.27721931170384	
100 LAKE SIDE DRIVE	66048	-94.89170570708214	39.277542766774154	
3901 FRANKLIN AVENUE	66048	-94.89611634841798	39.27910859378702	
121 RIVERVIEW AVENUE	66048	-94.89248638855501	39.28032106319934	
221 LAKE SIDE DRIVE	66048	-94.89463333871699	39.275918223332226	
210 RIVERVIEW AVENUE	66048	-94.89503961228718	39.28079217013317	
201 RIVERVIEW AVENUE	66048	-94.89413727003634	39.28070948417076	
3911 FRANKLIN AVENUE	66048	-94.89596450535386	39.278863211754214	
4001 FRANKLIN AVENUE	66048	-94.89598660530272	39.27825914365082	
3911 FRANKLIN AVENUE	66048	-94.89606721437711	39.278816346740406	
201 RIVERVIEW AVENUE	66048	-94.89446298912152	39.2806821601475	
3921 FRANKLIN AVENUE	66048	-94.89616974338016	39.27855641969061	
211 LAKE SIDE DRIVE	66048	-94.89419560357287	39.2756406533103	
100 LAKE SIDE DRIVE	66048	-94.8916898180856	39.27762461478886	
4011 FRANKLIN AVENUE	66048	-94.89547987513595	39.27793838462551	
210 RIVERVIEW AVENUE	66048	-94.8953575803647	39.28070657510052	
4001 FRANKLIN AVENUE	66048	-94.89575078423604	39.278225395658566	
3911 FRANKLIN AVENUE	66048	-94.89625895243707	39.27890475274437	
4140 FRANKLIN AVENUE	66048	-94.8958302621075	39.27663961538587	
3901 FRANKLIN AVENUE	66048	-94.89620139944932	39.27919795479727	
247 MUNCIE ROAD	66048	-94.89694410714768	39.273891056857465	
10520 WOLCOTT ROAD	66109	-94.81554093769304	39.20460052876075	
5621 WOLCOTT ROAD	66109	-94.80140200792304	39.205024280636216	
10522 WOLCOTT ROAD	66109	-94.81870241231913	39.20219729117345	
6100 WOLCOTT DRIVE	66109	-94.81479346378481	39.19707113552614	
6150 WOLCOTT DRIVE	66109	-94.8157257851656	39.19845194470733	
6231 WOLCOTT DRIVE	66109	-94.8105737286453	39.19704354476119	
6241 WOLCOTT DRIVE	66109	-94.81394485483018	39.19999058006957	
8600 R WOLCOTT DRIVE	66109	-94.7779708851151	39.19977164807618	
8700 WOLCOTT DRIVE	66109	-94.78781260857113	39.19767577816157	
8700 WOLCOTT DRIVE	66109	-94.78910119121491	39.20083623462465	
8702 R WOLCOTT DRIVE	66109	-94.78820534395679	39.200658097645345	
10400 A WOLCOTT DRIVE	66109	-94.82121282152474	39.19718313218031	
10400 C WOLCOTT DRIVE	66109	-94.82104485654946	39.19792868231628	
10404 WOLCOTT DRIVE	66109	-94.82267448504976	39.19858146433442	
10408 WOLCOTT DRIVE	66109	-94.82301696403199	39.19740900411606	
553 OHIO STREET	66048	-94.91404039750377	39.30297703779665	
1305 SOUTH BROADWAY STREET	66048	-94.92041043747855	39.30571559389493	
1620 ROSE STREET	66048	-94.91030950145384	39.30249922892927	
531 ISABELLE STREET	66048	-94.9127184609778	39.301182693569096	
1720 3RD AVENUE	66048	-94.91522341553326	39.29992534221345	
510 ELIZABETH STREET	66048	-94.91194488089205	39.302476248831894	
522 PENNSYLVANIA STREET	66048	-94.91223987679645	39.300628567502834	
719 PENNSYLVANIA STREET	66048	-94.91995706386989	39.30058048405345	
1460 3RD AVENUE	66048	-94.91526196989552	39.303640263838865	
1622 2ND AVENUE	66048	-94.91390587328245	39.301023530474325	
1701 5TH AVENUE	66048	-94.91734815316701	39.30057626420196	
1617 SOUTH 5TH STREET	66048	-94.91085669758678	39.302347717872415	
1424 SOUTH 5TH STREET	66048	-94.9116913709995	39.30433115315978	
1719 SOUTH 5TH STREET	66048	-94.91091473449632	39.301227286679804	
1410 SOUTH BROADWAY STREET	66048	-94.92119569556525	39.304399205627696	
1308 SOUTH BROADWAY STREET	66048	-94.92109798664329	39.305500669819324	
1320 SOUTH 4TH STREET	66048	-94.91041172579635	39.30582404248512	
556 OHIO STREET	66048	-94.91412457556	39.30333116185168	
780 PENNSYLVANIA STREET	66048	-94.92252456460243	39.30101561998009	
1601 SOUTH 5TH STREET	66048	-94.91087744566363	39.30309984899827	
1801 SOUTH 5TH STREET	66048	-94.91091883739378	39.30013319249473	
1705 SOUTH 5TH STREET	66048	-94.91087832355426	39.30194250980272	
1300 SOUTH 5TH STREET	66048	-94.91226155930408	39.305925215396435	
1313 5TH AVENUE	66048	-94.91724171360262	39.30547600803574	
1434 6TH AVENUE	66048	-94.91980051510477	39.303504422556315	
1431 SOUTH BROADWAY STREET	66048	-94.92040268825589	39.30338811350222	
1616 WEST 7TH STREET	66048	-94.91854090656582	39.301395953272184	
1438 COLUMBIA AVENUE	66048	-94.92235866077436	39.303301450375706	
738 MICHIGAN STREET	66048	-94.92009568006792	39.30227648433201	
1619 2ND AVENUE	66048	-94.91339906815028	39.30106872151097	
1713 2ND AVENUE	66048	-94.91336138904703	39.30008583234707	
1712 2ND AVENUE	66048	-94.91394019020221	39.30007857031275	
1606 2ND AVENUE	66048	-94.91391845634892	39.3016893335861	
1321 3RD AVENUE	66048	-94.91463546389339	39.30539830617162	
1625 3RD AVENUE	66048	-94.91468420248867	39.30098782442378	
1320 4TH AVENUE	66048	-94.91651535936842	39.305069091008534	
1613 4TH AVENUE	66048	-94.91598762086697	39.30127593739794	
1612 SOUTH 5TH STREET	66048	-94.91142988275152	39.30245715885815	
1715 SOUTH 5TH STREET	66048	-94.91091279351319	39.30141084671091	
1304 5TH AVENUE	66048	-94.91776790475079	39.30554490901726	
1610 5TH AVENUE	66048	-94.91785603240426	39.30163697035206	
1406 6TH AVENUE	66048	-94.91975332616441	39.30426779968796	
1313 6TH AVENUE	66048	-94.91929056515478	39.30548105591939	
1315 SOUTH BROADWAY STREET	66048	-94.92024157637368	39.3050890467988	
1513 SOUTH BROADWAY STREET	66048	-94.92056216423009	39.302662317370505	
1304 COLUMBIA AVENUE	66048	-94.92235086399286	39.305629623769434	
525 ELIZABETH STREET	66048	-94.9127791400788	39.30207635171665	
527 ISABELLE STREET	66048	-94.91250879192128	39.30118222158106	
520 LINN STREET	66048	-94.9130788804454	39.305093753209235	
601 MICHIGAN STREET	66048	-94.91523958071281	39.301775128525065	
745 MICHIGAN STREET	66048	-94.92029839507703	39.30179649523935	
724 MICHIGAN STREET	66048	-94.91935962586966	39.30227598237405	
607 OHIO STREET	66048	-94.91537020986222	39.30298082872123	
723 OHIO STREET	66048	-94.91885573479139	39.30288194050521	
513 PENNSYLVANIA STREET	66048	-94.91174135662779	39.30026539247002	
766 PENNSYLVANIA STREET	66048	-94.92185425842223	39.30101821101887	
607 PROSPECT STREET	66048	-94.91550576801338	39.30419065291786	
718 PROSPECT STREET	66048	-94.91842321983789	39.30460164582042	
1708 ROSE STREET	66048	-94.91023820036183	39.30173129680363	
709 SCOTT STREET	66048	-94.91857661698594	39.30572810300192	
622 SOUTH STREET	66048	-94.91601152273066	39.299768844141965	
1412 2ND AVENUE	66048	-94.91386350254106	39.30387375095828	
1418 COLUMBIA AVENUE	66048	-94.92233895385785	39.30423879953519	
1421 COLUMBIA AVENUE	66048	-94.92188980672177	39.304078943533895	
1619 5TH AVENUE	66048	-94.9172392801957	39.30118847531157	
1516 COLUMBIA AVENUE	66048	-94.9224159687052	39.302408498221624	
1504 COLUMBIA AVENUE	66048	-94.92239992573596	39.30277886328511	
1350 2ND AVENUE	66048	-94.91383411962609	39.30485440212559	
1301 2ND AVENUE	66048	-94.91328474655795	39.3056966582993	
1721 3RD AVENUE	66048	-94.91471547738716	39.29982707422589	
1716 3RD AVENUE	66048	-94.91522494455282	39.300127755247566	
1301 5TH AVENUE	66048	-94.91723692762983	39.30577708708687	
1328 5TH AVENUE	66048	-94.91776692766719	39.304664987868684	
1518 5TH AVENUE	66048	-94.91781163747831	39.302544585507945	
1435 6TH AVENUE	66048	-94.91932376996606	39.30339557656521	
1424 6TH AVENUE	66048	-94.91976327111608	39.30372965159652	
1519 SOUTH BROADWAY STREET	66048	-94.92053254320058	39.30243520033382	
522 ISABELLE STREET	66048	-94.91222994888058	39.301545093658284	
534 ISABELLE STREET	66048	-94.9128972110566	39.3015066266136	
422 LINN STREET	66048	-94.91157057507327	39.30545325235624	
514 LINN STREET	66048	-94.91261379232998	39.3051973162533	
755 MICHIGAN STREET	66048	-94.92162200442846	39.301744187154796	
717 MICHIGAN STREET	66048	-94.91889651569991	39.301800566320196	
743 OHIO STREET	66048	-94.9200151331051	39.30289780044161	
523 PENNSYLVANIA STREET	66048	-94.91226435376835	39.300262309439574	
518 PENNSYLVANIA STREET	66048	-94.91199001172929	39.30063008651741	
609 PENNSYLVANIA STREET	66048	-94.91562568170507	39.300595834303756	
718 PENNSYLVANIA STREET	66048	-94.91965161882688	39.30099433814082	
727 PENNSYLVANIA STREET	66048	-94.92027536495782	39.300603932039195	
706 PENNSYLVANIA STREET	66048	-94.91888719362125	39.30099642118493	
552 PROSPECT STREET	66048	-94.91396539264525	39.30468395408928	
655 PROSPECT STREET	66048	-94.916664046321	39.30414567284403	
1728 ROSE STREET	66048	-94.91026798326625	39.30063747761712	
1312 2ND AVENUE	66048	-94.91386042367184	39.30526211119296	
1626 2ND AVENUE	66048	-94.91390732627097	39.30089772045301	
1516 2ND AVENUE	66048	-94.91392673743351	39.302558562732465	
1617 3RD AVENUE	66048	-94.91472218051597	39.30116772145202	
1300 4TH AVENUE	66048	-94.91648090342703	39.3057852731315	
1709 4TH AVENUE	66048	-94.916115151794	39.300143360199286	
1417 5TH AVENUE	66048	-94.91725988743433	39.30364853372596	
1541 5TH AVENUE	66048	-94.91708490425458	39.302248842499516	
1623 5TH AVENUE	66048	-94.91732598720668	39.3010582212846	
1414 6TH AVENUE	66048	-94.91975745614444	39.30404557565023	
1321 6TH AVENUE	66048	-94.9192556171159	39.3051699678688	
1323 COLUMBIA AVENUE	66048	-94.92188843983782	39.30530713074142	
535 ISABELLE STREET	66048	-94.9128909150243	39.301183439559374	
412 LINN STREET	66048	-94.91098201292746	39.30558736541254	
514 MAPLE STREET	66048	-94.91254697220928	39.304113769074135	
712 MICHIGAN STREET	66048	-94.91859081866055	39.30225366341419	
721 MICHIGAN STREET	66048	-94.91906687974559	39.301798523310104	
621 OHIO STREET	66048	-94.91597920302233	39.30293976767948	
555 PENNSYLVANIA STREET	66048	-94.91435724535948	39.30055317836908	
758 PENNSYLVANIA STREET	66048	-94.92150902532609	39.300984857033	
701 PENNSYLVANIA STREET	66048	-94.91814230438557	39.30062623416493	
572 PROSPECT STREET	66048	-94.91476383185625	39.30464092603638	
610 PROSPECT STREET	66048	-94.91571380011445	39.304666406986364	
732 PROSPECT STREET	66048	-94.91901144799643	39.30460301878705	
1463 3RD AVENUE	66048	-94.91468618073941	39.30362888586988	
1511 2ND AVENUE	66048	-94.91331715229123	39.30278956380637	
1318 3RD AVENUE	66048	-94.9151626260626	39.30568560919007	
1419 4TH AVENUE	66048	-94.91596006509484	39.30375979881909	
1806 CLEVELAND TERRACE	66048	-94.91968959972687	39.299830905942116	
517 LINN STREET	66048	-94.91247296125475	39.30480397819493	
770 MICHIGAN STREET	66048	-94.92237878067337	39.302178542184926	
741 MICHIGAN STREET	66048	-94.92006809401776	39.30182562025741	
526 PENNSYLVANIA STREET	66048	-94.91248131486131	39.300627181488856	
663 PENNSYLVANIA STREET	66048	-94.91697894806408	39.30053888421669	
713 PENNSYLVANIA STREET	66048	-94.91920887966924	39.30058877309764	
513 ELIZABETH STREET	66048	-94.91204164387625	39.3020347007518	
1513 SOUTH 5TH STREET	66048	-94.91087374169761	39.30346901006088	
1720 SOUTH 5TH STREET	66048	-94.91145397263028	39.30110863162893	
1400 SOUTH BROADWAY STREET	66048	-94.92106435657067	39.30482955370785	
1416 SOUTH BROADWAY STREET	66048	-94.92112364651716	39.30409676958071	
1436 SOUTH BROADWAY STREET	66048	-94.92109073143558	39.303328909452894	
1615 SOUTH BROADWAY STREET	66048	-94.9205735621162	39.30142834716141	
518 LINN STREET	66048	-94.91281163538108	39.30517474023818	
1312 SOUTH BROADWAY STREET	66048	-94.92120578964717	39.305234926768264	
1505 COLUMBIA AVENUE	66048	-94.92181721258453	39.30283695832822	
1709 2ND AVENUE	66048	-94.91335801906531	39.30028837038149	
1724 3RD AVENUE	66048	-94.91522449951778	39.299759308185365	
1507 3RD AVENUE	66048	-94.91471785662637	39.30234584165131	
1312 5TH AVENUE	66048	-94.9177710647321	39.305338553982224	
1308 6TH AVENUE	66048	-94.91974381029277	39.305649678921945	
1618 4TH AVENUE	66048	-94.9165616440095	39.30114939734373	
1602 5TH AVENUE	66048	-94.9178003844082	39.301836822388985	
519 ISABELLE STREET	66048	-94.91211946781641	39.301181541603185	
418 LINN STREET	66048	-94.911266782998	39.30552248638527	
715 PENNSYLVANIA STREET	66048	-94.9196532357907	39.300607929075476	
727 OHIO STREET	66048	-94.91909891585682	39.30288106049114	
617 MICHIGAN STREET	66048	-94.91607102193687	39.30177691347781	
560 PROSPECT STREET	66048	-94.9142802217288	39.304670552069034	
710 PROSPECT STREET	66048	-94.91803770673862	39.30464945885058	
1800 ROSE STREET	66048	-94.91022747422576	39.30032481156658	
415 LINN STREET	66048	-94.9107469348258	39.30518189835749	
1508 COLUMBIA AVENUE	66048	-94.92240304672222	39.3026248862589	
1400 COLUMBIA AVENUE	66048	-94.92235690991849	39.304827521633584	
1429 COLUMBIA AVENUE	66048	-94.92184014867146	39.30368929947086	
1308 2ND AVENUE	66048	-94.91385846668173	39.30537275321175	
1510 2ND AVENUE	66048	-94.91392092645485	39.302800281773656	
1419 6TH AVENUE	66048	-94.91930934400601	39.30385757864408	
1305 4TH AVENUE	66048	-94.91595857626764	39.30558750712793	
1328 6TH AVENUE	66048	-94.91970871521397	39.30491793080033	
1620 3RD AVENUE	66048	-94.91520711264388	39.30113961341955	
1805 CLEVELAND TERRACE	66048	-94.91917703059781	39.2999256059874	
511 ELM STREET	66048	-94.91286558645479	39.30579883634054	
1501 5TH AVENUE	66048	-94.9169122732622	39.30281992460587	
1708 5TH AVENUE	66048	-94.91792178628819	39.30022489310976	
514 ISABELLE STREET	66048	-94.91192878979925	39.30154261567508	
759 PENNSYLVANIA STREET	66048	-94.92142266226358	39.30057015396788	
508 MAPLE STREET	66048	-94.91207277509508	39.30425574012517	
568 PROSPECT STREET	66048	-94.91457748480896	39.304671596052216	
757 KANSAS STREET	66048	-94.92184952078283	39.30483770666433	
600 PROSPECT STREET	66048	-94.91519928197198	39.304624994008776	
729 PROSPECT STREET	66048	-94.91880919190528	39.30421624573327	
622 OHIO STREET	66048	-94.91604737307921	39.303346806744386	
1331 3RD AVENUE	66048	-94.91462031885847	39.30507237511746	
1405 2ND AVENUE	66048	-94.91332100243248	39.304269578056164	
560 OHIO STREET	66048	-94.91442213664014	39.30333169383475	
501 LINN STREET	66048	-94.91186150210312	39.30494170925315	
1700 5TH AVENUE	66048	-94.91796848533897	39.30062847817528	
1706 SOUTH 5TH STREET	66048	-94.91143009770781	39.301994990780045	
1427 SOUTH BROADWAY STREET	66048	-94.920479874307	39.30370831155195	
1628 SOUTH BROADWAY STREET	66048	-94.92111337322153	39.30100568305917	
407 MAPLE STREET	66048	-94.91041291563977	39.30416835820538	
742 MICHIGAN STREET	66048	-94.9203034561144	39.30217640530323	
615 OHIO STREET	66048	-94.91573667896138	39.30298613470122	
1416 2ND AVENUE	66048	-94.91391540753314	39.30364252291624	
1413 COLUMBIA AVENUE	66048	-94.92189629775635	39.30442509959197	
1521 COLUMBIA AVENUE	66048	-94.92181982653248	39.302279875233985	
1316 2ND AVENUE	66048	-94.91386274666	39.305130773170625	
1607 2ND AVENUE	66048	-94.91342060620791	39.30161574160214	
1719 3RD AVENUE	66048	-94.91471398639786	39.2999444822458	
1305 5TH AVENUE	66048	-94.91723870461975	39.30566533306785	
1504 5TH AVENUE	66048	-94.91780737550138	39.30280017455138	
1427 6TH AVENUE	66048	-94.91931986698381	39.30359395359894	
1817 CLEVELAND TERRACE	66048	-94.9191880165686	39.29958588392941	
510 LINN STREET	66048	-94.91247297129502	39.305228667266675	
586 MICHIGAN STREET	66048	-94.91462443658321	39.30215554462448	
713 MICHIGAN STREET	66048	-94.91872431765384	39.30180331633051	
739 OHIO STREET	66048	-94.91983863805766	39.302898625451796	
651 PENNSYLVANIA STREET	66048	-94.91648824193666	39.30058913225329	
726 PENNSYLVANIA STREET	66048	-94.92011430495192	39.30099942211523	
700 PENNSYLVANIA STREET	66048	-94.91858497654205	39.30101971820611	
551 PROSPECT STREET	66048	-94.91386152757556	39.30424326802079	
659 PROSPECT STREET	66048	-94.91687275137706	39.304144429831894	
1724 ROSE STREET	66048	-94.91026498428074	39.30079902464459	
1700 ROSE STREET	66048	-94.91025153040096	39.3021062308662	
1401 2ND AVENUE	66048	-94.91325304944077	39.304550065107414	
1400 5TH AVENUE	66048	-94.9177986156403	39.30429139580375	
718 MICHIGAN STREET	66048	-94.9188979447479	39.30230283140498	
729 MICHIGAN STREET	66048	-94.91949602086294	39.301817202288724	
517 PENNSYLVANIA STREET	66048	-94.91195874068619	39.30026407245736	
518 ELIZABETH STREET	66048	-94.91232016799098	39.30245385780662	
732 MICHIGAN STREET	66048	-94.91972117296974	39.30230482135822	
534 PENNSYLVANIA STREET	66048	-94.91295216498786	39.300624674461474	
1400 6TH AVENUE	66048	-94.91980088618702	39.30437133270275	
1805 SOUTH BROADWAY STREET	66048	-94.92058009396159	39.29977774388223	
1606 SOUTH BROADWAY STREET	66048	-94.92121408130683	39.3016200731572	
1500 COLUMBIA AVENUE	66048	-94.92239279474991	39.30294659031385	
1700 2ND AVENUE	66048	-94.91387048123431	39.30061560240742	
557 PENNSYLVANIA STREET	66048	-94.91449302439621	39.300555312361666	
1614 2ND AVENUE	66048	-94.91391319130706	39.301262110514244	
1524 2ND AVENUE	66048	-94.91397961440936	39.302153459661014	
1329 3RD AVENUE	66048	-94.9146194668632	39.30512508212643	
1308 4TH AVENUE	66048	-94.91651227938857	39.30529049204609	
1623 4TH AVENUE	66048	-94.91597432483098	39.300934096340924	
1320 5TH AVENUE	66048	-94.9177747977095	39.30508930893988	
1614 5TH AVENUE	66048	-94.91784789937934	39.30139708731201	
1410 6TH AVENUE	66048	-94.91975534415465	39.30415942066955	
1312 6TH AVENUE	66048	-94.91980921529053	39.30543988788278	
1301 COLUMBIA AVENUE	66048	-94.92188637888283	39.30578829882282	
679 MICHIGAN STREET	66048	-94.91724227625373	39.30179256341344	
719 OHIO STREET	66048	-94.91863584073225	39.302882691517944	
762 PENNSYLVANIA STREET	66048	-94.92165011236399	39.300984268024855	
615 PROSPECT STREET	66048	-94.91599477114707	39.30421222389357	
724 PROSPECT STREET	66048	-94.91865322689988	39.30460203580736	
1424 2ND AVENUE	66048	-94.91388239649474	39.303330675865396	
527 PENNSYLVANIA STREET	66048	-94.91258687985257	39.30023475641648	
1420 4TH AVENUE	66048	-94.91650186223474	39.30369665177744	
1721 2ND AVENUE	66048	-94.9133681190108	39.299684330278815	
1614 4TH AVENUE	66048	-94.91658506403213	39.301321384371434	
1300 5TH AVENUE	66048	-94.91787892580052	39.30575430104624	
1405 COLUMBIA AVENUE	66048	-94.92185350076977	39.30468815063884	
1430 COLUMBIA AVENUE	66048	-94.92233416879968	39.30363845343407	
1509 COLUMBIA AVENUE	66048	-94.92181231657118	39.30271002130706	
615 MICHIGAN STREET	66048	-94.91588310588654	39.301779894489016	
601 PROSPECT STREET	66048	-94.91524642394226	39.3041776659305	
714 PROSPECT STREET	66048	-94.91820985578201	39.30461828583545	
1714 ROSE STREET	66048	-94.91028076333059	39.301280225724994	
1808 ROSE STREET	66048	-94.91023178420096	39.30005065452006	
705 SCOTT STREET	66048	-94.91840583893986	39.305727343011576	
721 PROSPECT STREET	66048	-94.91853918083261	39.30421640574875	
518 ISABELLE STREET	66048	-94.91203994182925	39.30154351466886	
1456 3RD AVENUE	66048	-94.91525896791075	39.30380916786754	
1425 5TH AVENUE	66048	-94.91722348839666	39.30335447367839	
1418 6TH AVENUE	66048	-94.91975972213346	39.303922900629374	
1424 4TH AVENUE	66048	-94.91650636021032	39.30342606373151	
1627 2ND AVENUE	66048	-94.91339578812828	39.300845715473486	
1510 3RD AVENUE	66048	-94.91526382476597	39.30226772760687	
1305 6TH AVENUE	66048	-94.91925239217184	39.30576968797031	
1210 6TH AVENUE	66048	-94.91973768732235	39.30597920997793	
519 LINN STREET	66048	-94.9126371782955	39.30476698017929	
1404 COLUMBIA AVENUE	66048	-94.92235751289643	39.304593124593964	
1300 2ND AVENUE	66048	-94.91385314170887	39.305673828262954	
1520 2ND AVENUE	66048	-94.91391344041209	39.30237029770144	
1612 3RD AVENUE	66048	-94.91533656669979	39.301361947449706	
1313 4TH AVENUE	66048	-94.91596067321623	39.305039249035225	
1423 6TH AVENUE	66048	-94.91931739799506	39.30371921362025	
1336 6TH AVENUE	66048	-94.91976429519623	39.30457227773879	
1809 CLEVELAND TERRACE	66048	-94.91918049858872	39.299819346969294	
523 ISABELLE STREET	66048	-94.91231143486812	39.30118184959222	
731 OHIO STREET	66048	-94.91943819195	39.302900381475034	
748 MICHIGAN STREET	66048	-94.92065162020735	39.302168649281995	
1408 2ND AVENUE	66048	-94.91395533056081	39.303821328944174	
1519 5TH AVENUE	66048	-94.91729630333484	39.30249477452901	
509 ELM STREET	66048	-94.91270530441508	39.30583558535593	
755 KANSAS STREET	66048	-94.9217516577565	39.304838114670005	
614 OHIO STREET	66048	-94.91567977197973	39.30334138176445	
755 PENNSYLVANIA STREET	66048	-94.92126135222013	39.30057015597708	
564 PROSPECT STREET	66048	-94.91444234377254	39.30467112105987	
669 PROSPECT STREET	66048	-94.91723145647336	39.304141640810904	
717 PROSPECT STREET	66048	-94.91838039878985	39.30421661275784	
1461 3RD AVENUE	66048	-94.91469715174641	39.30367159887642	
1417 COLUMBIA AVENUE	66048	-94.9218695647357	39.30428344856961	
608 OHIO STREET	66048	-94.91528293688253	39.303443589804395	
505 LINN STREET	66048	-94.9120186361421	39.30490632023819	
551 PENNSYLVANIA STREET	66048	-94.91420536131841	39.3005518533775	
1715 3RD AVENUE	66048	-94.91471159641517	39.30013373127794	
1327 COLUMBIA AVENUE	66048	-94.92188906782415	39.30516114271673	
526 ISABELLE STREET	66048	-94.91250020994939	39.301502958635716	
589 MICHIGAN STREET	66048	-94.91475073458463	39.30181147355909	
736 OHIO STREET	66048	-94.91985180209966	39.30330460551962	
559 PROSPECT STREET	66048	-94.91426141268313	39.30424218199774	
664 PROSPECT STREET	66048	-94.91706305247416	39.30462830190276	
1704 ROSE STREET	66048	-94.91023148837995	39.301941129839456	
1416 5TH AVENUE	66048	-94.91781312058242	39.30363918069274	
1467 3RD AVENUE	66048	-94.91468731371693	39.303388047829095	
415 MAPLE STREET	66048	-94.91091160976238	39.30404510215601	
1316 3RD AVENUE	66048	-94.91516102306879	39.30575546620192	
1309 2ND AVENUE	66048	-94.91312692947487	39.30526844823599	
508 LINN STREET	66048	-94.91231749625643	39.305263279281384	
703 PENNSYLVANIA STREET	66048	-94.91852578548588	39.30059491013775	
1516 SOUTH BROADWAY STREET	66048	-94.92123283940269	39.30257829531794	
722 OHIO STREET	66048	-94.91886270383428	39.30331449857788	
746 MICHIGAN STREET	66048	-94.92048558716532	39.302196380296174	
1635 2ND AVENUE	66048	-94.91339852910404	39.30058204042873	
1708 2ND AVENUE	66048	-94.91393428422631	39.30034994735892	
1515 4TH AVENUE	66048	-94.91599151597853	39.302442988594855	
1304 6TH AVENUE	66048	-94.91974062230817	39.30582120295108	
1813 CLEVELAND TERRACE	66048	-94.91918299958212	39.29974283595621	
1314 COLUMBIA AVENUE	66048	-94.9223034639509	39.305321017719976	
511 ISABELLE STREET	66048	-94.91189403375567	39.301181252616004	
420 LINN STREET	66048	-94.91141308203424	39.3054891473713	
709 MICHIGAN STREET	66048	-94.91856534261157	39.30180953834062	
610 OHIO STREET	66048	-94.91544984392807	39.303449878795966	
613 PENNSYLVANIA STREET	66048	-94.9157893387493	39.30059793929471	
557 PROSPECT STREET	66048	-94.91411640362585	39.30404987897355	
650 PROSPECT STREET	66048	-94.9163958172945	39.30462858894095	
1720 ROSE STREET	66048	-94.91026216629443	39.300951369670486	
1820 ROSE STREET	66048	-94.91026857616968	39.29961581944446	
1425 COLUMBIA AVENUE	66048	-94.92186545569544	39.30386997049995	
1517 COLUMBIA AVENUE	66048	-94.92181670554622	39.302433851260155	
618 SOUTH STREET	66048	-94.91575757366215	39.29976767315629	
1512 2ND AVENUE	66048	-94.91392741445308	39.302763217767	
1611 3RD AVENUE	66048	-94.9147193625334	39.301360216484724	
1301 4TH AVENUE	66048	-94.91595450528527	39.30578506316152	
1712 4TH AVENUE	66048	-94.91679074896817	39.30006156614685	
1413 5TH AVENUE	66048	-94.91725624244935	39.303817383754726	
1628 5TH AVENUE	66048	-94.91791659335989	39.30099658324043	
1325 6TH AVENUE	66048	-94.9192316940812	39.304872238819925	
1801 CLEVELAND TERRACE	66048	-94.91922883062263	39.300039793003734	
1308 COLUMBIA AVENUE	66048	-94.92230262196733	39.30549711874979	
1323 3RD AVENUE	66048	-94.91463877589065	39.305359495164915	
1330 3RD AVENUE	66048	-94.91524032903084	39.30512977409172	
419 LINN STREET	66048	-94.91112970492284	39.30511831732485	
512 MAPLE STREET	66048	-94.91237928616775	39.304151983090144	
650 MICHIGAN STREET	66048	-94.91655565411017	39.302228778526434	
704 MICHIGAN STREET	66048	-94.91831411858838	39.302278740434296	
736 MICHIGAN STREET	66048	-94.91991867902267	39.30230196234643	
725 MICHIGAN STREET	66048	-94.91926202880002	39.301818187302295	
555 OHIO STREET	66048	-94.9141277415273	39.3029768677916	
618 OHIO STREET	66048	-94.91591944304487	39.30334745075176	
601 PENNSYLVANIA STREET	66048	-94.91523967960062	39.30059089932494	
662 PENNSYLVANIA STREET	66048	-94.917081358127	39.30091244827399	
705 PENNSYLVANIA STREET	66048	-94.91873381054121	39.30058762512457	
571 PROSPECT STREET	66048	-94.91470943780354	39.30423946297166	
606 PROSPECT STREET	66048	-94.91547215604942	39.30466710400025	
736 PROSPECT STREET	66048	-94.91919064604468	39.30460365477688	
1505 SOUTH 5TH STREET	66048	-94.91086546172924	39.3038262091217	
1718 SOUTH 5TH STREET	66048	-94.91144963564295	39.30125490665385	
1739 SOUTH 5TH STREET	66048	-94.91091828646526	39.30088910762244	
1432 SOUTH BROADWAY STREET	66048	-94.92108801145233	39.30351351148422	
1417 SOUTH BROADWAY STREET	66048	-94.92048432734875	39.30413577962389	
1810 CLEVELAND TERRACE	66048	-94.91969390471358	39.29967826091606	
1525 COLUMBIA AVENUE	66048	-94.92182294851875	39.30212589720778	
1501 3RD AVENUE	66048	-94.91473370869316	39.30300580976189	
1619 SOUTH BROADWAY STREET	66048	-94.92057830410087	39.30125302113156	
524 ELIZABETH STREET	66048	-94.91286965913893	39.30245409677527	
708 MICHIGAN STREET	66048	-94.91845564462638	39.30227694442592	
705 MICHIGAN STREET	66048	-94.91841520257145	39.30181229134974	
1802 CLEVELAND TERRACE	66048	-94.91965533673107	39.29997226496794	
1501 COLUMBIA AVENUE	66048	-94.92180781459436	39.30296712535075	
1615 5TH AVENUE	66048	-94.91731763323331	39.30136283533656	
521 ELIZABETH STREET	66048	-94.91250669700177	39.302037967725695	
763 MICHIGAN STREET	66048	-94.92177205046869	39.301742629145934	
714 MICHIGAN STREET	66048	-94.9186966376889	39.302252287407924	
728 MICHIGAN STREET	66048	-94.91954820692219	39.302294154366336	
737 MICHIGAN STREET	66048	-94.91989083197022	39.30182786226798	
519 PENNSYLVANIA STREET	66048	-94.91203395070644	39.30026362745296	
511 PENNSYLVANIA STREET	66048	-94.9116807036115	39.30026576947354	
621 PENNSYLVANIA STREET	66048	-94.91605087581527	39.300550611271774	
655 PENNSYLVANIA STREET	66048	-94.91665281598125	39.30059147024428	
722 PENNSYLVANIA STREET	66048	-94.91990823689588	39.30099363012601	
714 PENNSYLVANIA STREET	66048	-94.91936603675005	39.30099510715728	
771 MICHIGAN STREET	66048	-94.92219416758164	39.30173488612052	
772 PENNSYLVANIA STREET	66048	-94.92223209952392	39.30101793899724	
600 PENNSYLVANIA STREET	66048	-94.9151767536132	39.30090237838118	
749 MICHIGAN STREET	66048	-94.92062532716261	39.30177081121629	
1613 SOUTH 5TH STREET	66048	-94.91085314060275	39.30252584690273	
1716 SOUTH 5TH STREET	66048	-94.91143829066341	39.301503154696434	
1723 SOUTH 5TH STREET	66048	-94.91091635448215	39.30107336565371	
1426 SOUTH BROADWAY STREET	66048	-94.92113737748177	39.30368395551017	
1301 SOUTH BROADWAY STREET	66048	-94.9204070724952	39.30590074592642	
1300 SOUTH BROADWAY STREET	66048	-94.92108998267555	39.30586382588112	
1825 SOUTH 5TH STREET	66048	-94.91094600836111	39.29971107042182	
1713 SOUTH 5TH STREET	66048	-94.91091081353026	39.301597120742485	
1500 SOUTH BROADWAY STREET	66048	-94.92122168643779	39.30298041738652	
1316 5TH AVENUE	66048	-94.91777264872262	39.30523391196446	
521 LINN STREET	66048	-94.91280947733163	39.304658961151176	
1415 6TH AVENUE	66048	-94.9193128250157	39.30395030765956	
513 ELM STREET	66048	-94.91301990749295	39.305763450325706	
1415 4TH AVENUE	66048	-94.91596566410837	39.30388634484019	
1618 SOUTH BROADWAY STREET	66048	-94.92113706624944	39.30123292009617	
509 LINN STREET	66048	-94.91232039821696	39.30483834920949	
530 PENNSYLVANIA STREET	66048	-94.91274030693091	39.30062576847379	
1618 2ND AVENUE	66048	-94.913914612296	39.30114151849376	
1304 4TH AVENUE	66048	-94.91648317541218	39.30562199410374	
1600 4TH AVENUE	66048	-94.91650104505246	39.301775007452875	
1317 5TH AVENUE	66048	-94.91730079759594	39.305237809992086	
720 OHIO STREET	66048	-94.91878718581609	39.30333723958606	
1401 6TH AVENUE	66048	-94.91930659404363	39.304262736712666	
1317 6TH AVENUE	66048	-94.91930480214056	39.30529022788632	
1309 COLUMBIA AVENUE	66048	-94.92184963085528	39.30560150579336	
1717 2ND AVENUE	66048	-94.91336483002843	39.29987977631203	
1416 4TH AVENUE	66048	-94.9164987602519	39.30388645680967	
1617 4TH AVENUE	66048	-94.91596935285129	39.30116260837985	
1324 5TH AVENUE	66048	-94.91777712469506	39.304930345912915	
1300 COLUMBIA AVENUE	66048	-94.9223887330205	39.305813736798356	
410 LINN STREET	66048	-94.91081558388625	39.305625275428476	
675 MICHIGAN STREET	66048	-94.91685676814951	39.301787923434716	
779 MICHIGAN STREET	66048	-94.92253621367125	39.30170915409663	
733 MICHIGAN STREET	66048	-94.919706014918	39.3018016432741	
703 OHIO STREET	66048	-94.9179204615493	39.30298455557604	
533 PENNSYLVANIA STREET	66048	-94.9129190549443	39.30025889940159	
614 PROSPECT STREET	66048	-94.91595581417953	39.304665706972415	
728 PROSPECT STREET	66048	-94.91881207194268	39.30460241779834	
1430 6TH AVENUE	66048	-94.91976549510301	39.30358508757193	
1434 COLUMBIA AVENUE	66048	-94.92236813079673	39.303510389410455	
1513 COLUMBIA AVENUE	66048	-94.92181358455994	39.30258782828637	
520 ISABELLE STREET	66048	-94.912172105865	39.30154460766148	
613 MICHIGAN STREET	66048	-94.91579123286176	39.30177927349422	
611 PROSPECT STREET	66048	-94.91577264208733	39.30421322390644	
1712 ROSE STREET	66048	-94.91024362834393	39.301526761768734	
1804 ROSE STREET	66048	-94.91022963321332	39.30018711254321	
715 SCOTT STREET	66048	-94.91876993303806	39.30572896499105	
1459 3RD AVENUE	66048	-94.91467490275522	39.30382771290405	
751 PENNSYLVANIA STREET	66048	-94.92108811317348	39.30057015798703	
1512 SOUTH BROADWAY STREET	66048	-94.92122893541469	39.302715891341414	
556 PROSPECT STREET	66048	-94.91411012668429	39.304684453081116	
654 PROSPECT STREET	66048	-94.91657970434403	39.30462898893048	
1812 ROSE STREET	66048	-94.91023396518845	39.29991286149662	
1517 SOUTH 5TH STREET	66048	-94.91087431768008	39.3032823850293	
1413 SOUTH 5TH STREET	66048	-94.9112736899164	39.30464147023604	
1701 SOUTH 5TH STREET	66048	-94.91083126555941	39.3021305978372	
1308 SOUTH 5TH STREET	66048	-94.91221335227874	39.3057949493772	
416 LINN STREET	66048	-94.91111674996088	39.30555667039964	
713 SCOTT STREET	66048	-94.91872143602505	39.30572917999387	
1519 2ND AVENUE	66048	-94.91339416727493	39.302398637735905	
1423 4TH AVENUE	66048	-94.91596279308517	39.303649719800376	
1420 2ND AVENUE	66048	-94.91388022550557	39.30345110588593	
1315 3RD AVENUE	66048	-94.91462750192882	39.30579464423906	
1411 6TH AVENUE	66048	-94.91931053202606	39.304065667679176	
1612 WEST 7TH STREET	66048	-94.91853839057298	39.3014784732863	
555 PROSPECT STREET	66048	-94.91407450463286	39.30424280100853	
1408 COLUMBIA AVENUE	66048	-94.92236294988744	39.30448264157498	
1422 COLUMBIA AVENUE	66048	-94.92234514984517	39.30408738150921	
1615 2ND AVENUE	66048	-94.9133973621649	39.30122769453792	
1522 5TH AVENUE	66048	-94.91781486446004	39.30234280647365	
1439 6TH AVENUE	66048	-94.91932606395564	39.303278974545385	
1309 6TH AVENUE	66048	-94.91925521315827	39.305618205944576	
505 ELM STREET	66048	-94.91254850137626	39.305871534370965	
510 ISABELLE STREET	66048	-94.9118085807668	39.3015416636818	
516 LINN STREET	66048	-94.91275672536467	39.3051572892384	
716 OHIO STREET	66048	-94.91847499872999	39.30331598360029	
1722 SOUTH 5TH STREET	66048	-94.9114531856135	39.30093346159936	
1527 2ND AVENUE	66048	-94.91340806024377	39.30203005667286	
1701 3RD AVENUE	66048	-94.91473515945603	39.300498548338204	
1318 COLUMBIA AVENUE	66048	-94.92230432093415	39.30514211168974	
530 ISABELLE STREET	66048	-94.9126662169942	39.30150445862647	
507 LINN STREET	66048	-94.91217471018082	39.30487116622333	
581 MICHIGAN STREET	66048	-94.91431413146663	39.301807207583394	
735 OHIO STREET	66048	-94.91965486700823	39.30289945346246	
563 PROSPECT STREET	66048	-94.91442827372802	39.30424170798812	
651 PROSPECT STREET	66048	-94.91646229126668	39.30414631985565	
725 PROSPECT STREET	66048	-94.9186852228719	39.304216285740345	
756 OHIO STREET	66048	-94.92174363961911	39.30341053242931	
658 PROSPECT STREET	66048	-94.91676145039301	39.304629125920144	
1816 ROSE STREET	66048	-94.91023613717617	39.29977646647348	
1605 SOUTH 5TH STREET	66048	-94.91088151964584	39.30290049196437	
1741 SOUTH 5TH STREET	66048	-94.91091972945254	39.30075115359908	
1404 SOUTH BROADWAY STREET	66048	-94.92106732355582	39.30466435467981	
1413 SOUTH BROADWAY STREET	66048	-94.9204804403647	39.30431567965447	
1409 2ND AVENUE	66048	-94.91330265538083	39.3037764369739	
1464 3RD AVENUE	66048	-94.91517150785356	39.303454540812645	
1627 SOUTH BROADWAY STREET	66048	-94.92058381408329	39.30105121309711	
1524 SOUTH BROADWAY STREET	66048	-94.92124227237262	39.3022341822593	
1520 SOUTH BROADWAY STREET	66048	-94.92120900837992	39.30240590629019	
1309 5TH AVENUE	66048	-94.91720215960278	39.30559027105732	
1428 6TH AVENUE	66048	-94.91976517410892	39.303648549582675	
559 OHIO STREET	66048	-94.91438049659554	39.30297929577758	
776 PENNSYLVANIA STREET	66048	-94.92235197755602	39.301016336990116	
1309 SOUTH BROADWAY STREET	66048	-94.92041559545305	39.30543211484673	
1422 SOUTH BROADWAY STREET	66048	-94.92114530250451	39.303901783546536	
423 LINN STREET	66048	-94.91137036598687	39.30511053930977	
1317 3RD AVENUE	66048	-94.91463387992688	39.30575591423213	
1304 2ND AVENUE	66048	-94.91385533269768	39.305549879241894	
1508 3RD AVENUE	66048	-94.91526211677086	39.30232366561643	
1421 5TH AVENUE	66048	-94.91726296442172	39.3035069907019	
1426 4TH AVENUE	66048	-94.9165076362026	39.303340528716994	
1305 2ND AVENUE	66048	-94.91322660752736	39.30553890427599	
1404 5TH AVENUE	66048	-94.91780031363137	39.30419253078698	
502 LINN STREET	66048	-94.91216695223264	39.305439996319905	
709 PENNSYLVANIA STREET	66048	-94.91895232860008	39.30058811411217	
1814 CLEVELAND TERRACE	66048	-94.9196980647008	39.29953147289103	
605 PENNSYLVANIA STREET	66048	-94.91546389466127	39.30059375831261	
1523 5TH AVENUE	66048	-94.91729857032423	39.302376939508946	
1428 SOUTH BROADWAY STREET	66048	-94.92114092547665	39.30361987949915	
1801 SOUTH BROADWAY STREET	66048	-94.92057518097887	39.29997416991564	
1610 SOUTH BROADWAY STREET	66048	-94.92121640629685	39.301507821138095	
1804 SOUTH 5TH STREET	66048	-94.91140529751547	39.30003517845035	
1609 SOUTH 5TH STREET	66048	-94.91088591162875	39.30270761993151	
1401 SOUTH 5TH STREET	66048	-94.91143405099788	39.305045364295154	
1420 SOUTH 5TH STREET	66048	-94.91175250803153	39.30449553818404	
1721 SOUTH 5TH STREET	66048	-94.91091586848643	39.3011195746615	
1717 SOUTH 5TH STREET	66048	-94.91091421450085	39.30127657668816	
1409 SOUTH BROADWAY STREET	66048	-94.92051096938964	39.30449191568252	
1600 SOUTH 5TH STREET	66048	-94.911420195795	39.3029434779408	
1712 SOUTH 5TH STREET	66048	-94.91143453568387	39.301729512734916	
1435 SOUTH BROADWAY STREET	66048	-94.92050679327215	39.30326398547531	
1630 SOUTH BROADWAY STREET	66048	-94.92111389421933	39.30098090405495	
1505 SOUTH BROADWAY STREET	66048	-94.92055814225054	39.302890050409225	
1501 SOUTH BROADWAY STREET	66048	-94.92055640825919	39.302985804425475	
1540 5TH AVENUE	66048	-94.91781773744302	39.30215463844168	
1600 SOUTH BROADWAY STREET	66048	-94.92124298133214	39.30180473518671	
1708 SOUTH BROADWAY STREET	66048	-94.92119555516665	39.300192671917124	
1426 COLUMBIA AVENUE	66048	-94.92236211983254	39.30390596647763	
1631 2ND AVENUE	66048	-94.91339711111662	39.30071896145197	
1716 2ND AVENUE	66048	-94.91394318419	39.29994133928934	
1622 4TH AVENUE	66048	-94.91656391899944	39.30103624632449	
1312 COLUMBIA AVENUE	66048	-94.92230697595514	39.30535595072575	
610 MICHIGAN STREET	66048	-94.91572309387713	39.30213535455826	
1400 SOUTH 4TH STREET	66048	-94.91036508472185	39.30517076037744	
1608 SOUTH 5TH STREET	66048	-94.91142478777631	39.302733396905076	
1800 SOUTH 5TH STREET	66048	-94.91138676554026	39.30034969650453	
1709 SOUTH 5TH STREET	66048	-94.91088026853765	39.301761617772044	
1304 SOUTH BROADWAY STREET	66048	-94.9210934966614	39.30570434585399	
1504 SOUTH BROADWAY STREET	66048	-94.9212251834266	39.302852171364634	
1509 SOUTH BROADWAY STREET	66048	-94.92056021124003	39.30277328838938	
1509 SOUTH 5TH STREET	66048	-94.9108359067071	39.303676842098156	
1700 SOUTH 5TH STREET	66048	-94.9114276987207	39.30213779980431	
1818 SOUTH 5TH STREET	66048	-94.91176864958828	39.29977063338489	
1724 SOUTH 5TH STREET	66048	-94.91149416460297	39.300706453558675	
1403 SOUTH BROADWAY STREET	66048	-94.92047274740592	39.30477236873204	
1423 SOUTH BROADWAY STREET	66048	-94.92048898232588	39.30388122158058	
1309 SOUTH 5TH STREET	66048	-94.91166035113716	39.305872611421904	
1723 3RD AVENUE	66048	-94.91472339137844	39.299712646206096	
1732 5TH AVENUE	66048	-94.91804402528771	39.29987236004319	
1618 WEST 7TH STREET	66048	-94.91858484056088	39.30121863623971	
607 MICHIGAN STREET	66048	-94.91549215577776	39.30174276850512	
1220 2ND AVENUE	66048	-94.91376746771247	39.30595514431536	
1520 2ND AVENUE	66048	-94.91398473343159	39.30237341969786	
1420 5TH AVENUE	66048	-94.91810192965215	39.30355449166192	
1420 5TH AVENUE	66048	-94.91803036063298	39.30355569866625	
1420 5TH AVENUE	66048	-94.91810357264973	39.30352401065668	
1420 5TH AVENUE	66048	-94.91802845062934	39.30352226266068	
1420 5TH AVENUE	66048	-94.91773032555187	39.30355229268281	
1420 5TH AVENUE	66048	-94.91773105854914	39.30352154867756	
1420 5TH AVENUE	66048	-94.91779211056567	39.30352221067417	
1619 5TH AVENUE	66048	-94.91731907221721	39.30118867930704	
1619 5TH AVENUE	66048	-94.91727983120653	39.30118764130912	
1619 5TH AVENUE	66048	-94.9173717612316	39.301191027304434	
1619 5TH AVENUE	66048	-94.91742461624573	39.30118956430117	
1436 SOUTH BROADWAY STREET	66048	-94.9212809684869	39.303330359442256	
1436 SOUTH BROADWAY STREET	66048	-94.92114382244986	39.30332912044987	
1436 SOUTH BROADWAY STREET	66048	-94.92122085647064	39.3033292484455	
1312 SOUTH BROADWAY STREET	66048	-94.92107651160981	39.30520814277115	
1312 SOUTH BROADWAY STREET	66048	-94.92108664961583	39.30524298777641	
1312 SOUTH BROADWAY STREET	66048	-94.92116123063528	39.305236134770986	
1312 SOUTH BROADWAY STREET	66048	-94.92113688162696	39.305217367769224	
559 PROSPECT STREET	66048	-94.91425747567733	39.3041919999895	
1541 5TH AVENUE	66048	-94.91715818626719	39.30217351948262	
1541 5TH AVENUE	66048	-94.91708635424789	39.30217376548678	
1541 5TH AVENUE	66048	-94.9171548342735	39.30224997749575	
1450 SOUTH 4TH STREET	66048	-94.91030267067023	39.30480282031887	
701 ARTHUR STREET	66048	-94.9185539594388	39.30001765303859	
518 MAPLE STREET	66048	-94.91271371925207	39.30409100106073	
1819 CLEVELAND TERRACE	66048	-94.91860633040734	39.29953685795439	
707 PROSPECT STREET	66048	-94.9183613058881	39.305307656943256	
1319 3RD AVENUE	66048	-94.91463267590927	39.305573455201404	
710 OHIO STREET	66048	-94.91826094669386	39.30354282665087	
1425 4TH AVENUE	66048	-94.91596652608074	39.30359258679053	
519 ELIZABETH STREET	66048	-94.91239776497224	39.3020357867316	
1313 2ND AVENUE	66048	-94.9133772525206	39.30503970418306	
1603 2ND AVENUE	66048	-94.9134328672311	39.30182591763695	
1518 3RD AVENUE	66048	-94.91527549875451	39.30211351058018	
1406 SOUTH BROADWAY STREET	66048	-94.9210681575459	39.30455766366175	
1408 5TH AVENUE	66048	-94.91781175160577	39.303889503735114	
1306 4TH AVENUE	66048	-94.91648721139792	39.30545994407616	
410 MAPLE STREET	66048	-94.91037874058911	39.30373058013335	
412 MAPLE STREET	66048	-94.9108032807874	39.30461701225884	
1720 2ND AVENUE	66048	-94.91393968316876	39.299727341253394	
725 JULIA STREET	66048	-94.9193754387927	39.30141877422832	
408 MAPLE STREET	66048	-94.91034840756032	39.303512771098276	
514 ELIZABETH STREET	66048	-94.91218329595436	39.30245681281496	
710 PENNSYLVANIA STREET	66048	-94.91916557269553	39.300989475167775	
1504 3RD AVENUE	66048	-94.91524760179028	39.30257019665892	
1753 5TH AVENUE	66048	-94.91734534211926	39.30008018011828	
529 ELIZABETH STREET	66048	-94.91297566213154	39.30207440370506	
1626 4TH AVENUE	66048	-94.91657566299315	39.300936401306934	
411 MAPLE STREET	66048	-94.91058820868095	39.30410480518462	
1412 COLUMBIA AVENUE	66048	-94.92233485887161	39.30439509856179	
1805 SOUTH 5TH STREET	66048	-94.9109413533823	39.29994807446212	
729 PENNSYLVANIA STREET	66048	-94.92059220004342	39.30060666802152	
513 MAPLE STREET	66048	-94.91229984311272	39.30379699403469	
802 SOUTH 7TH STREET	66048	-94.9174403371808	39.311012268959466	
729 CHESTNUT STREET	66048	-94.91879751765957	39.312207253083635	
1112 COLUMBIA AVENUE	66048	-94.92224004509737	39.30704686801512	
559 MIDDLE STREET	66048	-94.91411881782923	39.306189267334794	
746 OLIVE STREET	66048	-94.92015236396306	39.31156058889692	
604 CONGRESS STREET	66048	-94.91665745682005	39.30943037073705	
1014 4TH AVENUE	66048	-94.91640746767347	39.30859404961013	
1008 5TH AVENUE	66048	-94.91772805106034	39.30892402259028	
505 MARSHALL STREET	66048	-94.9139186318954	39.307456121560236	
1218 SOUTH 4TH STREET	66048	-94.91089933001223	39.30671662560801	
1000 SOUTH 4TH STREET	66048	-94.91220216763104	39.30954424901117	
1001 SOUTH 4TH STREET	66048	-94.91154552346865	39.30969664707447	
1025 SOUTH 4TH STREET	66048	-94.91125912332951	39.3090422189803	
321 PINE STREET	66048	-94.91138957043582	39.30979322609972	
1001 SOUTH 5TH STREET	66048	-94.91290174581637	39.30951171496563	
1018 SOUTH 3RD STREET	66048	-94.91029884607865	39.30912387604903	
920 6TH AVENUE	66048	-94.91975871966876	39.30957410858393	
700 SOUTH BROADWAY STREET	66048	-94.92137650936193	39.312290381950135	
820 SOUTH BROADWAY STREET	66048	-94.92096542708073	39.310492253669956	
1203 SOUTH BROADWAY STREET	66048	-94.92045730753279	39.30615467696641	
900 SOUTH BROADWAY STREET	66048	-94.92091252704222	39.31023573862968	
801 SOUTH 5TH STREET	66048	-94.91374579424195	39.311603550270675	
1008 SOUTH 4TH STREET	66048	-94.91201039255711	39.30930878298237	
911 5TH AVENUE	66048	-94.9170727579882	39.310024670813696	
922 WEST 7TH STREET	66048	-94.91832983330666	39.30981295870602	
916 SOUTH 3RD STREET	66048	-94.91073535232594	39.31049262225522	
1116 4TH AVENUE	66048	-94.91645258553154	39.30696843533293	
1030 4TH AVENUE	66048	-94.91641745762313	39.30803482551507	
923 4TH AVENUE	66048	-94.9156549625705	39.30964602883081	
923 5TH AVENUE	66048	-94.91716120597471	39.309631320742184	
722 SOUTH BROADWAY STREET	66048	-94.9212443922472	39.311455756816706	
801 SOUTH BROADWAY STREET	66048	-94.92058629304934	39.311237478817525	
1112 SOUTH BROADWAY STREET	66048	-94.92108731076759	39.30684246504655	
925 SOUTH BROADWAY STREET	66048	-94.9203695528249	39.30948614453413	
930 WEST 7TH STREET	66048	-94.9183349542777	39.30949289065166	
800 WEST 7TH STREET	66048	-94.91847541147204	39.311144089922486	
938 WEST 7TH STREET	66048	-94.91833867425758	39.30927009361384	
920 WEST 7TH STREET	66048	-94.91832867031142	39.309866488715144	
1128 3RD AVENUE	66048	-94.9152362511873	39.30679264037286	
803 SOUTH 5TH STREET	66048	-94.91368552220628	39.31139849223947	
722 SOUTH 5TH STREET	66048	-94.91418134638296	39.31185395428809	
501 OLIVE STREET	66048	-94.91411402032743	39.311458956225174	
1011 SOUTH 4TH STREET	66048	-94.91135100939297	39.30945082004406	
711 SOUTH 7TH STREET	66048	-94.9169061181248	39.311938784146506	
802 SOUTH 3RD STREET	66048	-94.91104765553972	39.31186047546844	
715 SOUTH 4TH STREET	66048	-94.91225698291059	39.31233775047986	
716 SOUTH 4TH STREET	66048	-94.91272368701635	39.3121272364176	
908 4TH AVENUE	66048	-94.91640119980435	39.30999258984667	
1007 SOUTH 5TH STREET	66048	-94.91301556383407	39.309375070936035	
1000 5TH AVENUE	66048	-94.91772369608108	39.30915508062955	
1020 5TH AVENUE	66048	-94.91773256403125	39.30860464453611	
1032 6TH AVENUE	66048	-94.91972917952928	39.30818666735125	
1001 6TH AVENUE	66048	-94.91888498434983	39.30869135348478	
420 ARCH STREET	66048	-94.91255706362752	39.30849825281417	
513 ARCH STREET	66048	-94.91330239275838	39.3077614426471	
810 SOUTH BROADWAY STREET	66048	-94.92106227413755	39.310816516719164	
1105 SOUTH BROADWAY STREET	66048	-94.92048007964571	39.30728176415548	
1030 SOUTH BROADWAY STREET	66048	-94.92107714589562	39.30822205328016	
900 1/2 SOUTH BROADWAY STREET	66048	-94.92091273604092	39.31022203862734	
727 CHESTNUT STREET	66048	-94.9186673076245	39.31220736509111	
621 1/2 CHESTNUT STREET	66048	-94.91688925214007	39.312147642182765	
1104 COLUMBIA AVENUE	66048	-94.92221482912603	39.30742082207972	
1032 COLUMBIA AVENUE	66048	-94.92232570519516	39.307835601143466	
901 COLUMBIA AVENUE	66048	-94.92180439128012	39.31021238157467	
519 MARSHALL STREET	66048	-94.91459890607825	39.307452752520796	
775 MARSHALL STREET	66048	-94.92175483702067	39.30761591413901	
605 MIDDLE STREET	66048	-94.91540536317585	39.306190984261534	
426 OLIVE STREET	66048	-94.91359894624327	39.312034628351896	
320 OLIVE STREET	66048	-94.911771944772	39.312253265493325	
730 OLIVE STREET	66048	-94.91867403256497	39.311560383981465	
601 OLIVE STREET	66048	-94.91569886673967	39.31130595110871	
310 PINE STREET	66048	-94.91097760636927	39.310261303202346	
224 SPRUCE STREET	66048	-94.91028930729509	39.311434827439896	
308 SPRUCE STREET	66048	-94.91098555646896	39.311290497375744	
734 SPRUCE STREET	66048	-94.91924449762236	39.310545228777386	
516 SPRUCE STREET	66048	-94.91459831439418	39.310787661084134	
316 VINE STREET	66048	-94.9103546289794	39.30791828184219	
720 SOUTH 5TH STREET	66048	-94.91419074338963	39.3118969552948	
664 MARSHALL STREET	66048	-94.9169510037434	39.30778756344278	
808 WEST 7TH STREET	66048	-94.91847720145151	39.31092238988495	
531 CHESTNUT STREET	66048	-94.91547998378145	39.31236842330068	
326 ARCH STREET	66048	-94.91115830227405	39.308743412935605	
403 VINE STREET	66048	-94.91110493912163	39.307286803692605	
1028 2ND AVENUE	66048	-94.9138858849623	39.308255458697175	
913 3RD AVENUE	66048	-94.9145628373089	39.309988452951174	
908 3RD AVENUE	66048	-94.91510950746628	39.31009619293807	
924 3RD AVENUE	66048	-94.91512126041754	39.30954839584486	
802 SOUTH 4TH STREET	66048	-94.91256539893446	39.31171346535675	
915 4TH AVENUE	66048	-94.91585624764659	39.30987695085831	
1121 5TH AVENUE	66048	-94.91723718973293	39.30686409127047	
1029 5TH AVENUE	66048	-94.91721756586557	39.3083194655174	
929 5TH AVENUE	66048	-94.91716392796074	39.309475794715745	
703 SOUTH 6TH STREET	66048	-94.9154037037384	39.31213089326493	
1120 6TH AVENUE	66048	-94.91976836140383	39.30675161110664	
1205 6TH AVENUE	66048	-94.91914833717985	39.306149887040505	
317 ARCH STREET	66048	-94.91044175405577	39.308476621931526	
723 1/2 CHESTNUT STREET	66048	-94.91844841556147	39.31216437909634	
813 COLUMBIA AVENUE	66048	-94.92183338933489	39.31070762465664	
1202 COLUMBIA AVENUE	66048	-94.92230496904689	39.306329842890335	
1010 COLUMBIA AVENUE	66048	-94.92219252923394	39.30862266628401	
1017 COLUMBIA AVENUE	66048	-94.92175708608907	39.3083314272597	
920 COLUMBIA AVENUE	66048	-94.92226958235537	39.309684734458926	
601 CONGRESS STREET	66048	-94.9163807797149	39.309106980698296	
411 ELM STREET	66048	-94.91105859500551	39.30619339251055	
779 FRANK STREET	66048	-94.92235235830462	39.30891444732414	
780 JAMES STREET	66048	-94.92185286596813	39.30678369499281	
659 MARSHALL STREET	66048	-94.9166989896428	39.30744233339889	
651 MARSHALL STREET	66048	-94.91637310055515	39.307443453417754	
565 MIDDLE STREET	66048	-94.91440820190718	39.30618911131822	
554 MIDDLE STREET	66048	-94.91393622581494	39.30655717740741	
411 OLIVE STREET	66048	-94.91338537514468	39.31160160929097	
516 OLIVE STREET	66048	-94.91467038751689	39.31187693526396	
520 OLIVE STREET	66048	-94.91486919756785	39.31185013124804	
312 OLIVE STREET	66048	-94.91141907768804	39.31237001353321	
740 OLIVE STREET	66048	-94.91972610284817	39.311559057921045	
744 OLIVE STREET	66048	-94.91996321991209	39.31156012590767	
760 SPRUCE STREET	66048	-94.92182229131527	39.310532317627725	
721 SPRUCE STREET	66048	-94.91885872148227	39.31016297673489	
501 SPRUCE STREET	66048	-94.91388080817767	39.31054181108365	
526 SPRUCE STREET	66048	-94.91494656748164	39.31072113005295	
600 SPRUCE STREET	66048	-94.91554372464275	39.31072387901922	
616 SPRUCE STREET	66048	-94.9161401097954	39.31064032997105	
425 VINE STREET	66048	-94.91215879938282	39.30704819059199	
312 VINE STREET	66048	-94.91019255893922	39.30795468685762	
500 VINE STREET	66048	-94.91277363157504	39.30732948860435	
1206 6TH AVENUE	66048	-94.91975173633742	39.30609813499724	
923 6TH AVENUE	66048	-94.91900189346963	39.30962328863554	
1020 2ND AVENUE	66048	-94.91388100798167	39.30847355573425	
1114 2ND AVENUE	66048	-94.91378880582504	39.307082880504645	
1021 3RD AVENUE	66048	-94.9145737471694	39.30848617669675	
1018 4TH AVENUE	66048	-94.91641028065928	39.308436587583365	
1203 5TH AVENUE	66048	-94.91715015263028	39.306028630134314	
1045 5TH AVENUE	66048	-94.91722781782006	39.30781040443082	
1016 5TH AVENUE	66048	-94.91773069404165	39.308719035555534	
1029 6TH AVENUE	66048	-94.91916019337712	39.30819751738567	
931 6TH AVENUE	66048	-94.9190065044409	39.30930698558182	
801 COLUMBIA AVENUE	66048	-94.92182779037778	39.31117604473608	
1108 COLUMBIA AVENUE	66048	-94.92223387111127	39.30721135104324	
906 COLUMBIA AVENUE	66048	-94.92233578340952	39.31006830351995	
512 CONGRESS STREET	66048	-94.91419737416076	39.30946425788352	
769 FRANK STREET	66048	-94.92173883514207	39.3089420113639	
509 MARSHALL STREET	66048	-94.9140890769412	39.30745526955038	
650 MARSHALL STREET	66048	-94.91642125060403	39.30782246847898	
651 MIDDLE STREET	66048	-94.91648791746518	39.30616789019568	
418 OLIVE STREET	66048	-94.91332214817525	39.312103669379404	
225 OLIVE STREET	66048	-94.91027206033944	39.311951214528115	
300 OLIVE STREET	66048	-94.91116439561522	39.312325300540266	
323 OLIVE STREET	66048	-94.91180882974214	39.31183372942038	
609 OLIVE STREET	66048	-94.91613944084979	39.31121557506824	
625 OLIVE STREET	66048	-94.91660911997013	39.311150950030466	
316 SPRUCE STREET	66048	-94.91151387160434	39.31121781233322	
724 SPRUCE STREET	66048	-94.91876983549466	39.31054629280473	
626 SPRUCE STREET	66048	-94.91652355190253	39.310681359956014	
507 VINE STREET	66048	-94.91309741161677	39.30684996750486	
613 CHESTNUT STREET	66048	-94.91670001009196	39.31217819819871	
920 SOUTH 5TH STREET	66048	-94.9137611060837	39.30989052898046	
428 OLIVE STREET	66048	-94.91375634028228	39.311999182336876	
323 VINE STREET	66048	-94.91049919296552	39.30736109873979	
921 3RD AVENUE	66048	-94.91456705028486	39.30972325290613	
901 4TH AVENUE	66048	-94.91584746468698	39.31032780393497	
1217 SOUTH 4TH STREET	66048	-94.91047904491396	39.306873984658644	
801 1/2 SOUTH 5TH STREET	66048	-94.91374170023911	39.31158507126778	
906 5TH AVENUE	66048	-94.91768915916317	39.31011945179442	
1013 SOUTH 4TH STREET	66048	-94.91142139439269	39.30924768000573	
330 PINE STREET	66048	-94.91175761356611	39.31012187213414	
922 SOUTH 5TH STREET	66048	-94.91381701606453	39.30952926191627	
905 3RD AVENUE	66048	-94.91455907432999	39.31022202299083	
800 SOUTH BROADWAY STREET	66048	-94.92105491016994	39.31117904478084	
1101 SOUTH BROADWAY STREET	66048	-94.92049369667897	39.30759366420742	
1135 SOUTH BROADWAY STREET	66048	-94.9203995475714	39.306726249066266	
904 SOUTH BROADWAY STREET	66048	-94.92091444303082	39.310110497608385	
527 CHESTNUT STREET	66048	-94.9152884827301	39.31237040131195	
701 CHESTNUT STREET	66048	-94.91744089528461	39.312105577144095	
1103 5TH AVENUE	66048	-94.91722608879131	39.307511460380425	
1032 5TH AVENUE	66048	-94.9177383510004	39.30826240847799	
501 ARCH STREET	66048	-94.91298776468612	39.307893228687355	
1201 6TH AVENUE	66048	-94.91914463219862	39.306358385075924	
741 CHESTNUT STREET	66048	-94.91984393193952	39.312188332020575	
1021 COLUMBIA AVENUE	66048	-94.92176015007493	39.30817349323291	
809 COLUMBIA AVENUE	66048	-94.92179088233783	39.31085930768471	
910 COLUMBIA AVENUE	66048	-94.92226700937631	39.30991338249771	
1103 COLUMBIA AVENUE	66048	-94.92181295602504	39.307497218115614	
403 OLIVE STREET	66048	-94.91273750797883	39.311692569343414	
529 OLIVE STREET	66048	-94.9151962006103	39.31136901214811	
717 OLIVE STREET	66048	-94.91777317826892	39.31099645293773	
617 MIDDLE STREET	66048	-94.9159364663188	39.30619005523099	
712 MARSHALL STREET	66048	-94.91889834128513	39.30797078036236	
903 5TH AVENUE	66048	-94.917150735028	39.31022334184276	
605 CHESTNUT STREET	66048	-94.91622840297126	39.31224419923682	
510 SPRUCE STREET	66048	-94.9142592423025	39.31078401910289	
609 CONGRESS STREET	66048	-94.91686055284394	39.30910531567057	
800 COLUMBIA AVENUE	66048	-94.92235885552257	39.311194782708846	
1209 COLUMBIA AVENUE	66048	-94.92188551890172	39.30598998385691	
928 COLUMBIA AVENUE	66048	-94.92227212533464	39.30945907542072	
1017 3RD AVENUE	66048	-94.9145716211787	39.30858993771445	
1036 3RD AVENUE	66048	-94.91514957428082	39.308025087585946	
600 CONGRESS STREET	66048	-94.91571668257002	39.309465490796796	
420 ELM STREET	66048	-94.91187470324503	39.30640176549904	
925 6TH AVENUE	66048	-94.91900224946131	39.30953461662054	
1116 COLUMBIA AVENUE	66048	-94.92223544308018	39.306878400986946	
911 4TH AVENUE	66048	-94.91585406765665	39.309988908877344	
1128 5TH AVENUE	66048	-94.91792501289439	39.306613827188805	
1023 5TH AVENUE	66048	-94.91721469787801	39.30845906554116	
910 5TH AVENUE	66048	-94.9176915421517	39.309991998772745	
229 OLIVE STREET	66048	-94.91054946841058	39.3119137785059	
659 MIDDLE STREET	66048	-94.91685827056484	39.3061672061744	
513 OLIVE STREET	66048	-94.91464544447133	39.31146755919625	
620 OLIVE STREET	66048	-94.91649466200552	39.31184929615493	
610 OLIVE STREET	66048	-94.91625811193462	39.31177346515564	
732 OLIVE STREET	66048	-94.91880969860156	39.311560896973766	
663 MARSHALL STREET	66048	-94.91693142670054	39.307391474377	
720 SPRUCE STREET	66048	-94.91849729242116	39.31054509982011	
624 SPRUCE STREET	66048	-94.91640954787638	39.31072880897057	
419 VINE STREET	66048	-94.91175137928185	39.30714046763091	
327 SPRUCE STREET	66048	-94.91183648465376	39.31082262424798	
918 4TH AVENUE	66048	-94.91641008777404	39.30964792278797	
1201 2ND AVENUE	66048	-94.9133379826293	39.306298524397924	
1003 3RD AVENUE	66048	-94.91443312518199	39.30901839079472	
326 PINE STREET	66048	-94.91160321753185	39.31019936515611	
305 SPRUCE STREET	66048	-94.9109893354276	39.31084336229999	
1132 3RD AVENUE	66048	-94.9152400651688	39.30658647833778	
716 SOUTH 7TH STREET	66048	-94.91741752923576	39.311656728069615	
934 WEST 7TH STREET	66048	-94.91833668826825	39.309388654633935	
903 SOUTH 3RD STREET	66048	-94.91025131121894	39.3107393263246	
1022 4TH AVENUE	66048	-94.91641309164514	39.30827926955664	
705 SOUTH BROADWAY STREET	66048	-94.9205229601016	39.31196879294465	
803 SOUTH BROADWAY STREET	66048	-94.92053317101508	39.311027202785034	
1106 SOUTH BROADWAY STREET	66048	-94.92110692581495	39.307286445120404	
1034 SOUTH BROADWAY STREET	66048	-94.9210816218776	39.30801912624559	
930 SOUTH BROADWAY STREET	66048	-94.92099860400715	39.309621602521005	
324 OLIVE STREET	66048	-94.91202123183335	39.312192613468824	
603 OLIVE STREET	66048	-94.9158259307694	39.31125822009338	
301 PINE STREET	66048	-94.91074111227302	39.309918206157874	
506 VINE STREET	66048	-94.91338278873012	39.30723498155357	
326 VINE STREET	66048	-94.91070519106442	39.307819398805414	
912 3RD AVENUE	66048	-94.91511168145736	39.30999566792098	
919 4TH AVENUE	66048	-94.91585880063728	39.30977140884037	
1117 5TH AVENUE	66048	-94.91723465074624	39.307012142295605	
1037 5TH AVENUE	66048	-94.91717063982796	39.30805561847553	
919 5TH AVENUE	66048	-94.9171590389858	39.309754414763106	
721 6TH AVENUE	66048	-94.91924880772126	39.31157629595124	
1114 6TH AVENUE	66048	-94.91983037045901	39.30715788317173	
314 ARCH STREET	66048	-94.91050320811325	39.30890855300095	
747 CHESTNUT STREET	66048	-94.9201680230267	39.31218693000179	
721 CHESTNUT STREET	66048	-94.91842161055837	39.31220725910514	
818 COLUMBIA AVENUE	66048	-94.92232515346291	39.310661067620686	
1200 COLUMBIA AVENUE	66048	-94.92230247304967	39.306366418896665	
1007 COLUMBIA AVENUE	66048	-94.92177189412963	39.30871720732401	
409 ELM STREET	66048	-94.91098832898815	39.30620931651723	
760 FRANK STREET	66048	-94.92182203119636	39.30927854341596	
569 MIDDLE STREET	66048	-94.91467036697775	39.30618898330325	
518 OLIVE STREET	66048	-94.91476496054109	39.3118641842564	
717 SPRUCE STREET	66048	-94.9186295794205	39.31016251274788	
614 SPRUCE STREET	66048	-94.91602322076443	39.310645399978554	
324 ELM STREET	66048	-94.91033680187729	39.30689111866969	
412 VINE STREET	66048	-94.91158763628246	39.30761234371999	
502 VINE STREET	66048	-94.91301612763917	39.307317117588426	
1103 SOUTH 4TH STREET	66048	-94.91091381517307	39.308372421886915	
906 SOUTH 5TH STREET	66048	-94.91386971116495	39.31043936606693	
1001 SOUTH BROADWAY STREET	66048	-94.92045347579086	39.308888343428336	
901 SOUTH 3RD STREET	66048	-94.9103011672534	39.310960883359215	
506 OLIVE STREET	66048	-94.91450043647187	39.31188523627505	
1032 2ND AVENUE	66048	-94.91389003294584	39.30806989466559	
1124 2ND AVENUE	66048	-94.91379170679387	39.30674583244753	
916 4TH AVENUE	66048	-94.91640681378516	39.309774579809556	
1001 5TH AVENUE	66048	-94.91717019592926	39.309126019656354	
1014 5TH AVENUE	66048	-94.9177020160389	39.30877197756611	
1028 6TH AVENUE	66048	-94.9197256065463	39.30837599538347	
415 ARCH STREET	66048	-94.91184036540295	39.30816559479897	
505 ARCH STREET	66048	-94.91314138572436	39.307859750672876	
1029 COLUMBIA AVENUE	66048	-94.92176449705487	39.307949441194786	
936 COLUMBIA AVENUE	66048	-94.92227479531293	39.309222299380565	
503 MARSHALL STREET	66048	-94.91378441185931	39.30745679956807	
716 MARSHALL STREET	66048	-94.9191845803622	39.30797084834602	
601 MIDDLE STREET	66048	-94.91517911111497	39.30619137727454	
710 SCOTT STREET	66048	-94.91866081604586	39.30612087506345	
310 SPRUCE STREET	66048	-94.91121917852882	39.311258321356895	
728 SPRUCE STREET	66048	-94.91909005858092	39.310546411786405	
1107 5TH AVENUE	66048	-94.91722860077807	39.30736495635554	
1024 5TH AVENUE	66048	-94.9177343830214	39.308495038517464	
717 6TH AVENUE	66048	-94.91924691673383	39.311714214974664	
1107 COLUMBIA AVENUE	66048	-94.92179994700162	39.30728703608086	
1025 COLUMBIA AVENUE	66048	-94.92176282706257	39.3080355192094	
907 COLUMBIA AVENUE	66048	-94.92180769625946	39.309984957536074	
822 COLUMBIA AVENUE	66048	-94.92232628544907	39.3105124825955	
726 MARSHALL STREET	66048	-94.92000375958291	39.30797200229931	
655 MARSHALL STREET	66048	-94.91653675159914	39.30744289340825	
529 1/2 OLIVE STREET	66048	-94.91520468861506	39.31139525915205	
514 SPRUCE STREET	66048	-94.91447661336298	39.31080422609389	
628 SPRUCE STREET	66048	-94.91664529592938	39.31061855093846	
416 VINE STREET	66048	-94.91185599634899	39.30755180869443	
319 ARCH STREET	66048	-94.9105776880895	39.308446085918604	
522 OLIVE STREET	66048	-94.91501620060556	39.31183031123631	
901 3RD AVENUE	66048	-94.91455695834198	39.31035420301325	
743 CHESTNUT STREET	66048	-94.92000531597378	39.312091039994876	
901 5TH AVENUE	66048	-94.91715115803433	39.31028846385376	
1004 2ND AVENUE	66048	-94.91386751103526	39.309077221837	
1029 3RD AVENUE	66048	-94.91460165714483	39.308147305637924	
1000 3RD AVENUE	66048	-94.91522809637566	39.30880293371283	
921 6TH AVENUE	66048	-94.91899945047697	39.30970786564997	
1210 COLUMBIA AVENUE	66048	-94.92232329002377	39.30603415483933	
924 COLUMBIA AVENUE	66048	-94.92227084834508	39.309572440439936	
602 CONGRESS STREET	66048	-94.91642087575788	39.309446759753406	
419 ELM STREET	66048	-94.91167991115948	39.30605253945121	
783 FRANK STREET	66048	-94.9225023393454	39.30891859231625	
613 MIDDLE STREET	66048	-94.91570074925535	39.306190469244534	
719 OLIVE STREET	66048	-94.91787661129548	39.310982320929426	
1200 2ND AVENUE	66048	-94.91376401874143	39.3062708413689	
907 4TH AVENUE	66048	-94.915851813667	39.31010488489708	
1133 5TH AVENUE	66048	-94.91724293770267	39.30652872621347	
1019 5TH AVENUE	66048	-94.91721101089428	39.308641120572105	
1002 COLUMBIA AVENUE	66048	-94.92222313826647	39.308879280325584	
734 OLIVE STREET	66048	-94.91892235763197	39.311561423967426	
624 OLIVE STREET	66048	-94.91671723004322	39.31161488810262	
414 PINE STREET	66048	-94.9127117558116	39.31000142005924	
747 SPRUCE STREET	66048	-94.92012819982486	39.310171048663584	
733 SPRUCE STREET	66048	-94.91913837455901	39.31017807172142	
509 SPRUCE STREET	66048	-94.91426079825936	39.31032405102512	
618 SPRUCE STREET	66048	-94.91619543681011	39.310637933967456	
411 VINE STREET	66048	-94.91140393919571	39.30721913066409	
1123 3RD AVENUE	66048	-94.91462225003897	39.30697203743823	
1100 3RD AVENUE	66048	-94.91521441722196	39.30722027644632	
900 4TH AVENUE	66048	-94.91653831686573	39.31025103888247	
425 ARCH STREET	66048	-94.9123417305226	39.3080034677429	
322 PINE STREET	66048	-94.9113228934578	39.310214652174714	
307 SPRUCE STREET	66048	-94.91115723946848	39.31079808028273	
319 VINE STREET	66048	-94.91025872190704	39.307427290764736	
1036 2ND AVENUE	66048	-94.91389200292876	39.307883794634044	
916 3RD AVENUE	66048	-94.91511419444699	39.309879441901224	
1009 5TH AVENUE	66048	-94.91720601091475	39.30887133461126	
1108 6TH AVENUE	66048	-94.9197542554631	39.30741697721985	
723 CHESTNUT STREET	66048	-94.91846024656877	39.31220729810291	
814 COLUMBIA AVENUE	66048	-94.92232227346818	39.31072502963166	
605 CONGRESS STREET	66048	-94.91666685479173	39.30910503168158	
775 JAMES STREET	66048	-94.92160539686013	39.30634705493325	
568 MIDDLE STREET	66048	-94.91459812499555	39.30658196037375	
650 MIDDLE STREET	66048	-94.91644624949532	39.30660438027183	
710 6TH AVENUE	66048	-94.91966451886942	39.3119579769919	
723 WEST 7TH STREET	66048	-94.91804914440347	39.31163187602925	
600 OLIVE STREET	66048	-94.91580303181019	39.311753353178275	
226 PINE STREET	66048	-94.9102135061752	39.31038518426695	
511 VINE STREET	66048	-94.91336223968094	39.30677444347692	
804 SOUTH 4TH STREET	66048	-94.91253067791061	39.31156011733288	
817 SOUTH 5TH STREET	66048	-94.91352072214173	39.311185521212934	
912 SOUTH 5TH STREET	66048	-94.91380537612184	39.31016729602468	
713 SPRUCE STREET	66048	-94.91850505838696	39.31016225875498	
612 SPRUCE STREET	66048	-94.91590913173961	39.31070770099564	
505 VINE STREET	66048	-94.9128897135637	39.306880120521825	
900 5TH AVENUE	66048	-94.91765282016702	39.310263514820825	
804 SOUTH 3RD STREET	66048	-94.91101325851551	39.311703285443826	
719 SOUTH 4TH STREET	66048	-94.9122659778981	39.31217996145267	
1011 SOUTH 5TH STREET	66048	-94.91296210280804	39.30925230391836	
313 PINE STREET	66048	-94.91115545137528	39.3098194761175	
917 3RD AVENUE	66048	-94.91456496329681	39.30985521592854	
928 3RD AVENUE	66048	-94.91512320940939	39.30945649782923	
1040 5TH AVENUE	66048	-94.91774210598075	39.308044205440886	
1121 6TH AVENUE	66048	-94.91913894821772	39.30657622911301	
716 CHESTNUT STREET	66048	-94.9180935374916	39.31243542616242	
739 CHESTNUT STREET	66048	-94.91971889890596	39.31218888102782	
711 CHESTNUT STREET	66048	-94.91776546136784	39.312061330118055	
819 COLUMBIA AVENUE	66048	-94.92177896231517	39.31065424965075	
1016 COLUMBIA AVENUE	66048	-94.92235190725795	39.30842335624121	
1020 COLUMBIA AVENUE	66048	-94.92236090324438	39.30825436521214	
914 COLUMBIA AVENUE	66048	-94.92226801636816	39.30982396148256	
711 MARSHALL STREET	66048	-94.91838743910272	39.30749789131171	
409 OLIVE STREET	66048	-94.91323832210708	39.31162225930289	
512 SPRUCE STREET	66048	-94.91431473531678	39.310776466098446	
1202 2ND AVENUE	66048	-94.9137660577398	39.30624810236491	
1024 2ND AVENUE	66048	-94.9138836549712	39.30835517871413	
1025 3RD AVENUE	66048	-94.91457603915944	39.30837428167775	
1200 5TH AVENUE	66048	-94.91791793985512	39.306218997122514	
1041 5TH AVENUE	66048	-94.91726554883962	39.30790923644535	
804 COLUMBIA AVENUE	66048	-94.92232226849822	39.311042080685176	
1120 COLUMBIA AVENUE	66048	-94.9222387440663	39.30672279596044	
927 COLUMBIA AVENUE	66048	-94.92181553221052	39.30944637744465	
510 CONGRESS STREET	66048	-94.91403032611586	39.309465071893186	
756 FRANK STREET	66048	-94.92148120510035	39.30923384842794	
413 OLIVE STREET	66048	-94.91352306417986	39.311580895279576	
1122 2ND AVENUE	66048	-94.91379067480497	39.30686576846787	
925 3RD AVENUE	66048	-94.91456897527385	39.30960123088539	
918 5TH AVENUE	66048	-94.91769567613171	39.30976867273484	
655 MIDDLE STREET	66048	-94.91669648952133	39.3061675071837	
227 OLIVE STREET	66048	-94.9104110533751	39.31193244751702	
306 OLIVE STREET	66048	-94.91130584865223	39.312314262530286	
325 OLIVE STREET	66048	-94.91195524778114	39.31182928041123	
607 OLIVE STREET	66048	-94.9159943678126	39.31123536007989	
303 SPRUCE STREET	66048	-94.9108234673851	39.31086656431337	
319 SPRUCE STREET	66048	-94.91147161755241	39.31078990226337	
822 SOUTH 5TH STREET	66048	-94.9141464452864	39.31093441213476	
1004 SOUTH 3RD STREET	66048	-94.91055240321303	39.30982132115235	
1005 SOUTH BROADWAY STREET	66048	-94.92043213876512	39.30867761939398	
927 SOUTH BROADWAY STREET	66048	-94.92037357080896	39.30930642250355	
919 COLUMBIA AVENUE	66048	-94.92181240223003	39.30966141948118	
323 1/2 VINE STREET	66048	-94.91054813498289	39.30740499674442	
1011 COLUMBIA AVENUE	66048	-94.92177576211178	39.308517751290125	
415 ELM STREET	66048	-94.9113398250752	39.30612964748366	
735 FRANK STREET	66048	-94.91991357564652	39.308899659461176	
328 OLIVE STREET	66048	-94.91225596388762	39.31209785243937	
1035 SOUTH BROADWAY STREET	66048	-94.92044633170623	39.30801587328139	
731 CHESTNUT STREET	66048	-94.91906882573319	39.312213409069145	
415 VINE STREET	66048	-94.91156317323521	39.307183081648866	
720 MARSHALL STREET	66048	-94.91975995852061	39.30800754631926	
1028 COLUMBIA AVENUE	66048	-94.92232315920859	39.30798412416866	
1008 SOUTH 3RD STREET	66048	-94.91047261017484	39.3096448811271	
703 SOUTH BROADWAY STREET	66048	-94.92052085711896	39.312157733976655	
1200 SOUTH BROADWAY STREET	66048	-94.9211118427244	39.30631701095638	
720 1/2 SOUTH 5TH STREET	66048	-94.91418080338481	39.3118749052916	
714 SOUTH BROADWAY STREET	66048	-94.92142299433543	39.31187918887799	
816 SOUTH BROADWAY STREET	66048	-94.92106367911711	39.31059652068193	
1100 SOUTH BROADWAY STREET	66048	-94.92109968284653	39.30764006418055	
1107 SOUTH BROADWAY STREET	66048	-94.9203936576042	39.307089024127876	
1026 SOUTH BROADWAY STREET	66048	-94.9210736289098	39.30838139330724	
904 1/2 SOUTH BROADWAY STREET	66048	-94.92091459802991	39.310100371606666	
407 VINE STREET	66048	-94.9112521021581	39.30725349867857	
413 ELM STREET	66048	-94.9111787160353	39.30616616749909	
322 OLIVE STREET	66048	-94.91191237780544	39.31220744047759	
929 6TH AVENUE	66048	-94.91900584444451	39.30934704258867	
607 CHESTNUT STREET	66048	-94.91644586302692	39.312213765219255	
405 OLIVE STREET	66048	-94.9129121560236	39.311668053329285	
716 OLIVE STREET	66048	-94.91792607934808	39.31139677399663	
418 VINE STREET	66048	-94.91201582838862	39.307515747679204	
501 VINE STREET	66048	-94.9126178714963	39.30694090654765	
1012 2ND AVENUE	66048	-94.91380521998344	39.30870765177817	
922 4TH AVENUE	66048	-94.91643048976972	39.309544240769235	
611 OLIVE STREET	66048	-94.91630060889108	39.311193461055296	
722 SPRUCE STREET	66048	-94.91864515946098	39.310545062811634	
320 VINE STREET	66048	-94.91049817301501	39.30788603382851	
504 VINE STREET	66048	-94.91322154069015	39.3072711025689	
322 ARCH STREET	66048	-94.91076782817889	39.308848692975744	
807 SOUTH 6TH STREET	66048	-94.91517288557857	39.31110032510404	
927 6TH AVENUE	66048	-94.919004692454	39.30945003860614	
512 OLIVE STREET	66048	-94.91455861448681	39.31187739327041	
1016 2ND AVENUE	66048	-94.91387845599179	39.308587715753696	
1012 5TH AVENUE	66048	-94.91770817704311	39.30879896757028	
739 OLIVE STREET	66048	-94.91906487063176	39.31115473389059	
1024 6TH AVENUE	66048	-94.91972058456992	39.30863982442833	
1000 6TH AVENUE	66048	-94.91967620657938	39.308865549469	
500 ARCH STREET	66048	-94.91319230678418	39.308346547752194	
900 COLUMBIA AVENUE	66048	-94.92233452741982	39.310180012538886	
932 COLUMBIA AVENUE	66048	-94.92227374632147	39.30931532039633	
1111 5TH AVENUE	66048	-94.91728000377941	39.30723306333032	
1028 5TH AVENUE	66048	-94.91773630001111	39.30838162249824	
717 CHESTNUT STREET	66048	-94.91805330044164	39.31202219709494	
621 CHESTNUT STREET	66048	-94.91693505815218	39.3121453031797	
1111 COLUMBIA AVENUE	66048	-94.92176359597357	39.30709453705045	
903 COLUMBIA AVENUE	66048	-94.92180561327247	39.31012827056042	
515 MARSHALL STREET	66048	-94.91425014098449	39.307454469541014	
614 MIDDLE STREET	66048	-94.91588142534177	39.3065887973015	
407 OLIVE STREET	66048	-94.91308122206682	39.3116443173156	
623 OLIVE STREET	66048	-94.91645076292951	39.31117278704316	
726 SPRUCE STREET	66048	-94.91891274653315	39.310546317796515	
771 MARSHALL STREET	66048	-94.92161318598252	39.307616217147135	
412 PINE STREET	66048	-94.91255147977054	39.31002323707208	
1300 SOUTH 4TH STREET	66048	-94.91067407190721	39.30624829254183	
1027 SOUTH 4TH STREET	66048	-94.91119398429758	39.308890767958424	
904 SOUTH 3RD STREET	66048	-94.91080306236242	39.31068485828387	
1113 SOUTH 5TH STREET	66048	-94.91234275649195	39.30767700168771	
1030 SOUTH 4TH STREET	66048	-94.9117269394206	39.30867395689134	
1125 3RD AVENUE	66048	-94.9146244660278	39.306847913417165	
911 SOUTH BROADWAY STREET	66048	-94.92036163385578	39.309834117593326	
1037 3RD AVENUE	66048	-94.9145407661075	39.307926833604185	
715 6TH AVENUE	66048	-94.91924282573702	39.31175936498252	
1116 2ND AVENUE	66048	-94.91378980681432	39.30696657048492	
706 SCOTT STREET	66048	-94.91846792800494	39.30623733909418	
314 SPRUCE STREET	66048	-94.91138640957165	39.31123531934346	
919 6TH AVENUE	66048	-94.9189994144837	39.309778540661924	
1008 2ND AVENUE	66048	-94.91387169501863	39.308890082805156	
1007 3RD AVENUE	66048	-94.91443465417535	39.30894374078204	
909 3RD AVENUE	66048	-94.91456122131798	39.31008899896825	
904 3RD AVENUE	66048	-94.9151064124792	39.310240858962665	
1122 4TH AVENUE	66048	-94.91647198052003	39.30679197630202	
903 4TH AVENUE	66048	-94.91584972067666	39.31021239091535	
1129 5TH AVENUE	66048	-94.9172410367127	39.30663961023229	
1033 5TH AVENUE	66048	-94.91722005185466	39.308197490496646	
1117 6TH AVENUE	66048	-94.91899031820367	39.30684981216774	
1209 6TH AVENUE	66048	-94.91915017817055	39.30604626102289	
917 6TH AVENUE	66048	-94.91899697149104	39.30986311867633	
321 ARCH STREET	66048	-94.91070909312208	39.30841656390605	
513 1/2 ARCH STREET	66048	-94.91328168974022	39.30762890162586	
517 CHESTNUT STREET	66048	-94.91496891865063	39.31243960534193	
725 CHESTNUT STREET	66048	-94.91859797460585	39.312207375095085	
1206 COLUMBIA AVENUE	66048	-94.92232791403916	39.30618348686429	
1000 COLUMBIA AVENUE	66048	-94.92222218127117	39.308931375334424	
923 COLUMBIA AVENUE	66048	-94.92181361822247	39.30957783046701	
613 CONGRESS STREET	66048	-94.9169906118788	39.30910418666293	
416 ELM STREET	66048	-94.91160013517703	39.30646394152528	
517 MARSHALL STREET	66048	-94.9143952450235	39.3074537525326	
609 MIDDLE STREET	66048	-94.9155567352166	39.306190721252825	
520 SPRUCE STREET	66048	-94.91478352443984	39.310743319066006	
414 VINE STREET	66048	-94.91169712530962	39.307587646709536	
904 4TH AVENUE	66048	-94.91639842881376	39.31010003386503	
555 MIDDLE STREET	66048	-94.9139707857935	39.306232526350556	
500 OLIVE STREET	66048	-94.91428775940898	39.3118257112772	
1119 3RD AVENUE	66048	-94.9146203380486	39.307079225456455	
920 3RD AVENUE	66048	-94.91511681143616	39.309757669880504	
912 4TH AVENUE	66048	-94.91640389779513	39.30988780282881	
1044 5TH AVENUE	66048	-94.91774467396702	39.30789258441512	
1102 6TH AVENUE	66048	-94.91974987748145	39.3076231222549	
419 ARCH STREET	66048	-94.91205131445065	39.30806949577067	
749 CHESTNUT STREET	66048	-94.9203037830632	39.31218635099392	
715 CHESTNUT STREET	66048	-94.9179503394152	39.3120361771032	
810 COLUMBIA AVENUE	66048	-94.92232356848228	39.31086999365603	
779 JAMES STREET	66048	-94.92186423392972	39.30634604591825	
561 MIDDLE STREET	66048	-94.91424228786248	39.306189199327754	
550 MIDDLE STREET	66048	-94.9137910027732	39.30652943641104	
714 OLIVE STREET	66048	-94.91780012131576	39.311413728006684	
312 PINE STREET	66048	-94.91114395041197	39.310239254189106	
306 SPRUCE STREET	66048	-94.91091641645126	39.3113000273813	
746 SPRUCE STREET	66048	-94.92014467886327	39.31052931272321	
725 SPRUCE STREET	66048	-94.9190553275366	39.31017790172613	
423 VINE STREET	66048	-94.91199446534212	39.30708541560771	
819 SOUTH 5TH STREET	66048	-94.91350621913425	39.311147779207424	
713 SOUTH 3RD STREET	66048	-94.91065789947967	39.312334544570824	
1015 SOUTH 5TH STREET	66048	-94.9127591007266	39.30896956888224	
916 SOUTH 5TH STREET	66048	-94.91379069311203	39.310105196015044	
1027 SOUTH BROADWAY STREET	66048	-94.92044100672834	39.30826416832364	
528 SPRUCE STREET	66048	-94.91508507751716	39.310702277041806	
711 SOUTH 5TH STREET	66048	-94.91382323531798	39.31218543436456	
1000 SOUTH BROADWAY STREET	66048	-94.92103154095113	39.30893740040358	
417 SPRUCE STREET	66048	-94.91284881690324	39.31057834714884	
319 PINE STREET	66048	-94.91130792740915	39.309743811096	
915 COLUMBIA AVENUE	66048	-94.92181104623852	39.309754617497006	
1026 4TH AVENUE	66048	-94.91641518463456	39.308162123536704	
925 4TH AVENUE	66048	-94.91589707963561	39.30964478181675	
915 5TH AVENUE	66048	-94.91715697899627	39.309870650782834	
922 5TH AVENUE	66048	-94.91769785612098	39.30964972171463	
806 WEST 7TH STREET	66048	-94.91847658945846	39.310997520897686	
926 WEST 7TH STREET	66048	-94.91833193429423	39.30967596268278	
805 COLUMBIA AVENUE	66048	-94.92183033035829	39.31096308369999	
1202 6TH AVENUE	66048	-94.91975113235554	39.3062908770298	
707 SOUTH 6TH STREET	66048	-94.91532348869549	39.31190617623152	
700 SOUTH 6TH STREET	66048	-94.91600722391712	39.312301213259154	
720 SOUTH 7TH STREET	66048	-94.91740029021614	39.31149849404386	
736 OLIVE STREET	66048	-94.91901470465685	39.31156191496219	
721 OLIVE STREET	66048	-94.91798778832522	39.310980785922844	
315 ARCH STREET	66048	-94.91029062201831	39.308510569945916	
406 OLIVE STREET	66048	-94.91311433311766	39.31208594038828	
608 OLIVE STREET	66048	-94.91607243487832	39.31170675015501	
509 VINE STREET	66048	-94.91322115864597	39.30680599349035	
720 WEST 7TH STREET	66048	-94.9184564445232	39.31173782802386	
724 WEST 7TH STREET	66048	-94.91845044550598	39.311573219996426	
811 SOUTH 3RD STREET	66048	-94.91050957436642	39.31156095944859	
711 SPRUCE STREET	66048	-94.91832078933726	39.31016187076546	
602 SPRUCE STREET	66048	-94.91569343267695	39.31065970799986	
503 VINE STREET	66048	-94.91274336352741	39.3069128475357	
906 SOUTH BROADWAY STREET	66048	-94.92105129805738	39.31000194958226	
719 6TH AVENUE	66048	-94.91924822172646	39.31163265996079	
1102 SOUTH BROADWAY STREET	66048	-94.92110328783086	39.30746414715065	
417 ELM STREET	66048	-94.91148827111202	39.3060959934695	
321 VINE STREET	66048	-94.91046949796338	39.30742257575184	
1220 SOUTH 4TH STREET	66048	-94.91087648699629	39.30661340359194	
712 SOUTH 5TH STREET	66048	-94.91429519843075	39.31203438131201	
1015 SOUTH 4TH STREET	66048	-94.91131525735702	39.309172734999144	
1020 SOUTH 3RD STREET	66048	-94.91023140304624	39.30897353502751	
711 SOUTH BROADWAY STREET	66048	-94.9205277700621	39.31153837287163	
1103 SOUTH BROADWAY STREET	66048	-94.92047741066055	39.3074455791833	
1009 SOUTH BROADWAY STREET	66048	-94.92041592474168	39.30847593436085	
709 SOUTH BROADWAY STREET	66048	-94.92052591207732	39.31170449989981	
1108 SOUTH BROADWAY STREET	66048	-94.92111048979937	39.30711222809079	
923 SOUTH BROADWAY STREET	66048	-94.92034309583647	39.30968332056891	
929 3RD AVENUE	66048	-94.91457121626094	39.309459228861265	
1033 4TH AVENUE	66048	-94.91588825046497	39.307869745517465	
1115 5TH AVENUE	66048	-94.91723352875218	39.307077577306686	
1036 5TH AVENUE	66048	-94.91774034399002	39.30814706345834	
926 5TH AVENUE	66048	-94.91770067310708	39.3094950026883	
707 CHESTNUT STREET	66048	-94.9175991293252	39.31208400413137	
911 COLUMBIA AVENUE	66048	-94.9218094142487	39.309866823516025	
901 SOUTH 4TH STREET	66048	-94.91189434066783	39.310806804242006	
909 SOUTH 4TH STREET	66048	-94.91186167164983	39.3107098282275	
924 SOUTH 4TH STREET	66048	-94.91230449270878	39.31007374409471	
902 SOUTH BROADWAY STREET	66048	-94.92091330103761	39.31018509662106	
1016 SOUTH 4TH STREET	66048	-94.91190968249721	39.30896320892976	
909 SOUTH 3RD STREET	66048	-94.91021600319463	39.310582778300166	
928 SOUTH BROADWAY STREET	66048	-94.92099580602374	39.30980468555211	
1216 SOUTH 4TH STREET	66048	-94.91099389605164	39.3068639546275	
1006 SOUTH 3RD STREET	66048	-94.91051786919651	39.309745005141394	
707 SOUTH BROADWAY STREET	66048	-94.92052470908719	39.31181216591808	
804 SOUTH BROADWAY STREET	66048	-94.9210607471599	39.31105647975979	
1204 SOUTH BROADWAY STREET	66048	-94.92108614969104	39.30603794091073	
1201 SOUTH BROADWAY STREET	66048	-94.92039886653583	39.30635288600325	
1133 SOUTH BROADWAY STREET	66048	-94.92039670958724	39.30690126409596	
1024 SOUTH BROADWAY STREET	66048	-94.92107004292424	39.30854392133494	
932 SOUTH BROADWAY STREET	66048	-94.92100052599554	39.30949389949935	
805 SOUTH 7TH STREET	66048	-94.91672345898074	39.31093814598797	
1010 SOUTH BROADWAY STREET	66048	-94.9210656579419	39.30874270136876	
1012 SOUTH 3RD STREET	66048	-94.91039577212518	39.30933943607992	
1108 SOUTH 4TH STREET	66048	-94.9113573002356	39.30777186276008	
901 SOUTH BROADWAY STREET	66048	-94.92043293291158	39.3102202956545	
819 SOUTH 4TH STREET	66048	-94.91195050172371	39.311236903311475	
1020 SOUTH 4TH STREET	66048	-94.91174556242964	39.30871691489753	
920 SOUTH 3RD STREET	66048	-94.9107175942996	39.310265232217866	
1115 SOUTH 5TH STREET	66048	-94.91231136047557	39.30759349667538	
808 SOUTH BROADWAY STREET	66048	-94.92106170314604	39.31090750673455	
909 SOUTH BROADWAY STREET	66048	-94.92038453787616	39.30998429861741	
806 SOUTH 4TH STREET	66048	-94.91252537090651	39.311532280328464	
821 SOUTH 5TH STREET	66048	-94.91337704008775	39.31102429519393	
1100 SOUTH 4TH STREET	66048	-94.91154372632938	39.30823215782722	
800 SOUTH 3RD STREET	66048	-94.91111221256574	39.311952051480205	
1021 SOUTH 5TH STREET	66048	-94.91264036066922	39.308701607843744	
908 SOUTH 5TH STREET	66048	-94.91390485216067	39.31029440004045	
710 SOUTH 7TH STREET	66048	-94.91740971925717	39.311904626111925	
1010 SOUTH 3RD STREET	66048	-94.91045830215518	39.309478166099716	
1013 3RD AVENUE	66048	-94.91456932818868	39.30870186073345	
900 SOUTH 4TH STREET	66048	-94.91255970982613	39.310586328166735	
807 SOUTH 7TH STREET	66048	-94.91671505597496	39.31090083698211	
934 SOUTH BROADWAY STREET	66048	-94.92109843300354	39.30930021046103	
226 OLIVE STREET	66048	-94.91046250843408	39.31240896259457	
321 OLIVE STREET	66048	-94.9116813567103	39.311860237432114	
326 OLIVE STREET	66048	-94.91221388187657	39.31210077244232	
517 OLIVE STREET	66048	-94.91479034050765	39.31143913818314	
723 OLIVE STREET	66048	-94.9180882043489	39.31094515191105	
400 SPRUCE STREET	66048	-94.912954571988	39.311172210243114	
715 SOUTH 6TH STREET	66048	-94.9152789666747	39.311813386218404	
224 SPRUCE STREET	66048	-94.91028139229068	39.311410405436256	
224 SPRUCE STREET	66048	-94.91026826028286	39.31136508242936	
224 SPRUCE STREET	66048	-94.91027416628675	39.311389940433195	
1008 SOUTH 4TH STREET	66048	-94.91213734458888	39.30928376897086	
1008 SOUTH 4TH STREET	66048	-94.912097550574	39.309239312965616	
1008 SOUTH 4TH STREET	66048	-94.91199195254555	39.30923937797167	
1008 SOUTH 4TH STREET	66048	-94.91205825256144	39.30921847896435	
1008 SOUTH 4TH STREET	66048	-94.91209088657794	39.30930018497628	
1116 4TH AVENUE	66048	-94.91649562354324	39.306969574330665	
1116 4TH AVENUE	66048	-94.91639690851882	39.30699269734023	
1116 4TH AVENUE	66048	-94.91650969954986	39.30699986733499	
1116 4TH AVENUE	66048	-94.91639869751708	39.306969101336136	
1013 SOUTH 4TH STREET	66048	-94.91133930537418	39.30928556701684	
1013 SOUTH 4TH STREET	66048	-94.91132284136685	39.30925508301261	
1029 4TH AVENUE	66048	-94.91593772349496	39.308045776544404	
1103 SOUTH 4TH STREET	66048	-94.91092004716259	39.30824452986492	
1103 SOUTH 4TH STREET	66048	-94.91096874218651	39.30835885488149	
1103 SOUTH 4TH STREET	66048	-94.91086674714934	39.30825599486992	
925 4TH AVENUE	66048	-94.91581299961156	39.30963015681914	
1001 SOUTH 5TH STREET	66048	-94.91306540486168	39.30952463595847	
1001 SOUTH 5TH STREET	66048	-94.91304743685288	39.30948290495243	
1001 SOUTH 5TH STREET	66048	-94.9129167028239	39.30954859797102	
911 5TH AVENUE	66048	-94.91720423302273	39.310015510804654	
911 5TH AVENUE	66048	-94.91715431200971	39.31001991280819	
803 SOUTH 5TH STREET	66048	-94.91364242519825	39.31143622124836	
803 SOUTH 5TH STREET	66048	-94.91363825519419	39.31140534824336	
803 SOUTH 5TH STREET	66048	-94.91369194021006	39.31142012524278	
1117 5TH AVENUE	66048	-94.91730430476572	39.30701970829288	
1001 5TH AVENUE	66048	-94.91724944695048	39.309124777651604	
820 SOUTH BROADWAY STREET	66048	-94.92114056812686	39.31048137965811	
820 SOUTH BROADWAY STREET	66048	-94.9210840881117	39.3104813176613	
820 SOUTH BROADWAY STREET	66048	-94.92096251907826	39.3104745296671	
801 SOUTH BROADWAY STREET	66048	-94.92052525803307	39.31123979882137	
801 SOUTH BROADWAY STREET	66048	-94.92054184003386	39.311201128813906	
1101 SOUTH BROADWAY STREET	66048	-94.92039565965511	39.30762088121759	
1101 SOUTH BROADWAY STREET	66048	-94.92047448468014	39.307660881219846	
1101 SOUTH BROADWAY STREET	66048	-94.92047446467689	39.30762630221402	
531 CHESTNUT STREET	66048	-94.9154104717637	39.312378507306356	
818 COLUMBIA AVENUE	66048	-94.92232356745926	39.310627163615024	
919 COLUMBIA AVENUE	66048	-94.92151643715248	39.309683647501856	
664 MARSHALL STREET	66048	-94.91691103273338	39.30779570644643	
659 MARSHALL STREET	66048	-94.91670180064146	39.307420230395	
651 MARSHALL STREET	66048	-94.9163759115538	39.30742135041386	
426 OLIVE STREET	66048	-94.91366773925728	39.311986555339814	
426 OLIVE STREET	66048	-94.91366519926085	39.31203176734764	
428 OLIVE STREET	66048	-94.91379528829218	39.311993059333616	
601 OLIVE STREET	66048	-94.91569818173436	39.31125156309954	
518 OLIVE STREET	66048	-94.91477670954674	39.31189025026011	
700 SPRUCE STREET	66048	-94.917629643184	39.310507971863444	
626 SPRUCE STREET	66048	-94.91651216789289	39.31061130494486	
624 SPRUCE STREET	66048	-94.91636023485356	39.310628301956406	
509 SPRUCE STREET	66048	-94.9142636902572	39.310293127019705	
500 VINE STREET	66048	-94.91281653858545	39.30731703259982	
500 VINE STREET	66048	-94.9127947225869	39.30739443361414	
500 VINE STREET	66048	-94.91285148960088	39.30738091360857	
426 OLIVE STREET	66048	-94.91362106826838	39.312236508384736	
312 OLIVE STREET	66048	-94.91157036672686	39.31235017652125	
312 OLIVE STREET	66048	-94.91139758167566	39.31230028852273	
312 OLIVE STREET	66048	-94.91154887071448	39.312280451510695	
312 OLIVE STREET	66048	-94.91148388670473	39.31236219252819	
312 OLIVE STREET	66048	-94.91163517574363	39.312342356516226	
312 OLIVE STREET	66048	-94.91146239069234	39.312292467517636	
312 OLIVE STREET	66048	-94.91161367973118	39.31227263150565	
801 SOUTH 4TH STREET	66048	-94.91219203684466	39.31182666139726	
531 CHESTNUT STREET	66048	-94.9154081177582	39.312327174297835	
531 CHESTNUT STREET	66048	-94.91548338977303	39.312269788283785	
501 SPRUCE STREET	66048	-94.91401042021106	39.31052616707356	
501 SPRUCE STREET	66048	-94.91392366318615	39.31050956007576	
501 SPRUCE STREET	66048	-94.91403181421374	39.31049334806678	
501 SPRUCE STREET	66048	-94.91384030216474	39.31052046808235	
426 OLIVE STREET	66048	-94.91372240029463	39.31222576037711	
426 OLIVE STREET	66048	-94.9136196612648	39.312202891379094	
426 OLIVE STREET	66048	-94.91372099329105	39.31219214337154	
420 OLIVE STREET	66048	-94.913443803199	39.31200805335628	
734 SPRUCE STREET	66048	-94.91935153165072	39.310540427770405	
716 SOUTH 4TH STREET	66048	-94.91281997904117	39.312115479410124	
716 SOUTH 4TH STREET	66048	-94.9127534830369	39.31225965843827	
716 SOUTH 4TH STREET	66048	-94.91284977506174	39.31224790143076	
716 SOUTH 4TH STREET	66048	-94.91274382503133	39.312227925433476	
716 SOUTH 4TH STREET	66048	-94.91284011705612	39.31221616842593	
716 SOUTH 4TH STREET	66048	-94.91273080802146	39.312160810422846	
716 SOUTH 4TH STREET	66048	-94.91282710004623	39.31214905341536	
426 OLIVE STREET	66048	-94.9135868422363	39.31199567534601	
312 OLIVE STREET	66048	-94.91160597574044	39.31239213752632	
801 SOUTH 4TH STREET	66048	-94.91217715483305	39.31174614238452	
801 SOUTH 4TH STREET	66048	-94.91214395383216	39.31183111040078	
801 SOUTH 4TH STREET	66048	-94.9121290708205	39.31175059138797	
801 SOUTH 4TH STREET	66048	-94.9120994248209	39.311838515404546	
801 SOUTH 4TH STREET	66048	-94.91208454180924	39.311757996391805	
327 OLIVE STREET	66048	-94.91204096080611	39.31184872240961	
500 ELM STREET	66048	-94.91240894037826	39.30628935744954	
520 ELM STREET	66048	-94.91334072060958	39.30608225436124	
630 SPRUCE STREET	66048	-94.91704912104083	39.3106468859201	
788 JAMES STREET	66048	-94.92258676817077	39.30683631695972	
319 OLIVE STREET	66048	-94.91152471566964	39.311876117443795	
523 OLIVE STREET	66048	-94.91501428156418	39.3113993471636	
714 6TH AVENUE	66048	-94.9197047158663	39.31181119096484	
809 SOUTH 7TH STREET	66048	-94.91670108595767	39.31075810195881	
1100 3RD AVENUE	66048	-94.9154165042974	39.30744167647215	
1100 3RD AVENUE	66048	-94.91541326128957	39.30736862045996	
1100 3RD AVENUE	66048	-94.91541758928734	39.30733296545372	
1100 3RD AVENUE	66048	-94.91541820528421	39.30729792644775	
1100 3RD AVENUE	66048	-94.91541857028153	39.3072686044428	
1100 3RD AVENUE	66048	-94.91541528727778	39.3072384714379	
1100 3RD AVENUE	66048	-94.9154173982758	39.30721134143321	
1100 3RD AVENUE	66048	-94.91541503527229	39.30718123242824	
1100 3RD AVENUE	66048	-94.91541454426925	39.30715045742304	
1100 3RD AVENUE	66048	-94.91541503426633	39.30711827741757	
1100 3RD AVENUE	66048	-94.91545773830893	39.3074463454706	
1100 3RD AVENUE	66048	-94.91541736526392	39.307086146412054	
1100 3RD AVENUE	66048	-94.91545780427496	39.30708793141005	
1100 3RD AVENUE	66048	-94.91521877924357	39.30743572648244	
1100 3RD AVENUE	66048	-94.91521933224054	39.30740211747672	
1100 3RD AVENUE	66048	-94.91521439823595	39.30736764847122	
1100 3RD AVENUE	66048	-94.91521428323215	39.30732829846457	
1100 3RD AVENUE	66048	-94.91521499322887	39.307291116458224	
1100 3RD AVENUE	66048	-94.91541708829426	39.30740735346629	
1100 3RD AVENUE	66048	-94.9152127562251	39.30725814845282	
1100 3RD AVENUE	66048	-94.9152145212178	39.30717592343879	
1100 3RD AVENUE	66048	-94.91521580621539	39.307146627433795	
700 SPRUCE STREET	66048	-94.91763230918902	39.31055323287096	
700 SPRUCE STREET	66048	-94.91763465219414	39.31060112787889	
700 SPRUCE STREET	66048	-94.91756616217315	39.31057413687828	
700 SPRUCE STREET	66048	-94.91763672419872	39.31064332988592	
700 SPRUCE STREET	66048	-94.91756349616814	39.31052887587075	
700 SPRUCE STREET	66048	-94.91756850517832	39.3106220318862	
700 SPRUCE STREET	66048	-94.91757057718291	39.310664233893235	
920 6TH AVENUE	66048	-94.91977924365312	39.309350422545	
516 OLIVE STREET	66048	-94.91467828152106	39.31189912226728	
814 SOUTH 5TH STREET	66048	-94.91409585231298	39.31135806720922	
920 SOUTH 2ND STREET	66048	-94.90914220889536	39.310476721343704	
800 SOUTH ESPLANADE STREET	66048	-94.90811872879834	39.31236114972053	
1800 SOUTH 2ND STREET	66048	-94.90581298303339	39.30028706581265	
1200 SOUTH ESPLANADE STREET	66048	-94.90678296005044	39.30826582210519	
802 SOUTH ESPLANADE STREET	66048	-94.9081102577906	39.3123035437113	
1802 SOUTH 4TH STREET	66048	-94.9091277949247	39.300272783620706	
1428 SOUTH 2ND STREET	66048	-94.90675950467133	39.304330847441754	
1315 SOUTH 2ND STREET	66048	-94.90711254098522	39.30664055781174	
1211 SOUTH 2ND STREET	66048	-94.90739081213567	39.30743741693048	
221 ARCH STREET	66048	-94.90936068478317	39.30867230202639	
222 LINN STREET	66048	-94.90844118329423	39.30612572864878	
301 LINN STREET	66048	-94.9088381943517	39.30560362853794	
301 POPLAR STREET	66048	-94.90789494791099	39.30363353625901	
1503 SOUTH 2ND STREET	66048	-94.90572167535889	39.3039835354424	
1017 SOUTH 2ND STREET	66048	-94.90820890557019	39.30969780626549	
800 SOUTH 2ND STREET	66048	-94.90953802616025	39.312146380603096	
1706 SOUTH 4TH STREET	66048	-94.90919747311582	39.30209255092415	
1512 SOUTH 2ND STREET	66048	-94.90647236949661	39.303302989284475	
1203 SOUTH 2ND STREET	66048	-94.90758975923949	39.307967506008644	
203 ELM STREET	66048	-94.9078719742123	39.30687873580857	
318 ELM STREET	66048	-94.90998850078512	39.30690842069254	
1016 SOUTH ESPLANADE STREET	66048	-94.90752660438547	39.30968739730279	
1308 SOUTH ESPLANADE STREET	66048	-94.90624738179265	39.30706735293332	
119 OLIVE STREET	66048	-94.90880403096493	39.3121714356493	
211 VINE STREET	66048	-94.90880939154938	39.30777198590582	
1101 SOUTH 2ND STREET	66048	-94.90789940142344	39.30902879017023	
1312 SOUTH 2ND STREET	66048	-94.90764239213513	39.3067165467943	
921 SOUTH 3RD STREET	66048	-94.91011912414048	39.31028686825575	
200 ARCH STREET	66048	-94.90869332467038	39.30937830818381	
212 ELM STREET	66048	-94.90860914944554	39.30724466382823	
322 ELM STREET	66048	-94.91016270982821	39.306868121675734	
300 ELM STREET	66048	-94.90941914364113	39.307007371741804	
912 SOUTH ESPLANADE STREET	66048	-94.90787345060248	39.31099160450324	
220 LINN STREET	66048	-94.90834670727081	39.30614658365772	
305 LINN STREET	66048	-94.90912918842395	39.30553909851034	
201 PINE STREET	66048	-94.90900876182212	39.31008313128486	
1703 ROSE STREET	66048	-94.90970981823091	39.30185088685404	
219 SPRUCE STREET	66048	-94.90989069414762	39.31101110939115	
222 VINE STREET	66048	-94.90898669364148	39.30823935497468	
213 POPLAR STREET	66048	-94.9074098567964	39.30380257931528	
214 ARCH STREET	66048	-94.90916119178662	39.30927536813969	
302 ELM STREET	66048	-94.9096513877017	39.306986385725004	
413 PENNSYLVANIA STREET	66048	-94.90963537206517	39.30031275859844	
1821 ROSE STREET	66048	-94.90983091305304	39.2996287644717	
222 SPRUCE STREET	66048	-94.91015085025384	39.31139297444077	
210 VINE STREET	66048	-94.90856309953648	39.308335539015125	
914 SOUTH 2ND STREET	66048	-94.90916986791561	39.31061164936493	
1225 SOUTH 3RD STREET	66048	-94.90887912851134	39.307171980800526	
1600 SOUTH 4TH STREET	66048	-94.90966935635883	39.30331659810397	
1400 SOUTH 2ND STREET	66048	-94.90701176678921	39.304857990516396	
1015 SOUTH 3RD STREET	66048	-94.90977251395505	39.30931528311146	
814 SOUTH ESPLANADE STREET	66048	-94.90807476575786	39.31205898267203	
225 ELM STREET	66048	-94.90858706138869	39.30670791273878	
301 ELM STREET	66048	-94.9092183545427	39.30653884667416	
105 OLIVE STREET	66048	-94.90843210287245	39.31225238568422	
202 VINE STREET	66048	-94.90839177949394	39.30837350703135	
1723 ROSE STREET	66048	-94.90976648615647	39.300903745690796	
201 ELM STREET	66048	-94.90772109917489	39.30691256882288	
218 ARCH STREET	66048	-94.90939558484487	39.30922407311761	
316 LINN STREET	66048	-94.90945862155141	39.30594806856061	
226 LINN STREET	66048	-94.90854633032033	39.30610250663887	
108 PINE STREET	66048	-94.9084478307188	39.31058673740201	
1709 ROSE STREET	66048	-94.90978510520087	39.301319467759924	
218 SPRUCE STREET	66048	-94.90982194716965	39.311438749467314	
305 VINE STREET	66048	-94.90993493183525	39.3075896178107	
109 ARCH STREET	66048	-94.90751349233031	39.30914251921147	
210 POPLAR STREET	66048	-94.90735191682718	39.304291886401266	
1501 SOUTH 2ND STREET	66048	-94.90608088646754	39.30410870144303	
1003 SOUTH 2ND STREET	66048	-94.9083355806392	39.31006575832043	
1330 SOUTH 3RD STREET	66048	-94.90901541444222	39.30605530260406	
1100 SOUTH ESPLANADE STREET	66048	-94.90719112425006	39.30921195224166	
1304 SOUTH ESPLANADE STREET	66048	-94.90628296881285	39.30717910795021	
215 OLIVE STREET	66048	-94.90994297025128	39.31195650654786	
209 VINE STREET	66048	-94.908663002513	39.30780358791959	
1120 SOUTH 2ND STREET	66048	-94.90833117549795	39.30858807207102	
814 SOUTH 2ND STREET	66048	-94.90942394108991	39.31172861553904	
320 ELM STREET	66048	-94.91010760681458	39.30688086868106	
210 LINN STREET	66048	-94.90800000019124	39.306292432702215	
211 PINE STREET	66048	-94.90929719089438	39.31002568425865	
121 SPRUCE STREET	66048	-94.90878148785956	39.31112374847363	
213 SPRUCE STREET	66048	-94.90971623710291	39.31103532140519	
315 VINE STREET	66048	-94.91007164786485	39.307513666789994	
205 LINN STREET	66048	-94.907684249068	39.30588933965213	
1713 ROSE STREET	66048	-94.90980892919822	39.3012240937425	
215 MAPLE STREET	66048	-94.9079163710217	39.30474074944486	
1108 SOUTH 3RD STREET	66048	-94.90989316389961	39.30838764994786	
209 ELM STREET	66048	-94.90799906124383	39.30685023979649	
221 LINN STREET	66048	-94.90823815220274	39.30573677359468	
210 ELM STREET	66048	-94.90850169741881	39.30726815783835	
308 ELM STREET	66048	-94.90990545778477	39.307141160736606	
312 LINN STREET	66048	-94.90929391551053	39.30598496557624	
228 VINE STREET	66048	-94.90921392569777	39.3081877429529	
317 ELM STREET	66048	-94.90965069665278	39.306471481638056	
826 SOUTH ESPLANADE STREET	66048	-94.9080227407212	39.31182010463465	
229 ELM STREET	66048	-94.90871630141989	39.306669480724906	
306 ELM STREET	66048	-94.9098300607459	39.30694506670781	
319 ELM STREET	66048	-94.90984991370819	39.30649035362984	
300 LINN STREET	66048	-94.90900438443643	39.30602558659965	
215 VINE STREET	66048	-94.90911992662602	39.30769781487555	
1701 ROSE STREET	66048	-94.90970403424554	39.302021807883264	
216 SPRUCE STREET	66048	-94.9096762151323	39.311458990479096	
303 ARCH STREET	66048	-94.91006110995598	39.30850484495807	
1727 ROSE STREET	66048	-94.90976332914082	39.300747837664616	
122 SPRUCE STREET	66048	-94.90889356693332	39.31158330754482	
218 LINN STREET	66048	-94.90821137223715	39.306176446670506	
307 LINN STREET	66048	-94.909246311437	39.30534399347071	
207 VINE STREET	66048	-94.90847959446735	39.30784315793671	
215 PINE STREET	66048	-94.90945387293459	39.31000469324615	
211 SPRUCE STREET	66048	-94.90957750806737	39.31105454841643	
302 VINE STREET	66048	-94.9098349748505	39.308034993891596	
1318 SOUTH 2ND STREET	66048	-94.90764440910382	39.30638066173742	
220 ARCH STREET	66048	-94.90957868789039	39.30918366710033	
215 ELM STREET	66048	-94.90840998234579	39.306758133757434	
320 LINN STREET	66048	-94.90964700059816	39.30590586054269	
421 PENNSYLVANIA STREET	66048	-94.9098519791233	39.30031076358573	
1817 ROSE STREET	66048	-94.90982345306836	39.299811844503054	
114 SPRUCE STREET	66048	-94.90853478884127	39.31163185957355	
108 VINE STREET	66048	-94.9073190032275	39.308610703132786	
306 VINE STREET	66048	-94.91005595890532	39.30798536687062	
810 SOUTH ESPLANADE STREET	66048	-94.90809494277202	39.31215115768647	
217 OLIVE STREET	66048	-94.91007704128937	39.31197760754376	
206 POPLAR STREET	66048	-94.90700451573029	39.30425676141518	
1400 SOUTH ESPLANADE STREET	66048	-94.90606598167525	39.3063435208214	
1728 SOUTH 4TH STREET	66048	-94.90909131901913	39.3013733368087	
1207 SOUTH 2ND STREET	66048	-94.90749271218878	39.307708167970354	
900 SOUTH 2ND STREET	66048	-94.90931442399707	39.31106020943242	
1324 SOUTH ESPLANADE STREET	66048	-94.90611468671652	39.30664081186889	
806 SOUTH ESPLANADE STREET	66048	-94.9081125797844	39.31223154669898	
1708 SOUTH 4TH STREET	66048	-94.90912982907834	39.301889331893676	
1500 SOUTH 2ND STREET	66048	-94.90680096262503	39.303724220336875	
1116 SOUTH ESPLANADE STREET	66048	-94.90697945614198	39.30867337016281	
1316 SOUTH ESPLANADE STREET	66048	-94.90619493376295	39.306903098908606	
323 ELM STREET	66048	-94.91017169278797	39.30641789859919	
118 ELM STREET	66048	-94.9071473970739	39.30747720095109	
219 PINE STREET	66048	-94.90974479500927	39.309966289223006	
900 SOUTH ESPLANADE STREET	66048	-94.907914053631	39.311176963532226	
1550 SOUTH 4TH STREET	66048	-94.9100861125556	39.30420875623085	
1809 ROSE STREET	66048	-94.90979346407863	39.30000534253747	
216 POPLAR STREET	66048	-94.90754318687031	39.304203891375465	
1719 ROSE STREET	66048	-94.9097581421632	39.300998794707326	
1808 SOUTH 4TH STREET	66048	-94.90913158890329	39.30003588358045	
1426 SOUTH 2ND STREET	66048	-94.9068147277003	39.30447953146374	
1013 SOUTH 2ND STREET	66048	-94.90830823261012	39.30983655128327	
1317 SOUTH 2ND STREET	66048	-94.90708973196804	39.30652441879341	
1107 SOUTH 2ND STREET	66048	-94.90779971637083	39.30875696512998	
215 POPLAR STREET	66048	-94.90705293965097	39.30328180724775	
321 ELM STREET	66048	-94.91000508174665	39.30645539961507	
206 ARCH STREET	66048	-94.90892722472849	39.30932659916171	
206 ELM STREET	66048	-94.90826214435923	39.307320523860874	
211 ELM STREET	66048	-94.90816636128532	39.30681273578057	
822 SOUTH ESPLANADE STREET	66048	-94.90803877173254	39.31189387264618	
228 LINN STREET	66048	-94.9086027533344	39.30609004263352	
223 LINN STREET	66048	-94.90839451724149	39.30570191857988	
308 LINN STREET	66048	-94.90914714447418	39.30601783859021	
212 VINE STREET	66048	-94.9086917625684	39.30830674200293	
213 VINE STREET	66048	-94.908959302586	39.307731793890504	
216 PINE STREET	66048	-94.90959597601427	39.31044189531187	
1705 ROSE STREET	66048	-94.9097150852177	39.301696370827635	
801 SOUTH 2ND STREET	66048	-94.90901166501877	39.312149423633706	
1313 SOUTH 2ND STREET	66048	-94.90716071301046	39.306770085830856	
1731 ROSE STREET	66048	-94.90976605512878	39.300613205641696	
115 SPRUCE STREET	66048	-94.90846548677966	39.31117868550099	
1608 SOUTH 4TH STREET	66048	-94.90928770420496	39.30277707503466	
1220 SOUTH ESPLANADE STREET	66048	-94.90654085992736	39.30765478301577	
818 SOUTH ESPLANADE STREET	66048	-94.90805702974541	39.311977727659304	
211 ARCH STREET	66048	-94.90865566560389	39.30878347308551	
224 LINN STREET	66048	-94.90850050030899	39.306112629643174	
307 1/2 LINN STREET	66048	-94.90920371942605	39.30534930247405	
1201 SOUTH 2ND STREET	66048	-94.9076291492601	39.30807314702425	
928 SOUTH ESPLANADE STREET	66048	-94.90779451254704	39.31063094344684	
1333 SOUTH 2ND STREET	66048	-94.90667233075288	39.30543988263406	
319 LINN STREET	66048	-94.90947522650984	39.30546233747758	
219 LINN STREET	66048	-94.90808137416441	39.30577812461068	
317 LINN STREET	66048	-94.90940714049295	39.30547744248402	
217 PINE STREET	66048	-94.90957699596618	39.30998834223634	
221 SPRUCE STREET	66048	-94.91005493818966	39.31098828237788	
201 VINE STREET	66048	-94.90814354638371	39.3079155879682	
218 PINE STREET	66048	-94.90977333805797	39.310399114294505	
1001 SOUTH 2ND STREET	66048	-94.90839071266547	39.310186095337606	
220 SPRUCE STREET	66048	-94.90998521821142	39.31141604145412	
304 VINE STREET	66048	-94.91001890189614	39.30799368987412	
118 SPRUCE STREET	66048	-94.90873710389317	39.31160435955734	
109 VINE STREET	66048	-94.90731798518387	39.30815281105551	
1011 SOUTH 3RD STREET	66048	-94.90989348301414	39.309594835151756	
1200 SOUTH 3RD STREET	66048	-94.90966094276129	39.30758782282604	
222 PINE STREET	66048	-94.90993130409849	39.310377666281795	
1738 SOUTH 4TH STREET	66048	-94.90923678600788	39.30084105471045	
1734 SOUTH 4TH STREET	66048	-94.90914113300452	39.30107789675598	
1000 SOUTH ESPLANADE STREET	66048	-94.90771555148964	39.31024955538692	
1008 SOUTH ESPLANADE STREET	66048	-94.90760429443614	39.31000129835134	
1212 SOUTH ESPLANADE STREET	66048	-94.90664249597903	39.30791102205327	
1208 SOUTH ESPLANADE STREET	66048	-94.90669249200442	39.308037261071725	
1406 SOUTH 2ND STREET	66048	-94.90695608476153	39.30472460849704	
1408 SOUTH 2ND STREET	66048	-94.90694494075568	39.304694253492514	
1021 SOUTH 2ND STREET	66048	-94.90811202553422	39.30959362525346	
810 SOUTH 2ND STREET	66048	-94.90946843412263	39.311947075573386	
1300 SOUTH ESPLANADE STREET	66048	-94.90632227883513	39.30730280796881	
200 ELM STREET	66048	-94.90802827030109	39.30737163588287	
1209 SOUTH 2ND STREET	66048	-94.9074441151634	39.30757884395128	
911 SOUTH 2ND STREET	66048	-94.90869968580297	39.310759424416744	
1325 SOUTH 4TH STREET	66048	-94.90992279266993	39.30587993552256	
1332 SOUTH 2ND STREET	66048	-94.90732911693837	39.30553035661183	
1402 SOUTH 2ND STREET	66048	-94.90700093778271	39.30482049051065	
1205 SOUTH 2ND STREET	66048	-94.90753991021343	39.307834123988954	
904 SOUTH 2ND STREET	66048	-94.90929576398638	39.31100074642344	
1108 SOUTH ESPLANADE STREET	66048	-94.9070826341962	39.30895211220396	
1320 SOUTH ESPLANADE STREET	66048	-94.90616047174238	39.306783785890396	
1312 SOUTH ESPLANADE STREET	66048	-94.90621959877691	39.30698026992022	
920 SOUTH ESPLANADE STREET	66048	-94.907834452575	39.31081275447526	
906 SOUTH 2ND STREET	66048	-94.9092787259751	39.31093017141248	
1401 SOUTH 4TH STREET	66048	-94.90967180455193	39.3053473614469	
1500 SOUTH 4TH STREET	66048	-94.90988008751575	39.30437385327056	
1515 SOUTH 2ND STREET	66048	-94.90567511230904	39.30358932737846	
1535 SOUTH 2ND STREET	66048	-94.90540913614716	39.302636755232705	
1009 SOUTH 2ND STREET	66048	-94.90828243961393	39.30995023430394	
1111 SOUTH 2ND STREET	66048	-94.90771127132417	39.308516319094366	
918 SOUTH 2ND STREET	66048	-94.90915113790157	39.31051692534999	
1313 SOUTH 3RD STREET	66048	-94.90859518735617	39.30634153967646	
1303 SOUTH 2ND STREET	66048	-94.90723581504956	39.3069694968603	
830 SOUTH ESPLANADE STREET	66048	-94.90799570870212	39.31169548361515	
1612 SOUTH 4TH STREET	66048	-94.909320983189	39.302514228988336	
1023 SOUTH 2ND STREET	66048	-94.9080527345066	39.309470176235976	
1013 SOUTH 3RD STREET	66048	-94.90982630298132	39.309439676129415	
1210 SOUTH 3RD STREET	66048	-94.90960060273007	39.3074297798028	
1216 SOUTH ESPLANADE STREET	66048	-94.90659719295596	39.30779672803653	
1700 SOUTH 2ND STREET	66048	-94.90611994932438	39.302486830166764	
1704 SOUTH 2ND STREET	66048	-94.90585261821482	39.302089908115	
1801 SOUTH 2ND STREET	66048	-94.90385912944593	39.29964046181508	
1701 SOUTH 4TH STREET	66048	-94.90838418993523	39.302498265039226	
211 MAPLE STREET	66048	-94.907587792945	39.30486502648463	
212 MAPLE STREET	66048	-94.90783346504818	39.30525583553663	
1411 SOUTH 2ND STREET	66048	-94.90625671657212	39.30471290253504	
215 OLIVE STREET	66048	-94.90994774225553	39.311987633552846	
215 OLIVE STREET	66048	-94.90996186926195	39.312015431556695	
301 ELM STREET	66048	-94.90922889453871	39.30646663266136	
301 ELM STREET	66048	-94.90918914752898	39.30647702466536	
301 ELM STREET	66048	-94.90920506153601	39.306506062669364	
800 SOUTH ESPLANADE STREET	66048	-94.90818758681603	39.31235200771509	
802 SOUTH ESPLANADE STREET	66048	-94.9081735948068	39.31229425470611	
800 SOUTH ESPLANADE STREET	66048	-94.90822642882348	39.31232036770749	
802 SOUTH ESPLANADE STREET	66048	-94.90822288782037	39.3122972317038	
305 VINE STREET	66048	-94.90987588982064	39.30760364081644	
305 VINE STREET	66048	-94.9098638298133	39.30756010280977	
305 VINE STREET	66048	-94.9098940618158	39.30750081079802	
1551 SOUTH 4TH STREET	66048	-94.90918892126305	39.30367106219133	
1319 SOUTH 2ND STREET	66048	-94.90704982594806	39.30642678077921	
201 MAPLE STREET	66048	-94.9071752148432	39.3049637715249	
1525 SOUTH 2ND STREET	66048	-94.90562630626546	39.30326848532703	
222 POPLAR STREET	66048	-94.90781164193959	39.30417166935471	
1001 SOUTH ESPLANADE STREET	66048	-94.90679672221981	39.31001346339957	
1651 ROSE STREET	66048	-94.90971071025281	39.30207945589262	
801 SOUTH ESPLANADE STREET	66048	-94.90754321962271	39.31214340571668	
1721 SOUTH 2ND STREET	66048	-94.90530466204525	39.301858111107144	
1649 ROSE STREET	66048	-94.90969092425969	39.30220841891553	
224 MAPLE STREET	66048	-94.90821850514494	39.305183066502266	
1801 SOUTH 4TH STREET	66048	-94.90686403827956	39.29989776868674	
1803 SOUTH 2ND STREET	66048	-94.90278214016678	39.299755512896056	
1501 SOUTH 4TH STREET	66048	-94.90896191622828	39.303949168251286	
1505 SOUTH 2ND STREET	66048	-94.9055786523134	39.30390967143808	
1751 SOUTH 2ND STREET	66048	-94.90407895757313	39.30035849392386	
220 MAPLE STREET	66048	-94.90806530710577	39.30520475551469	
301 1/2 LINN STREET	66048	-94.90886047435707	39.30559705553553	
211 SOUTH 4TH STREET	66048	-94.91354723777519	39.31779105132702	
724 1/2 DELAWARE STREET	66048	-94.91966962240096	39.317548835935746	
305 1/2 CHEROKEE STREET	66048	-94.91236098540838	39.3172923683107	
514 DELAWARE STREET	66048	-94.91606906947494	39.31800873021948	
732 SHAWNEE STREET	66048	-94.92009918459843	39.31841086805675	
610 SOUTH 3RD STREET	66048	-94.91137431176382	39.313296961692366	
501 CHESTNUT STREET	66048	-94.91440014050366	39.31250506138548	
313 SOUTH 2ND STREET	66048	-94.91021181981667	39.31715599241063	
101 SOUTH 4TH STREET	66048	-94.9137476649135	39.31868042046573	
410 1/2 SOUTH 5TH STREET	66048	-94.91500434597154	39.31572364789449	
614 1/2 SOUTH 5TH STREET	66048	-94.91446714258437	39.31316636749337	
219 SOUTH 5TH STREET	66048	-94.91501074412596	39.31733407116613	
402 SOUTH 5TH STREET	66048	-94.91505720401099	39.31598938993637	
432 WALNUT STREET	66048	-94.91427332060732	39.31395862563827	
712 SOUTH 4TH STREET	66048	-94.91280149107105	39.31248326747329	
521 SOUTH 7TH STREET	66048	-94.91737010142056	39.31374058842422	
517 SOUTH BROADWAY STREET	66048	-94.92045475428132	39.314058300301426	
420 SOUTH BROADWAY STREET	66048	-94.92152478964353	39.31483883037198	
413 DELAWARE STREET	66048	-94.91435807700917	39.317955821308466	
320 SOUTH 2ND STREET	66048	-94.91048060686575	39.31691047635379	
216 SOUTH 3RD STREET	66048	-94.91231131646495	39.31802938243797	
513 SOUTH 5TH STREET	66048	-94.9140968355819	39.31419180768773	
104 SOUTH 5TH STREET	66048	-94.91566548342131	39.318588598340476	
200 SOUTH 5TH STREET	66048	-94.9154350612847	39.317802808220954	
303 SOUTH 5TH STREET	66048	-94.91494282906343	39.316867357091176	
402 1/2 SOUTH 5TH STREET	66048	-94.9150516280068	39.315961356931965	
414 1/2 SOUTH 7TH STREET	66048	-94.91798614168125	39.31474024555783	
501 OAK STREET	66048	-94.91492079784085	39.31458307270669	
518 CHEROKEE STREET	66048	-94.91624744043528	39.31708407305314	
403 CHESTNUT STREET	66048	-94.9129266551247	39.31269364950167	
618 CHESTNUT STREET	66048	-94.91677694415657	39.31264065427246	
526 WEST 7TH STREET	66048	-94.91840316068794	39.3136265863459	
610 WEST 7TH STREET	66048	-94.91840986363465	39.31304555524737	
405 CHEROKEE STREET	66048	-94.91390614080773	39.317114931192314	
300 WALNUT STREET	66048	-94.91213350408394	39.31451660085493	
728 CHEROKEE STREET	66048	-94.91943664525472	39.31666852880045	
724 OAK STREET	66048	-94.91993776920378	39.31470853544077	
601 SOUTH 4TH STREET	66048	-94.91248858810319	39.31371107069858	
250 DELAWARE STREET	66048	-94.91121435024246	39.31879894863074	
116 SOUTH 4TH STREET	66048	-94.91398931394403	39.31831582539032	
619 SOUTH 4TH STREET	66048	-94.9123769460266	39.31322008162203	
510 SOUTH 5TH STREET	66048	-94.9147103097486	39.31420785065536	
608 SOUTH 5TH STREET	66048	-94.9145003996122	39.31336565952513	
209 SOUTH 5TH STREET	66048	-94.91509608218698	39.31773479822892	
501 SOUTH 5TH STREET	66048	-94.91436177671841	39.31487962878871	
412 1/2 SOUTH 7TH STREET	66048	-94.91801883670803	39.31492967358794	
103 SOUTH BROADWAY STREET	66048	-94.92112691883182	39.31795381792076	
130 CHEROKEE STREET	66048	-94.91035615091592	39.3177926965099	
700 CHEROKEE STREET	66048	-94.91843260499711	39.3168029368806	
230 CHEROKEE STREET	66048	-94.91185803130236	39.31760216239178	
310 CHEROKEE STREET	66048	-94.91274368253023	39.31749014932218	
620 CHEROKEE STREET	66048	-94.91772169681232	39.316873682933235	
604 CHEROKEE STREET	66048	-94.9170792336467	39.31695107898306	
531 CHEROKEE STREET	66048	-94.91654255948366	39.31675562098075	
526 CHEROKEE STREET	66048	-94.9164985894997	39.317050083032996	
121 DELAWARE STREET	66048	-94.91048604101199	39.318437050611315	
726 DELAWARE STREET	66048	-94.91973902341886	39.317540337930346	
417 DELAWARE STREET	66048	-94.91457499506521	39.31793099229184	
419 DELAWARE STREET	66048	-94.91464642208449	39.31793113628777	
303 DELAWARE STREET	66048	-94.91240762050744	39.31820437646204	
600 DELAWARE STREET	66048	-94.91712210175747	39.3179975081573	
523 DELAWARE STREET	66048	-94.91637714352777	39.317690623148124	
500 DELAWARE STREET	66048	-94.91560000935598	39.31808638725944	
203 DELAWARE STREET	66048	-94.91087189211227	39.31839835258268	
727 SHAWNEE STREET	66048	-94.91972666247234	39.31813948403224	
706 SHAWNEE STREET	66048	-94.91905755533213	39.318561248141755	
607 SHAWNEE STREET	66048	-94.91744372988704	39.31845039121541	
516 SHAWNEE STREET	66048	-94.91642742165047	39.31884147633961	
511 SHAWNEE STREET	66048	-94.91664215866875	39.318424991256975	
775 CHEROKEE STREET	66048	-94.921749299827	39.31613642457824	
519 1/2 SOUTH BROADWAY STREET	66048	-94.92045714826298	39.31385762326739	
615 SOUTH BROADWAY STREET	66048	-94.92057111419707	39.31283873308879	
221 CHESTNUT STREET	66048	-94.91057049252123	39.31302148569181	
600 OAK STREET	66048	-94.91647106627619	39.314770948649695	
745 WALNUT STREET	66048	-94.92008119310455	39.313254372187046	
613 WALNUT STREET	66048	-94.91684892022369	39.313144580353395	
622 CHESTNUT STREET	66048	-94.91709234723746	39.31259791824718	
225 DELAWARE STREET	66048	-94.9118879523737	39.318269813502816	
217 SOUTH 7TH STREET	66048	-94.91809631492009	39.31694582192398	
514 SOUTH 2ND STREET	66048	-94.91019915662307	39.31515037607261	
749 CHEROKEE STREET	66048	-94.92051428250609	39.31625916266965	
401 CHEROKEE STREET	66048	-94.91371279175794	39.31713950320751	
231 CHEROKEE STREET	66048	-94.91182414526848	39.31734160634971	
422 DELAWARE STREET	66048	-94.91489178517149	39.31815205631104	
773 SENECA STREET	66048	-94.92258575229643	39.31871019996499	
323 DELAWARE STREET	66048	-94.91320773271346	39.31810432139933	
425 SOUTH 6TH STREET	66048	-94.91605021017014	39.31484792268681	
309 CHEROKEE STREET	66048	-94.91250409444491	39.31727090329884	
301 CHEROKEE STREET	66048	-94.91217474536045	39.31731575132528	
516 CHEROKEE STREET	66048	-94.91602285537583	39.317094504067725	
505 CHEROKEE STREET	66048	-94.91546862320645	39.316882324063656	
425 CHOCTAW STREET	66048	-94.91452511387436	39.31606022797876	
709 DELAWARE STREET	66048	-94.91888395117022	39.317346988946646	
419 1/2 DELAWARE STREET	66048	-94.91463626607799	39.31789187828171	
327 DELAWARE STREET	66048	-94.91343956977332	39.31807708538148	
322 DELAWARE STREET	66048	-94.91334130777315	39.31835439943396	
321 DELAWARE STREET	66048	-94.91317212970047	39.31806857639535	
501 DELAWARE STREET	66048	-94.91543718728795	39.31783128422566	
509 DELAWARE STREET	66048	-94.91563452733686	39.31778683720686	
522 DELAWARE STREET	66048	-94.91644331256978	39.31794601518746	
516 1/2 DELAWARE STREET	66048	-94.91616556649997	39.31799838421218	
781 DELAWARE STREET	66048	-94.92181374792824	39.317020356723845	
221 1/2 DELAWARE STREET	66048	-94.91166341331665	39.31830558752173	
528 OAK STREET	66048	-94.91594777813529	39.31477132667968	
720 SHAWNEE STREET	66048	-94.9196411014835	39.318500060098	
425 SHAWNEE STREET	66048	-94.91496666222925	39.31854803837362	
630 SHAWNEE STREET	66048	-94.9185028111969	39.318710378198695	
781 SHAWNEE STREET	66048	-94.92262838221636	39.31774537679965	
407 WALNUT STREET	66048	-94.91321005730184	39.313757334665105	
414 WALNUT STREET	66048	-94.91376154648233	39.31409415469042	
409 CHESTNUT STREET	66048	-94.9131083591713	39.31266901448711	
740 CHESTNUT STREET	66048	-94.91986949298257	39.31256934808347	
317 MARKET STREET	66048	-94.91194108592686	39.3134066976785	
713 OAK STREET	66048	-94.91881428986052	39.31427926643258	
605 OAK STREET	66048	-94.91667660429113	39.314344879565986	
618 OAK STREET	66048	-94.91706265042441	39.31465410459612	
521 WALNUT STREET	66048	-94.91540853386348	39.313436204485065	
305 WALNUT STREET	66048	-94.9116131618867	39.313914414783014	
711 WALNUT STREET	66048	-94.91808866455295	39.31309581827423	
422 CHESTNUT STREET	66048	-94.9138681764166	39.31309806151611	
741 SHAWNEE STREET	66048	-94.92046984466518	39.3180625739767	
614 CHESTNUT STREET	66048	-94.91648949007741	39.312622743285814	
731 SHAWNEE STREET	66048	-94.9200101545479	39.31813124201464	
702 CHEROKEE STREET	66048	-94.91850990201358	39.31675712386846	
426 CHEROKEE STREET	66048	-94.91486461307647	39.31722720015644	
302 CHEROKEE STREET	66048	-94.91232125542136	39.31754165735507	
616 CHEROKEE STREET	66048	-94.91755385076888	39.31689159894586	
600 1/2 CHEROKEE STREET	66048	-94.91694080861588	39.317018987002456	
525 CHEROKEE STREET	66048	-94.91633071942964	39.316787909998325	
225 CHEROKEE STREET	66048	-94.91144984017141	39.31738075437777	
714 DELAWARE STREET	66048	-94.91946509234991	39.317591434954686	
406 DELAWARE STREET	66048	-94.91419510399238	39.31824154136602	
429 DELAWARE STREET	66048	-94.9150423351853	39.31787022825487	
300 DELAWARE STREET	66048	-94.91246986854819	39.318457278501185	
627 DELAWARE STREET	66048	-94.91817921899151	39.317463384006665	
529 DELAWARE STREET	66048	-94.91663579859478	39.3176630461287	
506 DELAWARE STREET	66048	-94.91575311939316	39.318043152243376	
217 DELAWARE STREET	66048	-94.91144604626	39.31832574953757	
518 OAK STREET	66048	-94.9155389860318	39.314841413714944	
724 SHAWNEE STREET	66048	-94.91976272551251	39.31846072408442	
728 SHAWNEE STREET	66048	-94.91991826555095	39.31842405006932	
518 SHAWNEE STREET	66048	-94.91650076566924	39.3188313483337	
607 SHORT STREET	66048	-94.91685842741798	39.31516647769433	
420 WALNUT STREET	66048	-94.91389169751349	39.31405308467603	
421 CHESTNUT STREET	66048	-94.9136143862986	39.31257407844215	
309 CHESTNUT STREET	66048	-94.91173517281948	39.312858921597744	
728 CHESTNUT STREET	66048	-94.91870743767224	39.312596678154534	
721 OAK STREET	66048	-94.91988043614649	39.314266837369495	
719 WALNUT STREET	66048	-94.91883809576599	39.313214511251424	
616 WALNUT STREET	66048	-94.91681660126284	39.31364872044042	
204 SOUTH 5TH STREET	66048	-94.9154145102702	39.317708583206226	
727 CHEROKEE STREET	66048	-94.91966474928189	39.31630760472643	
517 CHEROKEE STREET	66048	-94.91597988133859	39.316823690024464	
744 DELAWARE STREET	66048	-94.92049216561382	39.317457544873264	
743 DELAWARE STREET	66048	-94.92030783352497	39.317044198813996	
406 1/2 DELAWARE STREET	66048	-94.91423178100126	39.31823125736219	
604 DELAWARE STREET	66048	-94.91726402879627	39.3180034021502	
614 OAK STREET	66048	-94.9169450473942	39.31466986260554	
302 SOUTH 3RD STREET	66048	-94.9121428153433	39.31722540031188	
313 SOUTH 4TH STREET	66048	-94.9133275716171	39.316748138163476	
601 SOUTH 5TH STREET	66048	-94.91376358943258	39.31356354560069	
715 SHAWNEE STREET	66048	-94.91952146542181	39.31818949705244	
110 SOUTH 5TH STREET	66048	-94.91563752140107	39.318455159319576	
622 WEST 7TH STREET	66048	-94.91842583660214	39.31265702718087	
630 CHEROKEE STREET	66048	-94.91806165590158	39.31684910790963	
301 SOUTH 5TH STREET	66048	-94.9149583430745	39.31694038710265	
410 SOUTH 5TH STREET	66048	-94.91501047597609	39.31575446789936	
407 SOUTH 7TH STREET	66048	-94.91753445359004	39.31506099663785	
400 SOUTH 5TH STREET	66048	-94.91506743901861	39.3160408429445	
216 CHOCTAW STREET	66048	-94.91116326403872	39.31679555829531	
201 SOUTH BROADWAY STREET	66048	-94.92086432666702	39.316962036768324	
430 WALNUT STREET	66048	-94.91421009059198	39.31397675564495	
714 OAK STREET	66048	-94.91906024297074	39.31474314549683	
501 SOUTH BROADWAY STREET	66048	-94.92045279129646	39.31422329832939	
410 SOUTH BROADWAY STREET	66048	-94.92148312066064	39.31513790242489	
111 NORTH BROADWAY STREET	66048	-94.92189609709224	39.31851589097166	
749 1/2 CHEROKEE STREET	66048	-94.92043842447474	39.3161442426546	
308 CHEROKEE STREET	66048	-94.9126283305005	39.31750421533117	
507 SHAWNEE STREET	66048	-94.91591366249098	39.31861870833137	
511 1/2 CHEROKEE STREET	66048	-94.91574112527655	39.31684813704225	
513 DELAWARE STREET	66048	-94.91594317041681	39.31775296018352	
512 DELAWARE STREET	66048	-94.91601591746131	39.31801557722369	
514 WALNUT STREET	66048	-94.91520151185169	39.31390014857531	
710 CHESTNUT STREET	66048	-94.91788537543893	39.31247087818035	
504 6TH AVENUE	66048	-94.91966541206511	39.31401942033999	
215 CHESTNUT STREET	66048	-94.91021746943358	39.31309976972521	
608 OAK STREET	66048	-94.9167110763326	39.31468477262139	
321 MARKET STREET	66048	-94.9121870949883	39.31335577465582	
738 WALNUT STREET	66048	-94.92010551514917	39.313655879253446	
519 WALNUT STREET	66048	-94.91522024281518	39.31346182650017	
700 1/2 CHEROKEE STREET	66048	-94.91844294999979	39.31680164887976	
318 CHEROKEE STREET	66048	-94.91314733363427	39.3174409282908	
327 CHEROKEE STREET	66048	-94.91328279864591	39.31717925523885	
701 SHAWNEE STREET	66048	-94.91892299526813	39.31826850210001	
739 SHAWNEE STREET	66048	-94.92024308760371	39.318058411988986	
711 DELAWARE STREET	66048	-94.919007225202	39.317331594936995	
313 DELAWARE STREET	66048	-94.91284774562116	39.318153521428286	
414 DELAWARE STREET	66048	-94.91455841908595	39.318196735337644	
407 DELAWARE STREET	66048	-94.91416659795988	39.3179799503235	
427 DELAWARE STREET	66048	-94.91498545417043	39.31787465125882	
611 DELAWARE STREET	66048	-94.91743101179925	39.31756089906594	
528 DELAWARE STREET	66048	-94.91670818863834	39.317916560167305	
506 1/2 DELAWARE STREET	66048	-94.91576660639896	39.31806602024648	
419 SHAWNEE STREET	66048	-94.91490279423121	39.31875053141148	
603 SHAWNEE STREET	66048	-94.91727609084818	39.31851658323614	
524 CHESTNUT STREET	66048	-94.91537883979382	39.31278606237697	
420 CHEROKEE STREET	66048	-94.91466809102646	39.31725795617288	
527 CHEROKEE STREET	66048	-94.9163832104426	39.316775324993216	
613 SHORT STREET	66048	-94.91713353948461	39.31508782966531	
526 OAK STREET	66048	-94.91584018110917	39.31480166969096	
219 DELAWARE STREET	66048	-94.91157419829356	39.31831575052851	
422 WALNUT STREET	66048	-94.91401465054183	39.31400317066057	
419 CHESTNUT STREET	66048	-94.91344402125738	39.312623500460205	
305 CHESTNUT STREET	66048	-94.91152352376524	39.31288793561475	
729 OAK STREET	66048	-94.92009879520519	39.3142663223569	
410 1/2 DELAWARE STREET	66048	-94.91439378904327	39.318214052350015	
600 WALNUT STREET	66048	-94.91631779013898	39.313759183487605	
621 WALNUT STREET	66048	-94.91706401028391	39.31316839834517	
724 DELAWARE STREET	66048	-94.91964717439647	39.317565125939815	
778 CHEROKEE STREET	66048	-94.92227077200252	39.31650644061092	
213 DELAWARE STREET	66048	-94.91127160921504	39.31834694355114	
407 CHEROKEE STREET	66048	-94.91400281683259	39.317102644184715	
207 SOUTH 4TH STREET	66048	-94.913576783797	39.31793712034998	
517 SOUTH 5TH STREET	66048	-94.9140799625702	39.31411689067605	
206 SOUTH 5TH STREET	66048	-94.91540217826119	39.31764856519679	
401 SOUTH 5TH STREET	66048	-94.91474908593418	39.316054615965015	
404 1/2 SOUTH 5TH STREET	66048	-94.91504016899823	39.31590374592291	
410 1/2 SOUTH 7TH STREET	66048	-94.91803887471919	39.31499033559706	
626 WEST 7TH STREET	66048	-94.91841369658846	39.31254754716308	
219 CHESTNUT STREET	66048	-94.91049199150115	39.313032210698154	
621 OAK STREET	66048	-94.91714602741038	39.31426979752646	
400 CHEROKEE STREET	66048	-94.91378858379848	39.31735132423895	
305 CHEROKEE STREET	66048	-94.91232280639856	39.317297198313724	
400 CHESTNUT STREET	66048	-94.91297665817473	39.313079229563904	
424 DELAWARE STREET	66048	-94.91498657919593	39.31814038630367	
620 CHESTNUT STREET	66048	-94.91693807019786	39.31261882125954	
507 CHEROKEE STREET	66048	-94.91556265323067	39.31687053005622	
326 CHOCTAW STREET	66048	-94.91320469456392	39.316535981134656	
731 DELAWARE STREET	66048	-94.91978175839911	39.317211144872346	
329 DELAWARE STREET	66048	-94.91351955879388	39.31806716337522	
330 DELAWARE STREET	66048	-94.91366509985683	39.31831754540918	
503 DELAWARE STREET	66048	-94.91548256829964	39.317825588222135	
520 DELAWARE STREET	66048	-94.91638279355423	39.317953762192275	
518 1/2 DELAWARE STREET	66048	-94.91627863952837	39.317976584202086	
529 OAK STREET	66048	-94.9158902020888	39.31444476262784	
730 1/2 SHAWNEE STREET	66048	-94.92002642757808	39.31840298505957	
411 CHESTNUT STREET	66048	-94.91314717018128	39.312663752484	
717 OAK STREET	66048	-94.91904294792218	39.31427964341954	
620 OAK STREET	66048	-94.9172253294692	39.31466472658861	
506 SOUTH 4TH STREET	66048	-94.91334682342159	39.31463152380491	
709 WALNUT STREET	66048	-94.91799504852703	39.31308861927838	
701 DELAWARE STREET	66048	-94.91864347010839	39.31737782096561	
503 SOUTH 5TH STREET	66048	-94.91416043463708	39.31459329475189	
210 SOUTH BROADWAY STREET	66048	-94.92134328376738	39.31666058468999	
313 SOUTH 3RD STREET	66048	-94.91171476119005	39.316825045268736	
120 NORTH BROADWAY STREET	66048	-94.921295447964	39.31886875606558	
425 CHEROKEE STREET	66048	-94.91461212198855	39.31701678613531	
306 CHEROKEE STREET	66048	-94.91251275047068	39.31751830734019	
618 CHEROKEE STREET	66048	-94.9176402747914	39.31688398193964	
610 CHEROKEE STREET	66048	-94.91730622170464	39.316917392964406	
529 CHEROKEE STREET	66048	-94.91647656746662	39.31676377798594	
229 CHEROKEE STREET	66048	-94.91178910725951	39.317345965352445	
730 DELAWARE STREET	66048	-94.92015710852678	39.31749142689819	
400 DELAWARE STREET	66048	-94.91396339393138	39.31825665238187	
421 DELAWARE STREET	66048	-94.91478574011903	39.31789996327456	
408 DELAWARE STREET	66048	-94.91426631400945	39.31821925935821	
314 1/2 DELAWARE STREET	66048	-94.91302606869179	39.31839191545835	
527 DELAWARE STREET	66048	-94.91656292557647	39.317676569135116	
205 DELAWARE STREET	66048	-94.91093623612873	39.31838909257741	
729 SHAWNEE STREET	66048	-94.9199547065334	39.31813595101861	
708 SHAWNEE STREET	66048	-94.91920026637423	39.31859964414004	
517 SHAWNEE STREET	66048	-94.9166625966804	39.318489364266654	
715 CHEROKEE STREET	66048	-94.91899147611235	39.31643123978585	
614 1/2 CHESTNUT STREET	66048	-94.91650077608573	39.31267807429452	
737 WALNUT STREET	66048	-94.91985223204291	39.31325456220016	
522 SOUTH 5TH STREET	66048	-94.91464870270502	39.313923347610846	
748 DELAWARE STREET	66048	-94.92083174871598	39.317570867872966	
412 1/2 DELAWARE STREET	66048	-94.91447061206263	39.31820020434329	
331 DELAWARE STREET	66048	-94.91355637080345	39.318063206372464	
742 CHEROKEE STREET	66048	-94.92028057948013	39.31664906674885	
224 CHOCTAW STREET	66048	-94.91144141511529	39.31681319328237	
117 DELAWARE STREET	66048	-94.91027024095665	39.31846603962854	
121 NORTH BROADWAY STREET	66048	-94.92170159606631	39.31879476402984	
649 CHEROKEE STREET	66048	-94.9176733227494	39.316346869847024	
513 CHEROKEE STREET	66048	-94.9158135762952	39.31683904803656	
316 DELAWARE STREET	66048	-94.91314007372134	39.31837974544972	
201 DELAWARE STREET	66048	-94.91079934509425	39.31841431958955	
726 SHAWNEE STREET	66048	-94.919869317547	39.318521789088635	
509 SHAWNEE STREET	66048	-94.91623727957067	39.31854021729957	
706 CHESTNUT STREET	66048	-94.91771367039556	39.312501238195274	
700 CHESTNUT STREET	66048	-94.91757035236162	39.31254994521173	
709 CHEROKEE STREET	66048	-94.91868781703724	39.31650140081509	
316 CHEROKEE STREET	66048	-94.91302665860316	39.317455644300196	
415 DELAWARE STREET	66048	-94.91445491403407	39.31794336930079	
604 CHESTNUT STREET	66048	-94.91617051300372	39.312750868325715	
743 SENECA STREET	66048	-94.92079356183011	39.31888216809656	
527 WALNUT STREET	66048	-94.91568229693368	39.3133989444631	
605 WALNUT STREET	66048	-94.91640848511072	39.313203828388616	
706 DELAWARE STREET	66048	-94.91903529723956	39.31764843498888	
412 DELAWARE STREET	66048	-94.9144380730541	39.318202323345496	
307 CHEROKEE STREET	66048	-94.91242276942432	39.317284612305855	
515 DELAWARE STREET	66048	-94.91605174344441	39.31773573217435	
510 DELAWARE STREET	66048	-94.91593885644154	39.318026088229836	
512 WALNUT STREET	66048	-94.91510863282792	39.313912849582714	
423 SHAWNEE STREET	66048	-94.91501986326317	39.31875445540544	
704 CHEROKEE STREET	66048	-94.91858869903561	39.316766083865474	
716 CHEROKEE STREET	66048	-94.91909726316656	39.31670247082561	
416 CHEROKEE STREET	66048	-94.9144397519676	39.31728576719065	
317 CHEROKEE STREET	66048	-94.91293217055662	39.317233090268026	
508 CHEROKEE STREET	66048	-94.91565642928464	39.31717362910205	
519 CHEROKEE STREET	66048	-94.91608993936704	39.316811694016124	
227 1/2 CHEROKEE STREET	66048	-94.9117055252383	39.31735991435958	
727 DELAWARE STREET	66048	-94.9196438083635	39.317227511883	
418 DELAWARE STREET	66048	-94.9147165331266	39.31817600032514	
428 1/2 DELAWARE STREET	66048	-94.91514464024114	39.318167924299246	
315 DELAWARE STREET	66048	-94.9129499396465	39.31813023941846	
312 DELAWARE STREET	66048	-94.91289336765766	39.31840858046871	
629 DELAWARE STREET	66048	-94.91827187101529	39.31745128199929	
526 DELAWARE STREET	66048	-94.91662636461763	39.31793062717438	
521 1/2 DELAWARE STREET	66048	-94.9163195485131	39.317699407152894	
523 OAK STREET	66048	-94.91559486600904	39.31444213464431	
744 SHAWNEE STREET	66048	-94.92061727274142	39.31844787703334	
726 SHAWNEE STREET	66048	-94.91984611253135	39.31842239007317	
601 SHAWNEE STREET	66048	-94.91719982982833	39.31852380024174	
765 SHAWNEE STREET	66048	-94.92221295311127	39.31781712283553	
412 WALNUT STREET	66048	-94.91360226944118	39.3141129017027	
325 MARKET STREET	66048	-94.91228146200504	39.31326393363487	
736 WALNUT STREET	66048	-94.91991430409766	39.31365569226434	
405 CHESTNUT STREET	66048	-94.91309129116149	39.312613790478764	
303 CHESTNUT STREET	66048	-94.9113988627333	39.31290502362476	
709 OAK STREET	66048	-94.91858948179998	39.314278893445405	
622 OAK STREET	66048	-94.91739488551225	39.314637108574246	
705 WALNUT STREET	66048	-94.9177941014755	39.31311569929445	
303 CHEROKEE STREET	66048	-94.91225525938121	39.317305643319	
608 CHEROKEE STREET	66048	-94.91726642269371	39.31691547096632	
505 1/2 CHEROKEE STREET	66048	-94.91549503421321	39.316879012061534	
423 CHESTNUT STREET	66048	-94.91383066034734	39.31247436141291	
308 CHOCTAW STREET	66048	-94.91237052735529	39.31670487521092	
426 DELAWARE STREET	66048	-94.91504562721134	39.318134997299346	
317 DELAWARE STREET	66048	-94.91298816565629	39.3181247484154	
505 DELAWARE STREET	66048	-94.9155473823163	39.317817452217035	
518 DELAWARE STREET	66048	-94.9162459755201	39.317982204204874	
513 DELAWARE STREET	66048	-94.91598063442676	39.3177513761811	
223 DELAWARE STREET	66048	-94.9117834883468	39.31828279651103	
749 SHAWNEE STREET	66048	-94.92082948375585	39.31799741594513	
609 SHAWNEE STREET	66048	-94.91752748291272	39.318483227216156	
520 SHAWNEE STREET	66048	-94.91655476568337	39.31882735432995	
217 CHESTNUT STREET	66048	-94.91032731346182	39.313085631716554	
746 CHESTNUT STREET	66048	-94.92015390606241	39.312604010073	
721 CHEROKEE STREET	66048	-94.91927255618764	39.3164271317691	
725 DELAWARE STREET	66048	-94.91946287931485	39.317227676893395	
606 DELAWARE STREET	66048	-94.91734684281754	39.317992511143636	
714 CHEROKEE STREET	66048	-94.91896724013515	39.316740388839435	
516 SOUTH 5TH STREET	66048	-94.91466718871712	39.31399797962235	
409 SOUTH BROADWAY STREET	66048	-94.92032533833061	39.314945500458606	
701 SOUTH 3RD STREET	66048	-94.91080137558036	39.312988914673156	
601 OAK STREET	66048	-94.916359791205	39.3143363615827	
625 OAK STREET	66048	-94.91731601045402	39.31424687051283	
309 SOUTH 2ND STREET	66048	-94.91025301984314	39.317318157435665	
319 CHEROKEE STREET	66048	-94.91303739758374	39.31722029525981	
101 NORTH BROADWAY STREET	66048	-94.92183462804965	39.31824138792882	
743 CHEROKEE STREET	66048	-94.92003778538339	39.31631802870689	
418 WALNUT STREET	66048	-94.91390480352032	39.31408811468125	
416 SOUTH 6TH STREET	66048	-94.91656979135131	39.31528299373052	
740 CHEROKEE STREET	66048	-94.92006709541928	39.31661323675501	
716 1/2 CHEROKEE STREET	66048	-94.91910932917533	39.31676054683476	
600 CHEROKEE STREET	66048	-94.9168978826031	39.31700659600284	
511 CHEROKEE STREET	66048	-94.9157074502679	39.31685236204487	
208 CHOCTAW STREET	66048	-94.91097932999237	39.31682907431153	
511 DELAWARE STREET	66048	-94.91583046438745	39.317763712191756	
787 DELAWARE STREET	66048	-94.92187088094293	39.31701334571934	
501 SHAWNEE STREET	66048	-94.91578679746443	39.31869941935227	
409 SOUTH 7TH STREET	66048	-94.9176068336012	39.31497300661885	
527 1/2 DELAWARE STREET	66048	-94.91649755055923	39.31768046713955	
319 MARKET STREET	66048	-94.91205447995407	39.313371086665995	
610 OAK STREET	66048	-94.91676586534666	39.31467743261704	
424 CHEROKEE STREET	66048	-94.91477238805275	39.31723907316372	
322 CHEROKEE STREET	66048	-94.91337463269285	39.31741293827304	
300 CHEROKEE STREET	66048	-94.91223864540008	39.31755172936152	
705 DELAWARE STREET	66048	-94.91876904514075	39.317362062955766	
410 DELAWARE STREET	66048	-94.91435036903148	39.3182129023523	
430 DELAWARE STREET	66048	-94.91523172425833	39.31810234128321	
431 DELAWARE STREET	66048	-94.91512020620539	39.31786040524874	
310 DELAWARE STREET	66048	-94.91268176460329	39.318436601485566	
601 DELAWARE STREET	66048	-94.91703937269878	39.31761344309719	
530 DELAWARE STREET	66048	-94.91676395665267	39.31790940516293	
504 1/2 DELAWARE STREET	66048	-94.91567994737449	39.318054455249474	
609 SHORT STREET	66048	-94.91705562246464	39.315098473671554	
424 WALNUT STREET	66048	-94.9141020125643	39.313991363653614	
307 CHESTNUT STREET	66048	-94.91162349179088	39.3128742316067	
735 WALNUT STREET	66048	-94.91967639399554	39.31325471521021	
736 DELAWARE STREET	66048	-94.9202683985556	39.317479358889805	
408 1/2 DELAWARE STREET	66048	-94.91430249701929	39.31822021735628	
405 CHOCTAW STREET	66048	-94.9138979126967	39.31596784199906	
303 SOUTH 3RD STREET	66048	-94.91181511125693	39.3172449073339	
317 SOUTH 4TH STREET	66048	-94.91331314660957	39.31670941815775	
117 SOUTH 5TH STREET	66048	-94.91529071629543	39.31832598031761	
316 SOUTH 5TH STREET	66048	-94.91557689717835	39.316278568955454	
610 SOUTH 7TH STREET	66048	-94.91762570441087	39.31291207626969	
718 CHEROKEE STREET	66048	-94.9191845041887	39.3166881028182	
729 DELAWARE STREET	66048	-94.91970182237851	39.31722060787847	
500 OAK STREET	66048	-94.91517632093944	39.31489676474503	
707 SOUTH 3RD STREET	66048	-94.9107872955707	39.312927396663504	
513 SOUTH 6TH STREET	66048	-94.91578621702146	39.31402997656373	
601 SOUTH 7TH STREET	66048	-94.91722465733072	39.313206152342296	
104 NORTH BROADWAY STREET	66048	-94.92117744489552	39.31848199300705	
425 DELAWARE STREET	66048	-94.91487785514279	39.31788857826732	
777 CHEROKEE STREET	66048	-94.92190479686667	39.316112899565404	
618 SOUTH 4TH STREET	66048	-94.91301106521304	39.313385756613734	
742 DELAWARE STREET	66048	-94.92041281559274	39.31746073687835	
405 1/2 DELAWARE STREET	66048	-94.91402584892413	39.31800249433536	
115 DELAWARE STREET	66048	-94.91020558994002	39.318474468633646	
221 SOUTH 5TH STREET	66048	-94.91500043811827	39.31728201015792	
504 SOUTH BROADWAY STREET	66048	-94.92187738364377	39.3138402871832	
114 SOUTH 4TH STREET	66048	-94.91400738395673	39.31839896640334	
213 SOUTH 5TH STREET	66048	-94.9150401321474	39.31747672718852	
101 SOUTH BROADWAY STREET	66048	-94.92113853484	39.31800721692913	
614 WEST 7TH STREET	66048	-94.91848508663661	39.312852354210435	
519 SOUTH BROADWAY STREET	66048	-94.92045686126514	39.313881659271466	
601 1/2 SOUTH BROADWAY STREET	66048	-94.92045227919064	39.3131087311412	
320 DELAWARE STREET	66048	-94.91326365175301	39.31836286643981	
530 OAK STREET	66048	-94.91598661714526	39.3147661996766	
120 SOUTH 7TH STREET	66048	-94.91889729522042	39.3178380880288	
321 WALNUT STREET	66048	-94.91250196211412	39.31378854271089	
621 6TH AVENUE	66048	-94.91932851285686	39.312779644149906	
528 CHESTNUT STREET	66048	-94.91555015783747	39.31275978136277	
522 OAK STREET	66048	-94.91569712807245	39.31482054670235	
605 SHAWNEE STREET	66048	-94.9173634538711	39.31851046223016	
401 CHESTNUT STREET	66048	-94.91288517011407	39.312699273504975	
730 CHESTNUT STREET	66048	-94.91881793370676	39.31264716115673	
722 OAK STREET	66048	-94.91986874418491	39.31470515444415	
226 CHOCTAW STREET	66048	-94.91160192115532	39.316778988267394	
616 1/2 SOUTH 5TH STREET	66048	-94.91445370757484	39.313103559483544	
620 WALNUT STREET	66048	-94.91701408131341	39.3136213454245	
707 CHEROKEE STREET	66048	-94.91858062000962	39.31651496482348	
431 CHEROKEE STREET	66048	-94.91473734402066	39.317000391125404	
304 CHEROKEE STREET	66048	-94.91241222244481	39.31753056534797	
606 CHEROKEE STREET	66048	-94.91720871868095	39.31694445597455	
227 CHEROKEE STREET	66048	-94.91168645223335	39.31736227636109	
728 DELAWARE STREET	66048	-94.91982131844011	39.31753100792409	
404 DELAWARE STREET	66048	-94.91411983397244	39.31824516237094	
301 DELAWARE STREET	66048	-94.91236621649688	39.31820999046534	
325 1/2 DELAWARE STREET	66048	-94.91327376472839	39.31807412839047	
602 DELAWARE STREET	66048	-94.91717910777446	39.318014553156914	
504 DELAWARE STREET	66048	-94.91571465138715	39.318089139253345	
700 SHAWNEE STREET	66048	-94.91900143633636	39.318764648179275	
609 1/2 SHAWNEE STREET	66048	-94.91751748790566	39.318436795208854	
519 SHAWNEE STREET	66048	-94.91667007368655	39.318532878273615	
615 SHORT STREET	66048	-94.91731731954049	39.31515553766625	
711 CHEROKEE STREET	66048	-94.91890729609014	39.316435881791485	
604 1/2 CHESTNUT STREET	66048	-94.91616866999732	39.312688686315354	
402 CHEROKEE STREET	66048	-94.91388525982333	39.31733903723133	
215 SOUTH 5TH STREET	66048	-94.91502906113996	39.31742945918118	
514 CHEROKEE STREET	66048	-94.9158757323395	39.317129447082024	
616 CHEROKEE STREET	66048	-94.91756217277383	39.3169202919502	
527 1/2 CHEROKEE STREET	66048	-94.91639997844688	39.31677325099191	
119 DELAWARE STREET	66048	-94.91040406899089	39.318447156617694	
314 DELAWARE STREET	66048	-94.91299557568375	39.31839374046037	
600 SHAWNEE STREET	66048	-94.91747556492768	39.31878836827062	
628 SHAWNEE STREET	66048	-94.9184032391713	39.318722575206436	
700 1/2 CHESTNUT STREET	66048	-94.91751027634191	39.3125128522089	
719 OAK STREET	66048	-94.91967595509144	39.3142673243813	
604 OAK STREET	66048	-94.91658913130135	39.31470110663113	
723 WALNUT STREET	66048	-94.91907594583438	39.313260122245495	
423 1/2 DELAWARE STREET	66048	-94.91482619012949	39.317894967271386	
312 CHEROKEE STREET	66048	-94.9128788965651	39.31747366131164	
720 DELAWARE STREET	66048	-94.91956136637472	39.31757937594711	
420 DELAWARE STREET	66048	-94.914815988152	39.318161353316974	
409 DELAWARE STREET	66048	-94.91426182498432	39.31796704631586	
401 DELAWARE STREET	66048	-94.9139341369002	39.31801063134199	
325 DELAWARE STREET	66048	-94.91332147474242	39.31808664838985	
528 WALNUT STREET	66048	-94.91578864299792	39.313774606520475	
745 DELAWARE STREET	66048	-94.92054197158541	39.317016636795984	
209 DELAWARE STREET	66048	-94.91109382916936	39.318370344565224	
719 DELAWARE STREET	66048	-94.91934022328317	39.317242481902895	
405 SOUTH BROADWAY STREET	66048	-94.92049034939072	39.315110353477	
209 SOUTH 4TH STREET	66048	-94.91356615078917	39.31788468734179	
511 SOUTH 5TH STREET	66048	-94.91410609758829	39.31423293069417	
106 SOUTH 5TH STREET	66048	-94.91565593041437	39.31854300633335	
311 SOUTH 5TH STREET	66048	-94.91490963704221	39.31673779907117	
406 SOUTH 5TH STREET	66048	-94.91503342499324	39.31586984591756	
400 1/2 SOUTH 5TH STREET	66048	-94.91506181101441	39.31601254894003	
410 SOUTH 2ND STREET	66048	-94.9105504108152	39.31617908322625	
710 SOUTH 4TH STREET	66048	-94.91281853208297	39.31256073048538	
600 SOUTH 4TH STREET	66048	-94.91308550026041	39.31367402165815	
521 SOUTH 5TH STREET	66048	-94.9142414886045	39.31401976365039	
522 WEST 7TH STREET	66048	-94.91840112970634	39.313826371379754	
417 SOUTH BROADWAY STREET	66048	-94.92040182633704	39.31479549942895	
619 SOUTH BROADWAY STREET	66048	-94.92054842117359	39.31265580405919	
404 SOUTH 5TH STREET	66048	-94.91504512600197	39.3159286669268	
603 6TH AVENUE	66048	-94.91932940789943	39.313226375225305	
606 OAK STREET	66048	-94.91665206431746	39.31469267762611	
601 SOUTH 3RD STREET	66048	-94.91090602472731	39.31424185987875	
207 SOUTH 5TH STREET	66048	-94.91510438819219	39.317766305233725	
311 CHESTNUT STREET	66048	-94.91187709185589	39.312839466586354	
319 WALNUT STREET	66048	-94.91232595606897	39.313812206724926	
611 WALNUT STREET	66048	-94.91664245617073	39.313172357369915	
614 WALNUT STREET	66048	-94.91668352122873	39.313667166451154	
416 DELAWARE STREET	66048	-94.91461195209966	39.31818904433333	
719 CHEROKEE STREET	66048	-94.91916286015986	39.316445545778436	
413 CHEROKEE STREET	66048	-94.91421093688346	39.31704834216362	
311 CHEROKEE STREET	66048	-94.91264257948208	39.31726964229074	
601 CHEROKEE STREET	66048	-94.91689966656284	39.31657711693016	
612 CHEROKEE STREET	66048	-94.91738564372537	39.316910447958676	
510 CHEROKEE STREET	66048	-94.91574163530653	39.317162750095335	
523 CHEROKEE STREET	66048	-94.91630030142198	39.31679344300104	
232 CHEROKEE STREET	66048	-94.91189352731142	39.31759746738897	
744 1/2 DELAWARE STREET	66048	-94.92049745461836	39.3174902828785	
321 DELAWARE STREET	66048	-94.9131663277017	39.318097945400645	
610 DELAWARE STREET	66048	-94.91751884786174	39.317969859129924	
521 DELAWARE STREET	66048	-94.91629400950154	39.317650370146076	
524 DELAWARE STREET	66048	-94.91654588559692	39.31794089018075	
508 DELAWARE STREET	66048	-94.91585111941896	39.318037083236725	
509 1/2 DELAWARE STREET	66048	-94.91570787835471	39.31776626819918	
712 SHAWNEE STREET	66048	-94.91934397840515	39.31851740811797	
712 1/2 SHAWNEE STREET	66048	-94.91937390941112	39.31849568911257	
433 SHAWNEE STREET	66048	-94.91530049533772	39.31874366938754	
615 SHAWNEE STREET	66048	-94.9178204769765	39.31832373217241	
761 SHAWNEE STREET	66048	-94.92206403807918	39.31790112785819	
410 WALNUT STREET	66048	-94.91343859839792	39.31412134671349	
515 WALNUT STREET	66048	-94.91505458377272	39.31348436651349	
229 CHOCTAW STREET	66048	-94.91118292101933	39.31653501025021	
407 CHESTNUT STREET	66048	-94.91313290617215	39.31260814847541	
424 CHOCTAW STREET	66048	-94.91461420792648	39.3163564470237	
741 WALNUT STREET	66048	-94.9199777960767	39.31325445719293	
706 CHEROKEE STREET	66048	-94.91868469406083	39.31675889885875	
418 CHEROKEE STREET	66048	-94.91453506099221	39.31727431218327	
606 CHEROKEE STREET	66048	-94.91720859667876	39.316922036970766	
507 CHEROKEE STREET	66048	-94.91557864923477	39.31686852305499	
315 CHOCTAW STREET	66048	-94.91221197924932	39.3160376491073	
428 DELAWARE STREET	66048	-94.91513517523354	39.31811494929088	
608 DELAWARE STREET	66048	-94.91743426084	39.31798100113666	
516 DELAWARE STREET	66048	-94.91619996750865	39.317992331209204	
768 DELAWARE STREET	66048	-94.92170615992667	39.31730975277884	
600 WEST 7TH STREET	66048	-94.91840790265516	39.31326764128498	
745 SHAWNEE STREET	66048	-94.9205494726864	39.31806053897183	
531 SHAWNEE STREET	66048	-94.91692248375563	39.3185448912612	
711 OAK STREET	66048	-94.91869209982765	39.314279064439546	
307 WALNUT STREET	66048	-94.911692118907	39.31390379877669	
702 WALNUT STREET	66048	-94.91787721253742	39.31353295036014	
514 SOUTH 5TH STREET	66048	-94.91467550172528	39.3140608776325	
423 SOUTH 6TH STREET	66048	-94.91605796017572	39.31488459169256	
745 CHEROKEE STREET	66048	-94.9202309014331	39.31629416969181	
630 DELAWARE STREET	66048	-94.9180007789766	39.31781309607587	
734 WALNUT STREET	66048	-94.9197297280479	39.313655516274856	
309 SOUTH 4TH STREET	66048	-94.91336289264912	39.31698501820146	
120 SOUTH BROADWAY STREET	66048	-94.92147149586935	39.317371812802755	
624 SOUTH BROADWAY STREET	66048	-94.92137747637811	39.3124582209784	
529 SHAWNEE STREET	66048	-94.91683673573327	39.31855272026738	
509 CHEROKEE STREET	66048	-94.91565399925415	39.31685906904907	
514 OAK STREET	66048	-94.91538772699302	39.31486136772696	
730 SHAWNEE STREET	66048	-94.92001096957601	39.31842508706419	
426 WALNUT STREET	66048	-94.9141544225777	39.313984279649425	
732 CHESTNUT STREET	66048	-94.91893051673166	39.31258969614059	
620 6TH AVENUE	66048	-94.91971739596262	39.31279090512955	
413 CHESTNUT STREET	66048	-94.91327113221304	39.31264694347408	
616 CHESTNUT STREET	66048	-94.91663493712012	39.31265989628383	
206 CHOCTAW STREET	66048	-94.91087607096571	39.316841466319495	
411 SOUTH BROADWAY STREET	66048	-94.92032548532858	39.31492306445483	
320 SOUTH 7TH STREET	66048	-94.91830517290167	39.316158521779066	
530 WEST 7TH STREET	66048	-94.91840351068478	39.31359225434011	
514 WEST 7TH STREET	66048	-94.91844773276138	39.314274603452795	
408 SOUTH 4TH STREET	66048	-94.9134729855699	39.315837167001305	
608 SOUTH 3RD STREET	66048	-94.91139112977257	39.31334128769891	
123 NORTH BROADWAY STREET	66048	-94.92171422007527	39.31885320103899	
525 OAK STREET	66048	-94.91572815704231	39.31441425463196	
301 CHESTNUT STREET	66048	-94.9112669086995	39.31292310963538	
221 CHEROKEE STREET	66048	-94.91138011215317	39.31738650538273	
607 OAK STREET	66048	-94.91678883031778	39.31430739655325	
629 OAK STREET	66048	-94.91750076850111	39.31421900349759	
106 SOUTH 6TH STREET	66048	-94.91717127981173	39.31842994122753	
410 SOUTH 7TH STREET	66048	-94.91804671972663	39.31504681860613	
518 WALNUT STREET	66048	-94.91537520489143	39.31382569455279	
113 SOUTH 5TH STREET	66048	-94.91529280430119	39.318380466326644	
771 CHEROKEE STREET	66048	-94.92155018874764	39.31586470254378	
309 MARKET STREET	66048	-94.91165399885078	39.313419022697	
211 DELAWARE STREET	66048	-94.91119539319548	39.31835757355726	
619 OAK STREET	66048	-94.91698577336929	39.31429140953923	
705 SOUTH 4TH STREET	66048	-94.91230718696553	39.3127747525508	
217 SOUTH 5TH STREET	66048	-94.9150210621336	39.3173849661741	
216 SOUTH 6TH STREET	66048	-94.91690346662286	39.31719902603498	
210 SOUTH 7TH STREET	66048	-94.91852679806121	39.31721155894424	
215 SOUTH 7TH STREET	66048	-94.9181484789449	39.3170591359401	
521 SOUTH BROADWAY STREET	66048	-94.92045931524635	39.31367630723662	
601 SOUTH BROADWAY STREET	66048	-94.92035228317015	39.3131766551584	
600 SOUTH BROADWAY STREET	66048	-94.92141415345446	39.313159778094786	
214 SOUTH 3RD STREET	66048	-94.9123219384726	39.318079832445896	
206 SOUTH 4TH STREET	66048	-94.91386701586715	39.31785278331916	
515 SOUTH 5TH STREET	66048	-94.91408848957612	39.31415474868194	
614 SOUTH 5TH STREET	66048	-94.91447147658741	39.313186416496514	
208 SOUTH 5TH STREET	66048	-94.9153898472522	39.31758854718736	
406 1/2 SOUTH 5TH STREET	66048	-94.91502895398989	39.315847367914024	
401 SOUTH 3RD STREET	66048	-94.91158682311767	39.3164249842085	
706 SOUTH 3RD STREET	66048	-94.91119548864489	39.3125504755765	
604 CHEROKEE STREET	66048	-94.91704016663697	39.316959177986675	
512 CHEROKEE STREET	66048	-94.91546631523572	39.31719799111708	
218 CHOCTAW STREET	66048	-94.91126652206539	39.31678316728732	
733 DELAWARE STREET	66048	-94.9198669644035	39.317015521834406	
525 SHAWNEE STREET	66048	-94.91673465170692	39.3185647632753	
627 OAK STREET	66048	-94.91742184548089	39.31422965050391	
320 CHEROKEE STREET	66048	-94.91326143866371	39.317426949281895	
405 DELAWARE STREET	66048	-94.91406976193502	39.317992401331125	
518 WEST 7TH STREET	66048	-94.91842531473824	39.31409393742356	
712 CHESTNUT STREET	66048	-94.9179931184679	39.31247041117409	
414 SOUTH 7TH STREET	66048	-94.9179761796736	39.314687635549504	
709 SOUTH 3RD STREET	66048	-94.91077916655077	39.31273996363237	
705 SOUTH 3RD STREET	66048	-94.9107925685743	39.312950434667144	
112 SOUTH 4TH STREET	66048	-94.91402841497158	39.31849573541851	
100 SOUTH 4TH STREET	66048	-94.91436883708907	39.318767613444926	
205 SOUTH 4TH STREET	66048	-94.91358660680422	39.31798568635765	
610 SOUTH 5TH STREET	66048	-94.91449403660772	39.31333591752049	
210 SOUTH 5TH STREET	66048	-94.9153775152432	39.31752852917795	
223 SOUTH 5TH STREET	66048	-94.9149901921111	39.31723603015075	
200 SOUTH BROADWAY STREET	66048	-94.92144291583186	39.31705743375133	
508 SOUTH BROADWAY STREET	66048	-94.92139391250358	39.313734681193004	
621 SOUTH BROADWAY STREET	66048	-94.92047352814784	39.31259695105355	
616 SOUTH BROADWAY STREET	66048	-94.92146318243122	39.31277503602701	
520 SOUTH BROADWAY STREET	66048	-94.92128910145156	39.313483984156704	
315 SOUTH 2ND STREET	66048	-94.91019791380852	39.31710950340359	
201 CHOCTAW STREET	66048	-94.91053593785483	39.316637605304535	
407 SOUTH BROADWAY STREET	66048	-94.920490539388	39.315081482472145	
617 SOUTH BROADWAY STREET	66048	-94.9205479371827	39.312753187075685	
104 SOUTH BROADWAY STREET	66048	-94.92150375892447	39.3178607838835	
312 SOUTH 5TH STREET	66048	-94.91524800811293	39.3165227420155	
211 SOUTH 5TH STREET	66048	-94.91508375017793	39.31767478121948	
200 SOUTH 3RD STREET	66048	-94.91233310848061	39.318132876454236	
612 SOUTH 5TH STREET	66048	-94.91448778760324	39.31330671251589	
202 SOUTH 5TH STREET	66048	-94.91542684227925	39.317768601215654	
312 SOUTH 3RD STREET	66048	-94.9121520483032	39.31677614223546	
311 SOUTH 4TH STREET	66048	-94.91333174962254	39.31679320817085	
520 SOUTH 4TH STREET	66048	-94.91320480933831	39.314156662732856	
519 SOUTH 5TH STREET	66048	-94.91407218856486	39.31408237067066	
600 SOUTH 5TH STREET	66048	-94.91454453664369	39.31357196355746	
108 SOUTH 5TH STREET	66048	-94.91564622340736	39.318496683326075	
307 SOUTH 5TH STREET	66048	-94.9149248990531	39.316809641082436	
408 SOUTH 5TH STREET	66048	-94.91502228598489	39.315813844908725	
419 SOUTH 5TH STREET	66048	-94.91461360284411	39.31548987787742	
408 1/2 SOUTH 5TH STREET	66048	-94.91501738198126	39.315789188904866	
711 SOUTH 3RD STREET	66048	-94.91074260052247	39.31254550260159	
315 SOUTH 5TH STREET	66048	-94.91482341899018	39.316434313024914	
604 SOUTH 6TH STREET	66048	-94.91613644603167	39.313142505393806	
512 SOUTH 5TH STREET	66048	-94.91469697373891	39.314143301645224	
205 SOUTH 5TH STREET	66048	-94.9151167192012	39.31782632324316	
421 SOUTH 6TH STREET	66048	-94.91608747021878	39.315255069753405	
616 SOUTH 5TH STREET	66048	-94.91445662057693	39.31311739348569	
301 SOUTH 4TH STREET	66048	-94.91338998767029	39.31713168622469	
111 SOUTH 5TH STREET	66048	-94.91526183330296	39.31848708234646	
703 SOUTH 3RD STREET	66048	-94.91079668757716	39.312968433669916	
600 SOUTH 6TH STREET	66048	-94.91617846306093	39.313331841423384	
524 SOUTH 7TH STREET	66048	-94.91778920851515	39.31354760736767	
500 SOUTH BROADWAY STREET	66048	-94.92143160255392	39.31415873826247	
405 SOUTH 5TH STREET	66048	-94.91466852288336	39.31574745691776	
432 SOUTH 5TH STREET	66048	-94.91487452186247	39.31494215176994	
217 CHEROKEE STREET	66048	-94.91123623111639	39.31740735139448	
411 CHEROKEE STREET	66048	-94.91409703085652	39.31708751617673	
415 CHEROKEE STREET	66048	-94.91430538090796	39.31703847315655	
417 CHEROKEE STREET	66048	-94.91441740793708	39.31702727014826	
414 CHEROKEE STREET	66048	-94.91422208491443	39.31734319721276	
503 CHEROKEE STREET	66048	-94.9153474381748	39.31689301407235	
515 CHEROKEE STREET	66048	-94.91589866031808	39.31683828003156	
521 CHEROKEE STREET	66048	-94.91623266540451	39.316801012006174	
748 CHEROKEE STREET	66048	-94.92078082161113	39.31661010471368	
510 CHESTNUT STREET	66048	-94.91479687064876	39.31290896643105	
314 CHOCTAW STREET	66048	-94.912727913453	39.31672053819312	
529 CHOCTAW STREET	66048	-94.91637078338543	39.31620781489809	
753 SHAWNEE STREET	66048	-94.9209195827784	39.31797945293693	
525 WALNUT STREET	66048	-94.91553949889764	39.31342455147559	
301 1/2 SOUTH 3RD STREET	66048	-94.91182544426407	39.31729118334111	
210 SOUTH BROADWAY STREET	66048	-94.9213302677582	39.31660026668053	
210 SOUTH BROADWAY STREET	66048	-94.92144246278575	39.31657246866945	
215 CHESTNUT STREET	66048	-94.91021412642996	39.31307106472058	
217 CHESTNUT STREET	66048	-94.91031076045459	39.31305594771253	
105 SOUTH 5TH STREET	66048	-94.91530641632416	39.31858427336033	
513 SOUTH 6TH STREET	66048	-94.91582168103376	39.31405896856662	
521 SOUTH 7TH STREET	66048	-94.91732806040956	39.31374376942719	
521 SOUTH 7TH STREET	66048	-94.91734406942139	39.3138232444397	
521 SOUTH 7TH STREET	66048	-94.9173814864312	39.31382053743708	
606 WEST 7TH STREET	66048	-94.91839465264107	39.31315656326702	
615 SOUTH BROADWAY STREET	66048	-94.92061102720777	39.31283859508651	
615 SOUTH BROADWAY STREET	66048	-94.92053389818719	39.31284037309118	
615 SOUTH BROADWAY STREET	66048	-94.9205419011926	39.312874923096565	
615 SOUTH BROADWAY STREET	66048	-94.92061564721232	39.31287329509206	
410 SOUTH BROADWAY STREET	66048	-94.92142209864537	39.31515036043044	
410 SOUTH BROADWAY STREET	66048	-94.92145018465997	39.315224072441296	
410 SOUTH BROADWAY STREET	66048	-94.92141889464946	39.315202498439426	
410 SOUTH BROADWAY STREET	66048	-94.92147934466449	39.315189073433736	
410 SOUTH BROADWAY STREET	66048	-94.92138115263664	39.31517407943681	
621 SOUTH BROADWAY STREET	66048	-94.92057637817484	39.31258965304642	
621 SOUTH BROADWAY STREET	66048	-94.9205728881755	39.31260625404945	
614 CHEROKEE STREET	66048	-94.91746642674674	39.3169065629534	
520 CHESTNUT STREET	66048	-94.91523833175705	39.312797414386935	
319 DELAWARE STREET	66048	-94.91309854668458	39.31811018740662	
620 OAK STREET	66048	-94.91721646146158	39.31460970457979	
622 OAK STREET	66048	-94.91740482352141	39.31470531058516	
507 SHAWNEE STREET	66048	-94.91586673647096	39.318540680320865	
311 WALNUT STREET	66048	-94.91197360797999	39.31387443175561	
624 WALNUT STREET	66048	-94.91726039837972	39.31362098541033	
514 SOUTH 7TH STREET	66048	-94.91782087053531	39.313670757386696	
420 SOUTH BROADWAY STREET	66048	-94.92152566463186	39.3147136593508	
420 SOUTH BROADWAY STREET	66048	-94.92152446563414	39.31474105135549	
420 SOUTH BROADWAY STREET	66048	-94.92152638563712	39.31476733235979	
420 SOUTH BROADWAY STREET	66048	-94.92152518563942	39.31479472536453	
420 SOUTH BROADWAY STREET	66048	-94.92152414264139	39.31481854336861	
420 SOUTH BROADWAY STREET	66048	-94.92139267760818	39.31484130237997	
420 SOUTH BROADWAY STREET	66048	-94.92139235359883	39.31474352336348	
420 SOUTH BROADWAY STREET	66048	-94.92139427360182	39.314769804367785	
420 SOUTH BROADWAY STREET	66048	-94.92139307360407	39.31479719737246	
420 SOUTH BROADWAY STREET	66048	-94.92139203160609	39.3148210153766	
420 SOUTH BROADWAY STREET	66048	-94.92146024062632	39.314840702375975	
420 SOUTH BROADWAY STREET	66048	-94.92146111561465	39.314715531354814	
420 SOUTH BROADWAY STREET	66048	-94.92145991661693	39.314742923359496	
420 SOUTH BROADWAY STREET	66048	-94.92146183561994	39.314769204363856	
420 SOUTH BROADWAY STREET	66048	-94.92146063662223	39.31479659736854	
420 SOUTH BROADWAY STREET	66048	-94.92145959362419	39.314820415372594	
624 WALNUT STREET	66048	-94.91722577237074	39.31362468841295	
624 WALNUT STREET	66048	-94.91721359236392	39.31358740440732	
624 WALNUT STREET	66048	-94.91729225238427	39.313578753401394	
624 WALNUT STREET	66048	-94.91724906337309	39.313583572404646	
311 WALNUT STREET	66048	-94.91196627897526	39.31384562175116	
311 WALNUT STREET	66048	-94.91195755397055	39.313820589747436	
311 WALNUT STREET	66048	-94.91195022396587	39.313791779742985	
312 OLIVE STREET	66048	-94.91144269870301	39.31246125654733	
312 OLIVE STREET	66048	-94.91159398774191	39.31244142053528	
312 OLIVE STREET	66048	-94.91150750771976	39.312453436542285	
524 CHESTNUT STREET	66048	-94.9153964107984	39.31278438237571	
524 CHESTNUT STREET	66048	-94.91539161279557	39.312767801373184	
524 CHESTNUT STREET	66048	-94.91538193879661	39.312806414380226	
524 CHESTNUT STREET	66048	-94.91540134980166	39.312804782378876	
524 CHESTNUT STREET	66048	-94.9153758807915	39.31276953037435	
219 DELAWARE STREET	66048	-94.911526553263	39.31812864949965	
221 DELAWARE STREET	66048	-94.91163495030946	39.318310556524175	
221 DELAWARE STREET	66048	-94.91159608228212	39.318133061496425	
507 SHAWNEE STREET	66048	-94.9159243135	39.31868385334177	
309 SOUTH 5TH STREET	66048	-94.91491887804858	39.31677895707763	
101 SOUTH 4TH STREET	66048	-94.91358776487235	39.31870027047824	
101 SOUTH 4TH STREET	66048	-94.91374629491807	39.31873260847467	
101 SOUTH 4TH STREET	66048	-94.91375735592501	39.31877439448108	
101 SOUTH 4TH STREET	66048	-94.91376464193115	39.31881822848808	
101 SOUTH 4TH STREET	66048	-94.91377278493765	39.31886351349524	
101 SOUTH 4TH STREET	66048	-94.9137287329095	39.31869208146881	
101 SOUTH 4TH STREET	66048	-94.91358726287325	39.31871170348019	
101 SOUTH 4TH STREET	66048	-94.91372736291409	39.3187442694777	
101 SOUTH 4TH STREET	66048	-94.91373842392105	39.318786055484104	
101 SOUTH 4TH STREET	66048	-94.91374570992711	39.3188298884911	
101 SOUTH 4TH STREET	66048	-94.91375385293361	39.318875174498274	
101 SOUTH 4TH STREET	66048	-94.91360366488405	39.31877867049056	
101 SOUTH 4TH STREET	66048	-94.91370978990356	39.31868299446834	
101 SOUTH 4TH STREET	66048	-94.91360071687764	39.31871992948085	
101 SOUTH 4TH STREET	66048	-94.91370841990813	39.31873518247722	
101 SOUTH 4TH STREET	66048	-94.91371948091509	39.318776969483686	
101 SOUTH 4TH STREET	66048	-94.91372676792118	39.31882080249068	
101 SOUTH 4TH STREET	66048	-94.91373491092766	39.31886608749785	
101 SOUTH 4TH STREET	66048	-94.9135847218781	39.31876958449014	
416 WEST 7TH STREET	66048	-94.91803534667741	39.31456010752457	
514 SOUTH 7TH STREET	66048	-94.91778453252581	39.31367337438922	
514 SOUTH 7TH STREET	66048	-94.91788662055227	39.313662480381524	
514 SOUTH 7TH STREET	66048	-94.91785028154273	39.31366509738405	
514 SOUTH 7TH STREET	66048	-94.9179495165686	39.313656275376836	
514 SOUTH 7TH STREET	66048	-94.91791317755904	39.31365889237937	
514 SOUTH 7TH STREET	66048	-94.9180087645839	39.31364925737231	
514 SOUTH 7TH STREET	66048	-94.91797242557435	39.31365187437483	
514 SOUTH 7TH STREET	66048	-94.91787465557492	39.313935447428314	
514 SOUTH 7TH STREET	66048	-94.9178383165654	39.313938064430836	
514 SOUTH 7TH STREET	66048	-94.91794040559185	39.31392717042315	
514 SOUTH 7TH STREET	66048	-94.91790406658228	39.31392978742567	
514 SOUTH 7TH STREET	66048	-94.91800330160822	39.31392096441848	
514 SOUTH 7TH STREET	66048	-94.91796696259865	39.313923581421	
514 SOUTH 7TH STREET	66048	-94.9178649945693	39.31390371442349	
514 SOUTH 7TH STREET	66048	-94.91802621061397	39.31391656341641	
514 SOUTH 7TH STREET	66048	-94.91801570660658	39.31386906840901	
514 SOUTH 7TH STREET	66048	-94.91785508356415	39.313877697419684	
514 SOUTH 7TH STREET	66048	-94.91784735555889	39.313843870414374	
514 SOUTH 7TH STREET	66048	-94.91783143254919	39.31378693240566	
514 SOUTH 7TH STREET	66048	-94.91782152154404	39.313760916401854	
514 SOUTH 7TH STREET	66048	-94.91781525953996	39.31373571139797	
514 SOUTH 7TH STREET	66048	-94.91780534853483	39.313709694394156	
514 SOUTH 7TH STREET	66048	-94.91794905158146	39.313792905399986	
601 SOUTH 5TH STREET	66048	-94.91375721342784	39.313531776595696	
601 SOUTH 5TH STREET	66048	-94.91385289044885	39.31348159758173	
601 SOUTH 5TH STREET	66048	-94.91384822844574	39.31346175557867	
601 SOUTH 5TH STREET	66048	-94.91392932746825	39.31346899457525	
601 SOUTH 5TH STREET	66048	-94.91395136247829	39.313512501581336	
601 SOUTH 5TH STREET	66048	-94.91395632448217	39.31353934158555	
601 SOUTH 5TH STREET	66048	-94.91399958749321	39.31353285558204	
601 SOUTH 5TH STREET	66048	-94.91404027050382	39.31352916357907	
601 SOUTH 5TH STREET	66048	-94.91398273649324	39.31358105559111	
320 SOUTH 7TH STREET	66048	-94.91832239291277	39.31622651078957	
525 6TH AVENUE	66048	-94.91924972092602	39.3137330043154	
514 DELAWARE STREET	66048	-94.91609743748235	39.318006228217456	
112 SOUTH BROADWAY STREET	66048	-94.92146747188556	39.31755363483368	
319 CHOCTAW STREET	66048	-94.91281372440733	39.31599518306571	
309 DELAWARE STREET	66048	-94.91263451856523	39.31816889444307	
720 WALNUT STREET	66048	-94.91894780784469	39.31373247433263	
405 SOUTH 6TH STREET	66048	-94.9156017151426	39.31583122587852	
401 SOUTH 6TH STREET	66048	-94.91616701529125	39.31579324683975	
621 DELAWARE STREET	66048	-94.91777184288692	39.3175174520391	
204 CHOCTAW STREET	66048	-94.91065568290982	39.31687794233827	
424 SOUTH 5TH STREET	66048	-94.91550739306211	39.31525025478577	
507 SHAWNEE STREET	66048	-94.91586375246594	39.31849672331361	
736 SHAWNEE STREET	66048	-94.92015588961351	39.318409345053226	
400 CHOCTAW STREET	66048	-94.91374473570538	39.316494387096746	
429 SHAWNEE STREET	66048	-94.91511808628286	39.31868358138784	
220 CHEROKEE STREET	66048	-94.91113814212174	39.31774236345665	
207 CHOCTAW STREET	66048	-94.91079846492009	39.316580656279896	
774 CHEROKEE STREET	66048	-94.92182336586968	39.31637586661444	
751 CHEROKEE STREET	66048	-94.92071132355795	39.3162462466562	
401 SOUTH 7TH STREET	66048	-94.91778913370025	39.315499961697405	
519 CHOCTAW STREET	66048	-94.91613898032503	39.31622934291499	
734 SHAWNEE STREET	66048	-94.9201270996185	39.318543514077554	
507 SHAWNEE STREET	66048	-94.91585957645923	39.318437950303945	
201 CHEROKEE STREET	66048	-94.91081833699936	39.31736002741042	
709 CHEROKEE STREET	66048	-94.91876846905849	39.316496378809646	
740 SHAWNEE STREET	66048	-94.92021342662767	39.31839496604751	
530 SHAWNEE STREET	66048	-94.91678964774728	39.31883380731756	
511 OAK STREET	66048	-94.91535859494917	39.31448166666451	
420 SOUTH 5TH STREET	66048	-94.91498595993001	39.31533803883044	
415 SHAWNEE STREET	66048	-94.9147754971974	39.318755030419524	
400 SOUTH 7TH STREET	66048	-94.91818592781338	39.3155662576859	
411 SOUTH 6TH STREET	66048	-94.91612448025556	39.31553815479907	
220 SOUTH 5TH STREET	66048	-94.91536203921821	39.31730938914186	
524 WALNUT STREET	66048	-94.9156304019626	39.31385152654255	
201 CHOCTAW STREET	66048	-94.91053241085152	39.3166130693006	
201 CHOCTAW STREET	66048	-94.91052732484788	39.31658908829686	
201 CHOCTAW STREET	66048	-94.91052218684433	39.31656629729326	
201 CHOCTAW STREET	66048	-94.9105170998407	39.31654231628953	
201 CHOCTAW STREET	66048	-94.91051270183743	39.31652014128602	
201 CHOCTAW STREET	66048	-94.91050761583374	39.31649616028228	
201 CHOCTAW STREET	66048	-94.91050247783019	39.316473369278725	
201 CHOCTAW STREET	66048	-94.91049739182655	39.31644938827495	
201 CHOCTAW STREET	66048	-94.91049222682307	39.31642719327151	
201 CHOCTAW STREET	66048	-94.91048708881951	39.316404402267956	
201 CHOCTAW STREET	66048	-94.91048200181591	39.31638042026418	
201 CHOCTAW STREET	66048	-94.91049729384497	39.31664373530778	
201 CHOCTAW STREET	66048	-94.91049376684171	39.31661919930386	
201 CHOCTAW STREET	66048	-94.91048868083807	39.31659521830008	
201 CHOCTAW STREET	66048	-94.91047845683084	39.316548446292735	
201 CHOCTAW STREET	66048	-94.91047405882756	39.31652627128929	
201 CHOCTAW STREET	66048	-94.91048354283453	39.31657242729654	
201 CHOCTAW STREET	66048	-94.91046897182395	39.3165022902855	
201 CHOCTAW STREET	66048	-94.91046383482039	39.316479499281954	
201 CHOCTAW STREET	66048	-94.91045874781676	39.316455518278225	
201 CHOCTAW STREET	66048	-94.91045358281326	39.31643332227473	
201 CHOCTAW STREET	66048	-94.91044844480972	39.31641053127121	
201 CHOCTAW STREET	66048	-94.91044335880608	39.31638655026745	
201 CHOCTAW STREET	66048	-94.91044567083152	39.316648328311516	
201 CHOCTAW STREET	66048	-94.91044214382826	39.316623791307585	
201 CHOCTAW STREET	66048	-94.91043705682458	39.3165998103038	
201 CHOCTAW STREET	66048	-94.91043191982108	39.31657701930025	
201 CHOCTAW STREET	66048	-94.9104268328174	39.316553038296526	
201 CHOCTAW STREET	66048	-94.91042243481412	39.31653086329299	
201 CHOCTAW STREET	66048	-94.91041734881048	39.316506882289275	
201 CHOCTAW STREET	66048	-94.91041221080695	39.31648409128571	
201 CHOCTAW STREET	66048	-94.91040712380327	39.31646011028193	
201 CHOCTAW STREET	66048	-94.91040195879977	39.316437915278506	
201 CHOCTAW STREET	66048	-94.91039682179625	39.316415124274954	
201 CHOCTAW STREET	66048	-94.91039173479258	39.31639114327116	
201 CHOCTAW STREET	66048	-94.91040702682167	39.31665445831474	
201 CHOCTAW STREET	66048	-94.91040349981839	39.316629921310806	
201 CHOCTAW STREET	66048	-94.91039841381478	39.31660594030707	
201 CHOCTAW STREET	66048	-94.91039327581122	39.31658314930352	
201 CHOCTAW STREET	66048	-94.9103881888076	39.31655916829974	
201 CHOCTAW STREET	66048	-94.91038379180432	39.31653699329627	
201 CHOCTAW STREET	66048	-94.91037870480064	39.316513012292496	
201 CHOCTAW STREET	66048	-94.91037356679709	39.31649022128894	
201 CHOCTAW STREET	66048	-94.91036848079345	39.316466240285145	
201 CHOCTAW STREET	66048	-94.91036331578995	39.31644404528171	
201 CHOCTAW STREET	66048	-94.9103581777864	39.31642125427816	
201 CHOCTAW STREET	66048	-94.91035309178277	39.31639727327444	
104 SOUTH 5TH STREET	66048	-94.91572934944541	39.31866193534921	
320 SOUTH 2ND STREET	66048	-94.91051832789258	39.3170860343813	
320 SOUTH 2ND STREET	66048	-94.91049594887656	39.31698051436473	
104 SOUTH 5TH STREET	66048	-94.91570476742851	39.318553272332274	
104 SOUTH 5TH STREET	66048	-94.9157191244391	39.31862421234342	
104 SOUTH 5TH STREET	66048	-94.91568866441516	39.31845840131719	
104 SOUTH 5TH STREET	66048	-94.9156815964104	39.3184283623125	
320 SOUTH 2ND STREET	66048	-94.91051118688755	39.317052936376115	
104 SOUTH 5TH STREET	66048	-94.91569363841937	39.318488386321945	
100 SOUTH 5TH STREET	66048	-94.91568296843393	39.31867203135361	
320 SOUTH 2ND STREET	66048	-94.91048774787085	39.31694357435899	
104 SOUTH 5TH STREET	66048	-94.91569926242383	39.318519474326884	
320 SOUTH 2ND STREET	66048	-94.91050309088165	39.31701361236992	
104 SOUTH 5TH STREET	66048	-94.91571219943408	39.31859091933819	
320 SOUTH 7TH STREET	66048	-94.91850417695612	39.31616736076921	
513 DELAWARE STREET	66048	-94.91595155641143	39.31767239016941	
320 SOUTH 7TH STREET	66048	-94.91844224593993	39.316172518773584	
513 DELAWARE STREET	66048	-94.91597295942137	39.31771635717563	
320 SOUTH 7TH STREET	66048	-94.91838474492516	39.31618022877821	
612 CHEROKEE STREET	66048	-94.91739251373028	39.31694282296375	
319 DELAWARE STREET	66048	-94.91309402668018	39.31807680140121	
614 CHEROKEE STREET	66048	-94.91748341075709	39.31696734396268	
605 SHAWNEE STREET	66048	-94.91735446486578	39.31847954822542	
416 1/2 CHEROKEE STREET	66048	-94.91444884697428	39.317330363197655	
417 1/2 DELAWARE STREET	66048	-94.91456360505889	39.317896631286715	
303 SOUTH 3RD STREET	66048	-94.91180752725137	39.31720786332807	
726 SHAWNEE STREET	66048	-94.9198613685403	39.31847358608094	
327 1/2 DELAWARE STREET	66048	-94.91343236476833	39.31804541737658	
313 1/2 DELAWARE STREET	66048	-94.91283940461304	39.3180917764183	
516 SHAWNEE STREET	66048	-94.91643584665606	39.31887687334507	
321 DELAWARE STREET	66048	-94.9131672326968	39.31804376639143	
604 CHEROKEE STREET	66048	-94.91708890565326	39.31699306598957	
319 DELAWARE STREET	66048	-94.9130891456765	39.31805163339725	
614 CHEROKEE STREET	66048	-94.91747519975203	39.316937556958095	
612 CHEROKEE STREET	66048	-94.91738800072751	39.316926725961274	
603 SHAWNEE STREET	66048	-94.91726987984399	39.31849018823208	
728 1/2 SHAWNEE STREET	66048	-94.91992234555518	39.3184570670747	
518 SHAWNEE STREET	66048	-94.91650761267458	39.31886804133948	
620 1/2 CHEROKEE STREET	66048	-94.91772822081593	39.316892932936085	
614 CHEROKEE STREET	66048	-94.9174718187498	39.316923636956	
614 CHEROKEE STREET	66048	-94.91748002975486	39.31695342296052	
303 SOUTH 3RD STREET	66048	-94.91180002224563	39.31716903332195	
728 CHEROKEE STREET	66048	-94.9194802372884	39.316899799837024	
770 SHAWNEE STREET	66048	-94.92240736921345	39.31834236191305	
402 DELAWARE STREET	66048	-94.91401252094421	39.31825229237826	
217 CHESTNUT STREET	66048	-94.91030265944997	39.31303069470869	
215 CHESTNUT STREET	66048	-94.9102060254254	39.31304581071681	
202 SOUTH BROADWAY STREET	66048	-94.9217012628738	39.316766175687356	
761 CHEROKEE STREET	66048	-94.92132289471306	39.31614535760415	
618 CHEROKEE STREET	66048	-94.91765116679902	39.31693315594733	
618 CHEROKEE STREET	66048	-94.91764523379531	39.31691094094393	
404 SOUTH 7TH STREET	66048	-94.91845674386495	39.31534091463234	
213 DELAWARE STREET	66048	-94.91073197305005	39.31813953154698	
506 SOUTH BROADWAY STREET	66048	-94.92188816562998	39.313664107152796	
130 CHEROKEE STREET	66048	-94.91036826392487	39.317852395519296	
215 DELAWARE STREET	66048	-94.91134656323447	39.31833891354548	
130 CHEROKEE STREET	66048	-94.91038201893268	39.317895683525805	
215 DELAWARE STREET	66048	-94.91129192119455	39.31807324550375	
130 CHEROKEE STREET	66048	-94.91039523994147	39.317951120534424	
624 CHEROKEE STREET	66048	-94.91784827584365	39.316844054921	
626 CHEROKEE STREET	66048	-94.91793536686708	39.31684379091598	
219 CHEROKEE STREET	66048	-94.91154602519669	39.31737382437107	
412 SOUTH 2ND STREET	66048	-94.91034774576275	39.316201549241654	
311 WALNUT STREET	66048	-94.91183731792927	39.31372671373846	
311 WALNUT STREET	66048	-94.91180279492042	39.31373136974122	
700 OAK STREET	66048	-94.91796385065665	39.31454395752598	
624 WALNUT STREET	66048	-94.9173103523927	39.31361652440672	
410 SOUTH 7TH STREET	66048	-94.9180161507008	39.31486104257649	
410 SOUTH 7TH STREET	66048	-94.91802332570569	39.31489219458136	
520 SOUTH 2ND STREET	66048	-94.91066353469672	39.314608034954475	
711 1/2 DELAWARE STREET	66048	-94.9189861531775	39.3171336839048	
779 CHEROKEE STREET	66048	-94.92199266688922	39.31610164555846	
322 DELAWARE STREET	66048	-94.91335790578343	39.318415453443336	
322 DELAWARE STREET	66048	-94.91337464679339	39.31847330245211	
322 DELAWARE STREET	66048	-94.91339526680898	39.318578675468714	
207 DELAWARE STREET	66048	-94.91100026014526	39.318381793572506	
522 3/4 SOUTH 5TH STREET	66048	-94.91495343281046	39.314169534634935	
205 DELAWARE STREET	66048	-94.91086681308545	39.31813006053766	
207 DELAWARE STREET	66048	-94.9109423471052	39.318123537532216	
203 DELAWARE STREET	66048	-94.91081295207147	39.31813582254171	
219 DELAWARE STREET	66048	-94.9115386452844	39.318319640531215	
522 1/2 SOUTH 5TH STREET	66048	-94.91464348670104	39.31389575360647	
217 DELAWARE STREET	66048	-94.91142166923657	39.318147665508874	
520 POTTAWATOMIE STREET	66048	-94.91732968223235	39.32241418489119	
715 POTTAWATOMIE STREET	66048	-94.92002311388859	39.32168576261404	
601 NORTH 5TH STREET	66048	-94.916627936133	39.32335907509094	
219 NORTH BROADWAY STREET	66048	-94.9219589451991	39.31946350712803	
806 NORTH BROADWAY STREET	66048	-94.9224694388323	39.32468838698097	
316 NORTH 6TH STREET	66048	-94.9172990510995	39.321100606671145	
603 1/2 NORTH 5TH STREET	66048	-94.9166467311462	39.32344454210427	
706 NORTH 7TH STREET	66048	-94.91963552600843	39.32404907603528	
223 NORTH BROADWAY STREET	66048	-94.92200035323236	39.319697112165116	
611 NORTH 6TH STREET	66048	-94.91840662763957	39.32364918503807	
700 NORTH BROADWAY STREET	66048	-94.92224472066658	39.32358011880674	
723 NORTH 7TH STREET	66048	-94.92001726313867	39.32433764206214	
810 NORTH BROADWAY STREET	66048	-94.92254307987216	39.324899726012404	
505 NORTH 7TH STREET	66048	-94.91960492382695	39.3222230257287	
626 KICKAPOO STREET	66048	-94.91946657695375	39.3239522560286	
711 NORTH 5TH STREET	66048	-94.91708793039261	39.32478905930601	
301 NORTH 7TH STREET	66048	-94.91923136355278	39.320393751441244	
510 NORTH BROADWAY STREET	66048	-94.92191948043168	39.322027683563256	
720 NORTH BROADWAY STREET	66048	-94.92236901275535	39.32416283489798	
403 NORTH BROADWAY STREET	66048	-94.92234805543625	39.320859412341484	
719 DAKOTA STREET	66048	-94.9210082914926	39.32525498616023	
522 KICKAPOO STREET	66048	-94.91758820147248	39.324211302179854	
621 KICKAPOO STREET	66048	-94.91913449983151	39.32360646598918	
723 KICKAPOO STREET	66048	-94.92073842124599	39.32342231586629	
620 KIOWA STREET	66048	-94.91943104703681	39.3249281941954	
716 KIOWA STREET	66048	-94.92071063035773	39.324678356079964	
600 MIAMI STREET	66048	-94.9178950512181	39.3206588965625	
713 MIAMI STREET	66048	-94.91966043162923	39.31998133034702	
516 OSAGE STREET	66048	-94.91691440904768	39.321646378785324	
720 1/2 OSAGE STREET	66048	-94.92023726689233	39.32111740850582	
734 OSAGE STREET	66048	-94.92097059808707	39.321088421458946	
515 OTTAWA STREET	66048	-94.91706270221552	39.32299452400449	
720 OTTAWA STREET	66048	-94.920787015224	39.323052360801036	
601 POTTAWATOMIE STREET	66048	-94.91805721138977	39.322008259781015	
744 POTTAWATOMIE STREET	66048	-94.92132931627472	39.322047897600456	
719 POTTAWATOMIE STREET	66048	-94.92019306592574	39.32159480058895	
707 SENECA STREET	66048	-94.91918359242023	39.31913182323087	
736 SENECA STREET	66048	-94.92054217280369	39.31931739918448	
738 KIOWA STREET	66048	-94.92189241966743	39.324588528997154	
426 KIOWA STREET	66048	-94.91666379032516	39.32528202741353	
769 MIAMI STREET	66048	-94.92229576030898	39.31966623014301	
521 OSAGE STREET	66048	-94.91698504401985	39.32115266469792	
511 POTTAWATOMIE STREET	66048	-94.91681993506435	39.322090062865655	
739 DAKOTA STREET	66048	-94.92197990473854	39.3250895450767	
700 1/2 KIOWA STREET	66048	-94.92008749119411	39.32472292212316	
628 KIOWA STREET	66048	-94.91970187010642	39.32489321217396	
412 NORTH BROADWAY STREET	66048	-94.92175840531719	39.3212780134459	
519 KICKAPOO STREET	66048	-94.91751435242084	39.323876554127565	
609 KICKAPOO STREET	66048	-94.91870672672142	39.32365984502269	
733 KICKAPOO STREET	66048	-94.92122581837594	39.32340885383615	
522 KIOWA STREET	66048	-94.91802058467059	39.32507154330033	
611 KIOWA STREET	66048	-94.9189143598641	39.324574220165225	
717 KIOWA STREET	66048	-94.92062322130678	39.324389686036206	
529 MIAMI STREET	66048	-94.91718008899093	39.32029427154182	
611 MIAMI STREET	66048	-94.91796575518923	39.320153909473184	
717 MIAMI STREET	66048	-94.91989434168885	39.319945679327645	
600 OSAGE STREET	66048	-94.91791150929775	39.321451824695444	
508 OSAGE STREET	66048	-94.91660531096318	39.32163331980086	
722 OSAGE STREET	66048	-94.92032885991587	39.32110571849859	
517 OTTAWA STREET	66048	-94.91721670425127	39.32293444598554	
613 OTTAWA STREET	66048	-94.91863077862348	39.32284341188918	
619 OTTAWA STREET	66048	-94.91886833668447	39.322812240870334	
740 OTTAWA STREET	66048	-94.92160613041851	39.32277800070784	
531 POTTAWATOMIE STREET	66048	-94.91759487026204	39.32197423780178	
720 POTTAWATOMIE STREET	66048	-94.92036923001545	39.32204058965416	
717 POTTAWATOMIE STREET	66048	-94.92010634690998	39.32167495660747	
728 POTTAWATOMIE STREET	66048	-94.92067907710303	39.322084259643816	
518 SENECA STREET	66048	-94.91666184380092	39.319762127481646	
728 SENECA STREET	66048	-94.92021365272574	39.31942815122194	
712 SENECA STREET	66048	-94.9195351175449	39.31944815726414	
518 POTTAWATOMIE STREET	66048	-94.91719198919708	39.322433302902326	
606 POTTAWATOMIE STREET	66048	-94.91842877352462	39.322374914821665	
774 SENECA STREET	66048	-94.92256240732148	39.319041110022205	
767 MIAMI STREET	66048	-94.92219936628412	39.3196772751504	
625 DAKOTA STREET	66048	-94.91963864513284	39.32535077825485	
523 KICKAPOO STREET	66048	-94.91770170346918	39.32385390211303	
501 KIOWA STREET	66048	-94.91726498543862	39.32477136529288	
614 KIOWA STREET	66048	-94.91924127798809	39.32495325921048	
727 KIOWA STREET	66048	-94.9212305154498	39.32417383796503	
523 MIAMI STREET	66048	-94.9169304919267	39.32032558156139	
623 MIAMI STREET	66048	-94.91852856633389	39.320081257428676	
511 OSAGE STREET	66048	-94.91657785491502	39.32120350072981	
714 OSAGE STREET	66048	-94.92003065383928	39.32114446552223	
738 OSAGE STREET	66048	-94.92113177612846	39.32106740344619	
605 OTTAWA STREET	66048	-94.91838015855907	39.32287632690911	
518 OTTAWA STREET	66048	-94.91741710634093	39.32331023203753	
726 OTTAWA STREET	66048	-94.92082743622136	39.32290980977464	
708 POTTAWATOMIE STREET	66048	-94.91987691188896	39.32210468469313	
713 SENECA STREET	66048	-94.91944516648755	39.319099070210406	
724 SENECA STREET	66048	-94.9200208106698	39.3193858982259	
700 OSAGE STREET	66048	-94.91935554966517	39.32122544357457	
615 KIOWA STREET	66048	-94.91908144290622	39.32454451415061	
713 POTTAWATOMIE STREET	66048	-94.91991340186041	39.321700024622764	
732 POTTAWATOMIE STREET	66048	-94.92089706015076	39.32196831061174	
115 NORTH 7TH STREET	66048	-94.91896252135446	39.31906589523242	
515 NORTH 5TH STREET	66048	-94.91657069907706	39.32293145002197	
501 NORTH 7TH STREET	66048	-94.9196840168316	39.322047440694554	
300 NORTH 6TH STREET	66048	-94.91732781405452	39.32054477357569	
410 NORTH BROADWAY STREET	66048	-94.92173220029822	39.32115214142612	
612 KICKAPOO STREET	66048	-94.9188956668045	39.323999417069246	
604 KICKAPOO STREET	66048	-94.91859775172966	39.32405661109591	
516 KIOWA STREET	66048	-94.91774646460054	39.32511167132278	
424 KIOWA STREET	66048	-94.9165956283075	39.325289239418645	
721 DAKOTA STREET	66048	-94.92113519852525	39.325239217150354	
744 KICKAPOO STREET	66048	-94.92177438755003	39.323686091851506	
711 KIOWA STREET	66048	-94.9204005132463	39.32438461304809	
710 MIAMI STREET	66048	-94.91958601464599	39.32036936841683	
727 OTTAWA STREET	66048	-94.92082971418802	39.32255250071421	
745 SENECA STREET	66048	-94.9208004818378	39.318943752106605	
708 KICKAPOO STREET	66048	-94.92024501415594	39.32387366897074	
700 KIOWA STREET	66048	-94.92011039120393	39.3247617401284	
707 OSAGE STREET	66048	-94.91956290368508	39.320846687498715	
614 POTTAWATOMIE STREET	66048	-94.91875872460936	39.322331154795414	
512 MIAMI STREET	66048	-94.91657213587665	39.3208152526646	
732 KIOWA STREET	66048	-94.92145448255658	39.32466347403484	
718 OSAGE STREET	66048	-94.92015896987222	39.3211278055121	
742 KICKAPOO STREET	66048	-94.92164449351664	39.323702836861806	
500 KIOWA STREET	66048	-94.91703566541602	39.32518432437575	
612 KIOWA STREET	66048	-94.91920789697949	39.324957690213125	
516 MIAMI STREET	66048	-94.91673739790993	39.32069697963517	
615 MIAMI STREET	66048	-94.91810129122378	39.32013324746194	
715 MIAMI STREET	66048	-94.91974851065187	39.3199699743401	
520 OTTAWA STREET	66048	-94.91752754936688	39.323270659024466	
609 OTTAWA STREET	66048	-94.91845750557896	39.322866164903004	
523 POTTAWATOMIE STREET	66048	-94.91738598820855	39.322003259818615	
623 SENECA STREET	66048	-94.91832652319592	39.31920026029152	
732 SENECA STREET	66048	-94.9203747217671	39.31940699920916	
513 MIAMI STREET	66048	-94.91651729882044	39.32037827859393	
614 OSAGE STREET	66048	-94.91858720747258	39.32137654064402	
514 SENECA STREET	66048	-94.91647302775196	39.31978186149577	
631 MIAMI STREET	66048	-94.9187871264007	39.32005114240878	
621 NORTH 7TH STREET	66048	-94.91995821004714	39.323541124931026	
526 MIAMI STREET	66048	-94.91709247100131	39.3206523526073	
524 NORTH 7TH STREET	66048	-94.91935930081371	39.322780895836964	
221 NORTH BROADWAY STREET	66048	-94.92188501019125	39.31959114015384	
321 NORTH 6TH STREET	66048	-94.91777120122697	39.32110429164479	
614 NORTH BROADWAY STREET	66048	-94.92216271559406	39.32304817772161	
704 NORTH BROADWAY STREET	66048	-94.92229991770552	39.323833336846334	
407 NORTH BROADWAY STREET	66048	-94.92242434549175	39.32122737339924	
504 KIOWA STREET	66048	-94.91720731846047	39.325165442362724	
626 KIOWA STREET	66048	-94.91955883406962	39.324911513185256	
510 OSAGE STREET	66048	-94.91674469500403	39.3216679097987	
746 MIAMI STREET	66048	-94.9210721470252	39.320147997294384	
700 KICKAPOO STREET	66048	-94.91994083807124	39.32384425298318	
627 KIOWA STREET	66048	-94.91959213803922	39.3244965671133	
630 OTTAWA STREET	66048	-94.91937667085173	39.32313195089527	
608 KICKAPOO STREET	66048	-94.91869047275364	39.324045491088775	
743 KICKAPOO STREET	66048	-94.92169503649367	39.32331768979388	
606 KIOWA STREET	66048	-94.91887698588955	39.3249488632306	
725 KIOWA STREET	66048	-94.92105131440375	39.32419672297912	
736 KIOWA STREET	66048	-94.9218229006498	39.324600077003055	
768 MIAMI STREET	66048	-94.92258460141858	39.3200017491831	
509 OTTAWA STREET	66048	-94.91688254916956	39.3230211460193	
620 OTTAWA STREET	66048	-94.91904601676401	39.3231459359165	
741 OTTAWA STREET	66048	-94.92148009935498	39.32246604566242	
517 POTTAWATOMIE STREET	66048	-94.91707008212708	39.32204159184314	
736 POTTAWATOMIE STREET	66048	-94.92110971920542	39.321940767594924	
516 SENECA STREET	66048	-94.91653940076931	39.31977658749107	
709 SENECA STREET	66048	-94.91927086544271	39.31912095822406	
712 POTTAWATOMIE STREET	66048	-94.92002116092603	39.32208584768172	
711 POTTAWATOMIE STREET	66048	-94.91983282683924	39.32170591762835	
710 POTTAWATOMIE STREET	66048	-94.91992908090239	39.32209786768901	
113 NORTH 7TH STREET	66048	-94.91893173833385	39.318936107212224	
519 NORTH BROADWAY STREET	66048	-94.92260525863679	39.32224257956026	
627 KICKAPOO STREET	66048	-94.91937367989279	39.32357286396985	
723 DAKOTA STREET	66048	-94.92124544255363	39.325225478141725	
527 KICKAPOO STREET	66048	-94.91794745753253	39.32382422309394	
712 KIOWA STREET	66048	-94.92050497030485	39.3247047580962	
711 MIAMI STREET	66048	-94.91954894560057	39.31999558435581	
717 OTTAWA STREET	66048	-94.92037078906993	39.322610405750275	
719 SENECA STREET	66048	-94.91971172255614	39.31906511618941	
740 SENECA STREET	66048	-94.92070410684603	39.319304146172946	
718 POTTAWATOMIE STREET	66048	-94.92026746198933	39.32205379866219	
729 DAKOTA STREET	66048	-94.92150229761819	39.32517660111874	
725 KICKAPOO STREET	66048	-94.92087074028467	39.323454545864195	
621 KIOWA STREET	66048	-94.9193297489717	39.32452974013389	
747 OSAGE STREET	66048	-94.92137631215414	39.32064361536068	
721 OTTAWA STREET	66048	-94.92057376012211	39.32258394973419	
509 POTTAWATOMIE STREET	66048	-94.9166484270188	39.32209670887663	
704 KICKAPOO STREET	66048	-94.92014487413	39.323884373978316	
629 KIOWA STREET	66048	-94.91966648605835	39.32448716510747	
420 KIOWA STREET	66048	-94.91643220926562	39.32531221843188	
710 KIOWA STREET	66048	-94.92040131627736	39.32470980110298	
702 OSAGE STREET	66048	-94.91949091470451	39.32125647557204	
615 OTTAWA STREET	66048	-94.91872119564665	39.32283154388206	
521 KICKAPOO STREET	66048	-94.91758576643925	39.32386794912201	
720 KICKAPOO STREET	66048	-94.92071863727647	39.32379979093115	
624 KIOWA STREET	66048	-94.91951329405795	39.32491743718882	
603 KIOWA STREET	66048	-94.91859955878465	39.3246302941927	
719 KIOWA STREET	66048	-94.92082483435864	39.3243638870203	
728 KIOWA STREET	66048	-94.92127764250503	39.32462186403798	
522 MIAMI STREET	66048	-94.91700458397872	39.32066333061423	
616 MIAMI STREET	66048	-94.91839170233622	39.32049440050626	
620 MIAMI STREET	66048	-94.91853314437067	39.32045561049161	
622 OSAGE STREET	66048	-94.91899143057638	39.32132345861195	
522 OSAGE STREET	66048	-94.91714587810725	39.321616952767144	
720 OSAGE STREET	66048	-94.92026260189898	39.321115895504136	
611 OTTAWA STREET	66048	-94.91854144960055	39.322855139896284	
522 SENECA STREET	66048	-94.916824736844	39.319754070470964	
702 KICKAPOO STREET	66048	-94.91999291008464	39.32383749997908	
630 KIOWA STREET	66048	-94.91973072611387	39.32488959617173	
511 MIAMI STREET	66048	-94.91641818879495	39.32039103560179	
621 MIAMI STREET	66048	-94.91833435228382	39.320104370443694	
612 OSAGE STREET	66048	-94.91849776844958	39.321388333651136	
610 SENECA STREET	66048	-94.91757163003828	39.319681727416	
729 KICKAPOO STREET	66048	-94.9210214553194	39.3233926758451	
612 MIAMI STREET	66048	-94.91810037325925	39.32050996652558	
721 MIAMI STREET	66048	-94.92008367073409	39.319885433306595	
508 OTTAWA STREET	66048	-94.91693814421767	39.323370458075054	
719 OTTAWA STREET	66048	-94.9204693990953	39.32259754974245	
506 POTTAWATOMIE STREET	66048	-94.91672446008096	39.32253631294646	
738 POTTAWATOMIE STREET	66048	-94.92114124621348	39.32193668059241	
718 SENECA STREET	66048	-94.91978048060486	39.31938347923919	
524 SENECA STREET	66048	-94.9169253718704	39.31974627346386	
714 POTTAWATOMIE STREET	66048	-94.92010395894731	39.32207505867518	
726 POTTAWATOMIE STREET	66048	-94.92061869908751	39.3220920756486	
517 NORTH 7TH STREET	66048	-94.91970654088475	39.32254412677709	
617 KICKAPOO STREET	66048	-94.91892582877787	39.32363333600565	
625 KIOWA STREET	66048	-94.91950526601686	39.32450755212008	
739 KIOWA STREET	66048	-94.92181110861067	39.32422148693984	
527 OTTAWA STREET	66048	-94.91761225235693	39.322925009961274	
521 OTTAWA STREET	66048	-94.917418300307	39.322949631976535	
718 KIOWA STREET	66048	-94.9208199153882	39.32468982807563	
720 NORTH 6TH STREET	66048	-94.91811027065842	39.324689046230596	
614 MIAMI STREET	66048	-94.91822866529223	39.32049354051545	
519 OSAGE STREET	66048	-94.91682905497969	39.32117218371017	
711 OSAGE STREET	66048	-94.9197551387362	39.320840093486595	
524 OTTAWA STREET	66048	-94.91766198340397	39.32327968601834	
612 OTTAWA STREET	66048	-94.91871004268035	39.323217512947835	
617 KIOWA STREET	66048	-94.91917055592994	39.324541417145014	
306 NORTH BROADWAY STREET	66048	-94.9215458191668	39.320295804292186	
307 NORTH BROADWAY STREET	66048	-94.92214081230821	39.32009784422474	
209 NORTH 7TH STREET	66048	-94.91922240948168	39.31966916131939	
622 NORTH BROADWAY STREET	66048	-94.92220893862712	39.32326578375567	
616 KICKAPOO STREET	66048	-94.91906063884691	39.323978132056205	
713 DAKOTA STREET	66048	-94.9207392754233	39.32528829618131	
606 KICKAPOO STREET	66048	-94.9186409377408	39.32405105709252	
726 KICKAPOO STREET	66048	-94.92104850736061	39.32375004190389	
520 KIOWA STREET	66048	-94.91790548064085	39.325085077309225	
607 MIAMI STREET	66048	-94.91778257214179	39.32017384548704	
515 MIAMI STREET	66048	-94.91659646484078	39.3203681135877	
714 MIAMI STREET	66048	-94.9197982637006	39.3203424214001	
516 OTTAWA STREET	66048	-94.91732537931732	39.323321639044686	
728 OTTAWA STREET	66048	-94.92091681024428	39.32289813676761	
731 SENECA STREET	66048	-94.92014170565955	39.31893501314281	
713 KICKAPOO STREET	66048	-94.92016113909818	39.323502956912954	
707 KIOWA STREET	66048	-94.92007484216597	39.324462018079814	
608 POTTAWATOMIE STREET	66048	-94.91856620655992	39.32235666481072	
741 DAKOTA STREET	66048	-94.9220900977667	39.325073428067704	
616 KIOWA STREET	66048	-94.9192860949996	39.32494731520692	
724 POTTAWATOMIE STREET	66048	-94.92055554507124	39.32209951365342	
519 MIAMI STREET	66048	-94.91675838588245	39.32034741257495	
527 MIAMI STREET	66048	-94.91707589296412	39.32030728954998	
723 MIAMI STREET	66048	-94.92029716078777	39.319845108287595	
528 OTTAWA STREET	66048	-94.91776372243017	39.32326701601037	
741 POTTAWATOMIE STREET	66048	-94.92115537717996	39.32154316752516	
629 SENECA STREET	66048	-94.91858297526205	39.319169838271684	
711 SENECA STREET	66048	-94.91935763146503	39.319110094217265	
315 NORTH 6TH STREET	66048	-94.91774166420505	39.320957108621585	
725 NORTH 7TH STREET	66048	-94.92002991214765	39.32439668907137	
603 NORTH 7TH STREET	66048	-94.91986261897182	39.323018385848215	
311 NORTH 6TH STREET	66048	-94.91770944218075	39.32079185759553	
502 KIOWA STREET	66048	-94.91712371243902	39.32517652436941	
610 KIOWA STREET	66048	-94.9190472599333	39.32492634221705	
616 OSAGE STREET	66048	-94.91867133949417	39.32136546263733	
527 POTTAWATOMIE STREET	66048	-94.91748082923392	39.32200177081293	
723 POTTAWATOMIE STREET	66048	-94.9204435069969	39.32163396858124	
725 POTTAWATOMIE STREET	66048	-94.9207126590658	39.32159637555946	
722 POTTAWATOMIE STREET	66048	-94.92044555103507	39.32203069464811	
512 POTTAWATOMIE STREET	66048	-94.91701708715215	39.322455803916135	
528 SENECA STREET	66048	-94.9171206459211	39.319726762449385	
808 NORTH BROADWAY STREET	66048	-94.92251830585754	39.3248158929997	
605 NORTH 6TH STREET	66048	-94.91838736859837	39.323269529975065	
522 NORTH BROADWAY STREET	66048	-94.92200338348847	39.32238793161926	
718 NORTH BROADWAY STREET	66048	-94.92234692773947	39.3240576568815	
526 KICKAPOO STREET	66048	-94.91794656756322	39.32415051514908	
506 KIOWA STREET	66048	-94.91729180648274	39.32516013535702	
602 KIOWA STREET	66048	-94.9186731788372	39.32497556624677	
625 OTTAWA STREET	66048	-94.9191410197545	39.3227764948487	
618 KIOWA STREET	66048	-94.91932899401061	39.324941632203505	
518 MIAMI STREET	66048	-94.91684083293657	39.32068389762704	
607 KIOWA STREET	66048	-94.91870582381193	39.32461627118423	
507 OSAGE STREET	66048	-94.91644051287963	39.32122059074059	
608 OSAGE STREET	66048	-94.91831246740746	39.32147001567556	
623 OTTAWA STREET	66048	-94.91905583273267	39.32278765785547	
216 NORTH BROADWAY STREET	66048	-94.92139920907375	39.31973143620532	
701 KIOWA STREET	66048	-94.9200237881528	39.32446856508384	
513 SENECA STREET	66048	-94.91641103968766	39.31928037441462	
725 DAKOTA STREET	66048	-94.9213345635766	39.32521436113472	
525 KICKAPOO STREET	66048	-94.91778485249058	39.32384381010654	
717 KICKAPOO STREET	66048	-94.92044326917015	39.323460353889615	
510 KIOWA STREET	66048	-94.91741607451065	39.32510186134004	
622 KIOWA STREET	66048	-94.91947179604726	39.324922846192166	
714 KIOWA STREET	66048	-94.92061136033219	39.32469109808778	
748 MIAMI STREET	66048	-94.92123472706591	39.32011560127961	
709 OSAGE STREET	66048	-94.91966805771206	39.32083292749037	
710 OSAGE STREET	66048	-94.91982097078535	39.32117166153884	
715 OTTAWA STREET	66048	-94.92027179104453	39.32262331775811	
715 SENECA STREET	66048	-94.91957084751992	39.31908313520049	
720 SENECA STREET	66048	-94.9198856246354	39.319407163237216	
740 KICKAPOO STREET	66048	-94.92134557944438	39.323790001893606	
510 OTTAWA STREET	66048	-94.91705592224795	39.323355458065826	
631 KICKAPOO STREET	66048	-94.91951145292842	39.32355795995942	
519 OTTAWA STREET	66048	-94.91733328628632	39.32297259698531	
730 OTTAWA STREET	66048	-94.9210386012756	39.322882232757955	
741 SENECA STREET	66048	-94.92065415579918	39.318951878116366	
530 OTTAWA STREET	66048	-94.91789407846898	39.323306007009506	
725 OTTAWA STREET	66048	-94.92073786216424	39.322562247721166	
406 NORTH BROADWAY STREET	66048	-94.92170638727953	39.32102836440671	
311 NORTH BROADWAY STREET	66048	-94.92218630034134	39.32031765925921	
700 NORTH 7TH STREET	66048	-94.91959054298196	39.32389728601222	
739 SENECA STREET	66048	-94.92055451677332	39.31896197012374	
613 KICKAPOO STREET	66048	-94.91881155574853	39.32364863101482	
512 KIOWA STREET	66048	-94.91756659555519	39.3251438683385	
625 NORTH 7TH STREET	66048	-94.9199659880527	39.323577495936725	
512 OTTAWA STREET	66048	-94.91715354427308	39.32334312305815	
708 KIOWA STREET	66048	-94.920314167255	39.324720997109864	
632 KIOWA STREET	66048	-94.91975101711908	39.32488706617011	
706 OSAGE STREET	66048	-94.9197245737646	39.3212264125536	
717 DAKOTA STREET	66048	-94.92093359747332	39.325264247166075	
530 KICKAPOO STREET	66048	-94.91804559958916	39.32414231214205	
722 KICKAPOO STREET	66048	-94.92084858930883	39.32377205991904	
623 KIOWA STREET	66048	-94.91942832199706	39.324517282126195	
609 KIOWA STREET	66048	-94.91882562784126	39.32458587717223	
720 KIOWA STREET	66048	-94.92090529041053	39.324682694069566	
734 KIOWA STREET	66048	-94.92167519061428	39.324644622019065	
506 OSAGE STREET	66048	-94.91651301093944	39.321644973808084	
724 KIOWA STREET	66048	-94.9210761764532	39.32464763205385	
710 KICKAPOO STREET	66048	-94.9203067761718	39.32386539396584	
711 DAKOTA STREET	66048	-94.92064128039799	39.32529979518885	
624 KICKAPOO STREET	66048	-94.91933338791951	39.32396942903912	
719 KICKAPOO STREET	66048	-94.92055542319895	39.323445894880756	
626 MIAMI STREET	66048	-94.9187355934229	39.320431704476	
630 MIAMI STREET	66048	-94.91886439045616	39.32041679646609	
771 MIAMI STREET	66048	-94.92248060835266	39.319601900121526	
515 OSAGE STREET	66048	-94.91670454594764	39.321187717719916	
610 OSAGE STREET	66048	-94.91842034542971	39.32139855865733	
620 OSAGE STREET	66048	-94.9188061835288	39.3213477416266	
721 OSAGE STREET	66048	-94.92003166079749	39.32070137944734	
603 OTTAWA STREET	66048	-94.91830811553788	39.32285737691006	
621 OTTAWA STREET	66048	-94.91897336871148	39.322798467862015	
738 OTTAWA STREET	66048	-94.92150340239378	39.32280885271896	
723 SENECA STREET	66048	-94.91984261458975	39.31904824917907	
800 NORTH 6TH STREET	66048	-94.91823312172376	39.32502872428096	
600 NORTH BROADWAY STREET	66048	-94.9221002315446	39.32270452866716	
506 OTTAWA STREET	66048	-94.91689576820674	39.32337589807845	
716 SENECA STREET	66048	-94.91970969858664	39.319392544244806	
730 NORTH 7TH STREET	66048	-94.91967965204202	39.32427747907131	
704 OSAGE STREET	66048	-94.91966403374862	39.32122971055759	
521 NORTH 7TH STREET	66048	-94.91974532991249	39.32272592080559	
604 POTTAWATOMIE STREET	66048	-94.91828368248741	39.32239421383325	
405 NORTH BROADWAY STREET	66048	-94.92238453546275	39.32103502936901	
500 NORTH BROADWAY STREET	66048	-94.9218258363843	39.32179411452918	
718 MIAMI STREET	66048	-94.91997806674682	39.32031956338597	
634 KIOWA STREET	66048	-94.91978152412695	39.32488324416775	
526 KIOWA STREET	66048	-94.91811525769269	39.32503601828893	
601 KIOWA STREET	66048	-94.9185061007606	39.324642573200094	
619 KIOWA STREET	66048	-94.91925616495276	39.3245390251397	
627 MIAMI STREET	66048	-94.91866111436815	39.320065941418534	
517 MIAMI STREET	66048	-94.91667350186063	39.32035824758165	
531 OTTAWA STREET	66048	-94.91778491640135	39.32290305494771	
219 NORTH 7TH STREET	66048	-94.91922636850454	39.31989933535805	
520 SENECA STREET	66048	-94.91673559982112	39.319765690478036	
318 NORTH 6TH STREET	66048	-94.9173236011142	39.321185986684185	
415 NORTH 6TH STREET	66048	-94.91796688835451	39.32189286676673	
200 NORTH 7TH STREET	66048	-94.91865027031643	39.31955182133235	
514 NORTH BROADWAY STREET	66048	-94.92194216344802	39.32213540558013	
524 KICKAPOO STREET	66048	-94.91783541853404	39.32415795515668	
201 NORTH BROADWAY STREET	66048	-94.92197117717444	39.3191694790777	
217 NORTH BROADWAY STREET	66048	-94.92190016217226	39.31934812511193	
800 NORTH BROADWAY STREET	66048	-94.92245950280876	39.32446891294448	
617 NORTH 7TH STREET	66048	-94.91992822402575	39.323400903909075	
601 1/2 NORTH 5TH STREET	66048	-94.91663317013693	39.323385436095066	
610 NORTH BROADWAY STREET	66048	-94.92211583057289	39.322958407709145	
702 NORTH BROADWAY STREET	66048	-94.92226559367671	39.32362727381351	
411 NORTH BROADWAY STREET	66048	-94.92245976951754	39.321399001426165	
716 NORTH 6TH STREET	66048	-94.91807521663326	39.32452311220459	
414 NORTH BROADWAY STREET	66048	-94.9217826663348	39.321394622464155	
300 NORTH BROADWAY STREET	66048	-94.92152689915245	39.32019848127687	
501 NORTH BROADWAY STREET	66048	-94.92251191657033	39.32180709749206	
603 NORTH 5TH STREET	66048	-94.91664064114204	39.323418000100126	
618 NORTH BROADWAY STREET	66048	-94.92219277961556	39.32318969974376	
715 KICKAPOO STREET	66048	-94.92034132714393	39.32347349989769	
709 KIOWA STREET	66048	-94.9201240031786	39.32445571407593	
715 DAKOTA STREET	66048	-94.9208298434466	39.32527709417419	
716 KICKAPOO STREET	66048	-94.92051476822307	39.32381524194543	
715 KIOWA STREET	66048	-94.92062078930314	39.324358592031096	
601 MIAMI STREET	66048	-94.91760367009535	39.32019244550039	
716 MIAMI STREET	66048	-94.91987497972035	39.3203326723941	
501 NORTH 5TH STREET	66048	-94.91651280902806	39.32257931196584	
817 NORTH 7TH STREET	66048	-94.92027244229435	39.32525426720229	
815 NORTH 7TH STREET	66048	-94.92026621929007	39.32522714519806	
520 NORTH 7TH STREET	66048	-94.91921660476984	39.32272300983533	
214 NORTH 6TH STREET	66048	-94.91715618896481	39.32008632650808	
130 NORTH 6TH STREET	66048	-94.91687025281891	39.31936015740185	
200 NORTH BROADWAY STREET	66048	-94.92123315398834	39.31930250214239	
420 NORTH BROADWAY STREET	66048	-94.92180731835266	39.321513020482776	
716 NORTH BROADWAY STREET	66048	-94.92232421372306	39.32394933786452	
812 NORTH BROADWAY STREET	66048	-94.92256271288622	39.324992020026876	
311 NORTH 7TH STREET	66048	-94.91926499857786	39.32056249446781	
320 NORTH BROADWAY STREET	66048	-94.92161754221218	39.320571186334625	
319 NORTH BROADWAY STREET	66048	-94.92222529536957	39.320504423288554	
716 NORTH 5TH STREET	66048	-94.91654356923706	39.32469519432133	
515 NORTH 7TH STREET	66048	-94.91969348187553	39.32248356176759	
705 NORTH 7TH STREET	66048	-94.91997247610635	39.324124489028705	
408 NORTH 6TH STREET	66048	-94.91747786219321	39.32158100174204	
808 NORTH 6TH STREET	66048	-94.91828358374907	39.32515250729895	
701 NORTH 7TH STREET	66048	-94.92000991310685	39.32402352000951	
818 NORTH 7TH STREET	66048	-94.9198207811756	39.32528470823326	
314 NORTH 6TH STREET	66048	-94.91725294307433	39.32096661165117	
417 NORTH 6TH STREET	66048	-94.9179656833617	39.32197195478016	
320 NORTH 7TH STREET	66048	-94.91889244350739	39.32087718054224	
201 NORTH 7TH STREET	66048	-94.91942917253361	39.319629750300905	
117 NORTH 7TH STREET	66048	-94.9189948033732	39.319171771248406	
709 NORTH 5TH STREET	66048	-94.91706055937277	39.324658075285456	
741 KICKAPOO STREET	66048	-94.92160022346978	39.32333519280228	
716 POTTAWATOMIE STREET	66048	-94.92016088596031	39.32205054366776	
610 POTTAWATOMIE STREET	66048	-94.91865617058343	39.32234919080428	
219 NORTH BROADWAY STREET	66048	-94.92185702117294	39.31947750813623	
223 NORTH BROADWAY STREET	66048	-94.9219105382099	39.3197150081733	
221 NORTH BROADWAY STREET	66048	-94.92200242422128	39.319573973144216	
219 NORTH BROADWAY STREET	66048	-94.92192495319041	39.31946857213088	
223 NORTH BROADWAY STREET	66048	-94.92196319022305	39.31970447616848	
221 NORTH BROADWAY STREET	66048	-94.92194834320745	39.31958208214864	
219 NORTH BROADWAY STREET	66048	-94.92201630221332	39.31945071412258	
223 NORTH BROADWAY STREET	66048	-94.92205453824597	39.31968661916025	
221 NORTH BROADWAY STREET	66048	-94.92203969123037	39.31956422514041	
501 NORTH 7TH STREET	66048	-94.91963702781963	39.32205478269843	
501 NORTH 7TH STREET	66048	-94.91961105981304	39.322058866700615	
501 NORTH 7TH STREET	66048	-94.9195394957945	39.322066512706044	
501 NORTH 7TH STREET	66048	-94.91957155680281	39.322063545703706	
510 KIOWA STREET	66048	-94.91742604351836	39.32515458734839	
727 KIOWA STREET	66048	-94.92125322546526	39.32427220798033	
725 KIOWA STREET	66048	-94.92107402441918	39.32429509299446	
600 MIAMI STREET	66048	-94.9178147371869	39.32055804755004	
600 MIAMI STREET	66048	-94.91786098519891	39.32055354754663	
600 MIAMI STREET	66048	-94.91784309420493	39.32066753856688	
600 MIAMI STREET	66048	-94.9178797442112	39.32062987655848	
600 MIAMI STREET	66048	-94.91782778719805	39.320638518562866	
600 MIAMI STREET	66048	-94.9178645002042	39.3205994265542	
600 MIAMI STREET	66048	-94.91781254419105	39.32060806755861	
769 MIAMI STREET	66048	-94.92225312829811	39.31967225814643	
767 MIAMI STREET	66048	-94.92215673527315	39.31968330415381	
769 MIAMI STREET	66048	-94.92228463130219	39.31962587413684	
767 MIAMI STREET	66048	-94.92218823827724	39.31963691914423	
769 MIAMI STREET	66048	-94.92224009829091	39.31963328214062	
767 MIAMI STREET	66048	-94.92214370526597	39.319644328147994	
512 MIAMI STREET	66048	-94.91654390485881	39.320707233648	
621 MIAMI STREET	66048	-94.91829368627316	39.32010758844658	
726 OSAGE STREET	66048	-94.92063749800137	39.32113043048514	
730 OSAGE STREET	66048	-94.92080320104392	39.32110878947201	
722 OSAGE STREET	66048	-94.92032477492096	39.321170950509824	
608 OSAGE STREET	66048	-94.91834953541692	39.32146487467253	
517 OTTAWA STREET	66048	-94.91723292926375	39.323019529998945	
517 OTTAWA STREET	66048	-94.91723254526111	39.32299328899454	
520 OTTAWA STREET	66048	-94.91753879137552	39.32332938003377	
520 OTTAWA STREET	66048	-94.91753258637063	39.32329583102849	
520 OTTAWA STREET	66048	-94.91755398738326	39.323367936039396	
719 POTTAWATOMIE STREET	66048	-94.92024704493971	39.32158907358491	
719 POTTAWATOMIE STREET	66048	-94.92029637095256	39.32158441558128	
719 POTTAWATOMIE STREET	66048	-94.92014839191401	39.321598389592125	
728 POTTAWATOMIE STREET	66048	-94.92074536812017	39.32207670363874	
726 POTTAWATOMIE STREET	66048	-94.92063332309637	39.32214373265646	
724 POTTAWATOMIE STREET	66048	-94.92057016808003	39.322151170661314	
728 SENECA STREET	66048	-94.92014331970752	39.31943583122728	
732 SENECA STREET	66048	-94.9203074547497	39.31941475921433	
728 SENECA STREET	66048	-94.92019314371407	39.31936370121225	
732 SENECA STREET	66048	-94.92035421275544	39.31934254819943	
728 SENECA STREET	66048	-94.92012281069587	39.31937138021761	
732 SENECA STREET	66048	-94.92028694573811	39.3193503092046	
724 SENECA STREET	66048	-94.92001422866365	39.31933993921849	
726 OSAGE STREET	66048	-94.9206277359933	39.32107294147596	
730 OSAGE STREET	66048	-94.92078591203413	39.32105491546389	
726 OSAGE STREET	66048	-94.92060163499227	39.32113616048816	
730 OSAGE STREET	66048	-94.92075008103028	39.32111597047626	
726 OSAGE STREET	66048	-94.92060168498682	39.32107892947846	
730 OSAGE STREET	66048	-94.92073279202054	39.32106209746814	
744 POTTAWATOMIE STREET	66048	-94.92130854125628	39.32191237757875	
744 POTTAWATOMIE STREET	66048	-94.92138761028983	39.32204180559606	
744 POTTAWATOMIE STREET	66048	-94.92131615726377	39.32196980958802	
744 POTTAWATOMIE STREET	66048	-94.92136375327654	39.32196963558523	
744 POTTAWATOMIE STREET	66048	-94.92135051826705	39.32190728557544	
516 1/2 SENECA STREET	66048	-94.9166018647855	39.31976989348641	
518 SENECA STREET	66048	-94.91666741080529	39.31979267848649	
514 SENECA STREET	66048	-94.9164785957563	39.31981241350059	
516 SENECA STREET	66048	-94.91654496877372	39.319807138495925	
516 1/2 SENECA STREET	66048	-94.9166074327899	39.31980044549123	
518 SENECA STREET	66048	-94.91667226480943	39.319822019491134	
514 SENECA STREET	66048	-94.91648344976045	39.3198417545053	
516 SENECA STREET	66048	-94.91654982277781	39.31983647950062	
516 1/2 SENECA STREET	66048	-94.916612285794	39.31982978649587	
521 POTTAWATOMIE STREET	66048	-94.9172553101771	39.32204272683278	
522 POTTAWATOMIE STREET	66048	-94.91752148428088	39.32238110487465	
737 MIAMI STREET	66048	-94.9206672308838	39.31980719425999	
729 SENECA STREET	66048	-94.92001487362583	39.3189394111508	
631 KIOWA STREET	66048	-94.91975896808246	39.324478640100736	
506 POTTAWATOMIE STREET	66048	-94.91688128511737	39.322474761927104	
501 OTTAWA STREET	66048	-94.91662512010684	39.32309139204589	
748 SENECA STREET	66048	-94.9208733658934	39.31932293416642	
611 SENECA STREET	66048	-94.91776264004855	39.31924734933169	
735 SENECA STREET	66048	-94.92034438571069	39.3188986381251	
607 OSAGE STREET	66048	-94.91793189025428	39.32093570260712	
727 SENECA STREET	66048	-94.91992941360341	39.318945499156754	
501 POTTAWATOMIE STREET	66048	-94.91645750097591	39.322186804902714	
501 KICKAPOO STREET	66048	-94.91708298430223	39.323851073147935	
621 SENECA STREET	66048	-94.91805430312372	39.31921213830905	
701 POTTAWATOMIE STREET	66048	-94.91959997777951	39.32173696364692	
744 SENECA STREET	66048	-94.92079404287277	39.3193306541723	
430 KICKAPOO STREET	66048	-94.91650858219346	39.32433476626251	
601 SENECA STREET	66048	-94.91751019498207	39.31926332634889	
737 KICKAPOO STREET	66048	-94.92141618942188	39.32335235881567	
718 KICKAPOO STREET	66048	-94.9206106722472	39.32379752993697	
701 OSAGE STREET	66048	-94.91937391563651	39.32087173851378	
713 KIOWA STREET	66048	-94.92054328327812	39.3243144610281	
733 SENECA STREET	66048	-94.92019704767266	39.318915610136365	
216 NORTH 6TH STREET	66048	-94.91728556101832	39.320283171533916	
612 NORTH 7TH STREET	66048	-94.9195441849136	39.32330872091551	
720 OTTAWA STREET	66048	-94.92030405709461	39.323059629829956	
316 NORTH 6TH STREET	66048	-94.91729057409427	39.32106985866647	
720 OTTAWA STREET	66048	-94.92057672916397	39.32301675780712	
720 OTTAWA STREET	66048	-94.92056513815405	39.32294491179563	
316 NORTH 6TH STREET	66048	-94.91724581608075	39.32105436766643	
720 OTTAWA STREET	66048	-94.9207610542054	39.322930055781896	
316 NORTH 6TH STREET	66048	-94.91728586208994	39.32103730366122	
316 NORTH 6TH STREET	66048	-94.91727738608473	39.321006555656545	
720 OTTAWA STREET	66048	-94.92030072808896	39.323009463821684	
720 OTTAWA STREET	66048	-94.9207789412193	39.32302639279713	
720 OTTAWA STREET	66048	-94.9205721481607	39.322995174803694	
720 OTTAWA STREET	66048	-94.92076806321205	39.32298031978997	
720 OTTAWA STREET	66048	-94.9204232581239	39.32302987281812	
720 OTTAWA STREET	66048	-94.9204295541279	39.32305436282188	
720 OTTAWA STREET	66048	-94.92076360720854	39.3229558777861	
720 OTTAWA STREET	66048	-94.92030150409146	39.32303380882573	
720 OTTAWA STREET	66048	-94.92077264521531	39.32300190279339	
720 OTTAWA STREET	66048	-94.92030851409812	39.32308407183381	
720 OTTAWA STREET	66048	-94.92059109917265	39.32306721581478	
720 OTTAWA STREET	66048	-94.92056769115717	39.32297073279984	
316 NORTH 6TH STREET	66048	-94.91725429308597	39.32108511567109	
720 OTTAWA STREET	66048	-94.92043762813253	39.3230803298258	
720 OTTAWA STREET	66048	-94.92058302516797	39.323041248810874	
300 NORTH 6TH STREET	66048	-94.91734111006123	39.320578252580546	
507 1/2 MIAMI STREET	66048	-94.9162119527463	39.32046356562581	
304 POTTAWATOMIE STREET	66048	-94.9134983742523	39.32295973920259	
200 SENECA STREET	66048	-94.91165265251108	39.32038609987366	
609 NORTH ESPLANADE STREET	66048	-94.91093473269092	39.32432011257903	
223 POTTAWATOMIE STREET	66048	-94.9126471219951	39.32266528920163	
328 POTTAWATOMIE STREET	66048	-94.91436347846746	39.32277175012135	
110 POTTAWATOMIE STREET	66048	-94.91119963665392	39.32317788637105	
227 POTTAWATOMIE STREET	66048	-94.91290487306259	39.32264508418348	
403 NORTH 4TH STREET	66048	-94.91488598752818	39.32192845894909	
105 NORTH 5TH STREET	66048	-94.91570538547093	39.31899880440749	
313 NORTH ESPLANADE STREET	66048	-94.91039864731083	39.321835919190264	
401 NORTH 5TH STREET	66048	-94.91622962385733	39.32158375681397	
111 NORTH 5TH STREET	66048	-94.91574966950346	39.31921584644157	
310 SENECA STREET	66048	-94.91322732792271	39.32025521476146	
402 SHAWNEE STREET	66048	-94.91422280109974	39.31929470654231	
312 NORTH 2ND STREET	66048	-94.91119596851964	39.32177343713411	
517 NORTH 4TH STREET	66048	-94.91506763270188	39.323243469160715	
217 NORTH 5TH STREET	66048	-94.91597115066773	39.3203191146152	
401 NORTH 4TH STREET	66048	-94.91487320151907	39.32186873093975	
400 NORTH 5TH STREET	66048	-94.9159525167849	39.321607285833785	
303 1/2 NORTH 5TH STREET	66048	-94.91614056575598	39.32076819368136	
302 SHAWNEE STREET	66048	-94.91267157268418	39.31931824263501	
200 SHAWNEE STREET	66048	-94.91170360244959	39.31959320173686	
306 NORTH 3RD STREET	66048	-94.91268407988292	39.32137798498215	
611 NORTH ESPLANADE STREET	66048	-94.91097114671149	39.324433231596046	
319 KIOWA STREET	66048	-94.91458789775213	39.3251348035075	
416 KIOWA STREET	66048	-94.91623099521274	39.32532549744566	
508 MIAMI STREET	66048	-94.91637614281706	39.32074301166363	
222 MIAMI STREET	66048	-94.91232740777397	39.32124207197959	
317 MIAMI STREET	66048	-94.91356940006177	39.32074965582538	
214 OSAGE STREET	66048	-94.91210764579972	39.3221371381433	
319 OSAGE STREET	66048	-94.91385376722023	39.321612739954844	
110 OSAGE STREET	66048	-94.91098837251363	39.32229931523474	
304 OTTAWA STREET	66048	-94.91372475938928	39.32376057932487	
215 OTTAWA STREET	66048	-94.9125025230424	39.32357461236343	
422 OTTAWA STREET	66048	-94.91600919797784	39.32347948214668	
232 POTTAWATOMIE STREET	66048	-94.91299387512304	39.323029131243175	
316 POTTAWATOMIE STREET	66048	-94.91400776537584	39.3228160061492	
422 KICKAPOO STREET	66048	-94.91616526310892	39.32441817729624	
301 POTTAWATOMIE STREET	66048	-94.91329562416203	39.322584114150814	
207 NORTH 5TH STREET	66048	-94.9159263556248	39.319993784562826	
426 OSAGE STREET	66048	-94.91588408876828	39.32162595984085	
422 SENECA STREET	66048	-94.91529939145015	39.31993242558838	
302 SENECA STREET	66048	-94.91282692281233	39.32022828377984	
404 SHAWNEE STREET	66048	-94.91431368410713	39.31911456750667	
502 1/2 SHAWNEE STREET	66048	-94.91580826849844	39.31899672340126	
300 OSAGE STREET	66048	-94.91334124413638	39.32218369708056	
500 NORTH 4TH STREET	66048	-94.91454919851785	39.32277562111137	
515 NORTH ESPLANADE STREET	66048	-94.91078634859079	39.323685859480456	
328 KICKAPOO STREET	66048	-94.91467871172588	39.32460087741216	
421 KICKAPOO STREET	66048	-94.91612819906173	39.32402614923214	
329 KIOWA STREET	66048	-94.91500782886024	39.32508281147467	
307 MIAMI STREET	66048	-94.91314168894966	39.32078212285532	
505 MIAMI STREET	66048	-94.91616514873408	39.320467928629235	
300 MIAMI STREET	66048	-94.91300298895182	39.32119871493362	
113 MIAMI STREET	66048	-94.91075020433563	39.32109856004565	
201 OSAGE STREET	66048	-94.91153043262169	39.32189894113613	
322 OSAGE STREET	66048	-94.91407179630704	39.32190887499236	
315 OSAGE STREET	66048	-94.91365723116708	39.32161075896573	
416 OSAGE STREET	66048	-94.91538124664422	39.32174568388986	
408 OSAGE STREET	66048	-94.91505595256639	39.3218487039259	
200 OTTAWA STREET	66048	-94.91198961494503	39.32400382446529	
324 OTTAWA STREET	66048	-94.9145553586054	39.323680888263866	
212 OTTAWA STREET	66048	-94.91252492108202	39.32392805842185	
230 OTTAWA STREET	66048	-94.91321875526164	39.323852086369314	
417 POTTAWATOMIE STREET	66048	-94.91547356871362	39.322215119963815	
113 POTTAWATOMIE STREET	66048	-94.91106417058195	39.3228041533157	
116 POTTAWATOMIE STREET	66048	-94.91143226771732	39.323185554359	
423 POTTAWATOMIE STREET	66048	-94.91577083179851	39.32226610595544	
202 POTTAWATOMIE STREET	66048	-94.9118762138281	39.32309346731807	
224 POTTAWATOMIE STREET	66048	-94.91278354706853	39.32305223125915	
302 MIAMI STREET	66048	-94.9130712819694	39.32118996392825	
400 SHAWNEE STREET	66048	-94.9141451490642	39.319140518520705	
408 KICKAPOO STREET	66048	-94.91562831696906	39.32446817933537	
418 KIOWA STREET	66048	-94.91636666724834	39.32531568543622	
227 MIAMI STREET	66048	-94.91242627876763	39.32089409191516	
309 MIAMI STREET	66048	-94.91324386997893	39.32080054185259	
307 OSAGE STREET	66048	-94.9133311290855	39.32167644999552	
116 OSAGE STREET	66048	-94.91130159259211	39.32223728120636	
307 OTTAWA STREET	66048	-94.91371597235818	39.32345799727432	
207 OTTAWA STREET	66048	-94.91216341495515	39.323617301390044	
404 OTTAWA STREET	66048	-94.91524690077968	39.32355522720311	
225 POTTAWATOMIE STREET	66048	-94.91272353201478	39.32265562619563	
407 POTTAWATOMIE STREET	66048	-94.91508359261859	39.32232054300397	
415 KICKAPOO STREET	66048	-94.91574905096144	39.32404508825708	
208 POTTAWATOMIE STREET	66048	-94.91214947090539	39.32313253730903	
405 KICKAPOO STREET	66048	-94.91539036986943	39.3240936202858	
208 MIAMI STREET	66048	-94.91175777762727	39.321312544024096	
207 OSAGE STREET	66048	-94.91178168968632	39.32186686911633	
221 OTTAWA STREET	66048	-94.91276095210588	39.32350965333768	
406 OTTAWA STREET	66048	-94.91532062379865	39.32354563719727	
112 POTTAWATOMIE STREET	66048	-94.91123233066838	39.3232379493793	
510 SENECA STREET	66048	-94.91626965370193	39.3198322265159	
220 NORTH 5TH STREET	66048	-94.91560301657513	39.3203878436479	
213 NORTH ESPLANADE STREET	66048	-94.91026505818812	39.32092119704344	
315 NORTH 4TH STREET	66048	-94.91466007041316	39.3213576348656	
517 NORTH ESPLANADE STREET	66048	-94.91107860567807	39.323776153478995	
417 NORTH ESPLANADE STREET	66048	-94.91060574246455	39.32286803635271	
219 NORTH ESPLANADE STREET	66048	-94.91029666221668	39.32113241907731	
203 NORTH 5TH STREET	66048	-94.91591160561447	39.31992661155234	
307 SHAWNEE STREET	66048	-94.91286505370243	39.318961488563694	
324 NORTH 5TH STREET	66048	-94.91575557070072	39.321278651789605	
410 MIAMI STREET	66048	-94.9149309334415	39.320887030770656	
419 KICKAPOO STREET	66048	-94.91604257703978	39.324037554238984	
412 OSAGE STREET	66048	-94.91519882359724	39.32176840090415	
222 OTTAWA STREET	66048	-94.91283572716306	39.32390018039931	
419 OSAGE STREET	66048	-94.91547339363717	39.321410037827896	
112 MIAMI STREET	66048	-94.91087165139817	39.32141334009186	
215 OSAGE STREET	66048	-94.91211816077285	39.32182430608992	
326 OSAGE STREET	66048	-94.91424985835444	39.32190326298122	
321 POTTAWATOMIE STREET	66048	-94.91411857637375	39.32247935808599	
307 POTTAWATOMIE STREET	66048	-94.91352058921993	39.3225554281331	
317 POTTAWATOMIE STREET	66048	-94.91382189029743	39.3225170711094	
316 KICKAPOO STREET	66048	-94.91434373963617	39.32460616643222	
512 SHAWNEE STREET	66048	-94.91620838360546	39.31898905337706	
301 NORTH 4TH STREET	66048	-94.91474649640321	39.321007357801534	
309 OTTAWA STREET	66048	-94.91383728638178	39.32336216625119	
219 MIAMI STREET	66048	-94.91208333067928	39.32093677094204	
314 OSAGE STREET	66048	-94.91351833817039	39.322039907046175	
210 OTTAWA STREET	66048	-94.91242749805771	39.32394880843092	
113 OTTAWA STREET	66048	-94.91134931674483	39.323711564452545	
306 MIAMI STREET	66048	-94.9131991650023	39.32117370291814	
407 OSAGE STREET	66048	-94.9148848104857	39.32148383287404	
405 OSAGE STREET	66048	-94.91479651446292	39.32149456388093	
316 OTTAWA STREET	66048	-94.91419668051212	39.32371589129031	
210 POTTAWATOMIE STREET	66048	-94.91220377591918	39.32312365530441	
211 POTTAWATOMIE STREET	66048	-94.91208057584836	39.32272653224442	
409 KICKAPOO STREET	66048	-94.91557479491671	39.324068628271	
225 OTTAWA STREET	66048	-94.91291814314629	39.32348970632531	
301 OTTAWA STREET	66048	-94.91357679631994	39.3234500512809	
417 OTTAWA STREET	66048	-94.91568736986072	39.32315893711096	
325 KIOWA STREET	66048	-94.91482561481334	39.325105100488884	
318 OSAGE STREET	66048	-94.91388724826403	39.321979452014865	
231 POTTAWATOMIE STREET	66048	-94.91294799707369	39.32263963118006	
200 NORTH 2ND STREET	66048	-94.910890420324	39.32057801794972	
500 1/2 NORTH 5TH STREET	66048	-94.91613523992066	39.32251930397733	
315 NORTH 3RD STREET	66048	-94.91312638303434	39.32171831001431	
215 NORTH 5TH STREET	66048	-94.91595556865792	39.32025993760615	
115 KICKAPOO STREET	66048	-94.91150602587193	39.32460602759462	
220 MIAMI STREET	66048	-94.91218826373813	39.3212594429905	
224 MIAMI STREET	66048	-94.91241927379761	39.32123058197239	
311 MIAMI STREET	66048	-94.91338895001515	39.32077058883922	
319 OTTAWA STREET	66048	-94.9141865144723	39.32332490222489	
300 OTTAWA STREET	66048	-94.9136222983688	39.323835957343476	
418 POTTAWATOMIE STREET	66048	-94.91568770280858	39.32260862701801	
308 SENECA STREET	66048	-94.91312010489514	39.32026873076984	
406 SHAWNEE STREET	66048	-94.91439262212738	39.31910404750039	
316 SHAWNEE STREET	66048	-94.91319527781957	39.31925835659495	
502 SHAWNEE STREET	66048	-94.91578203448543	39.318934126392186	
615 NORTH ESPLANADE STREET	66048	-94.91100901073601	39.32458444961945	
323 KICKAPOO STREET	66048	-94.91461481167246	39.32421894635133	
327 OSAGE STREET	66048	-94.91418455330539	39.3215713219289	
212 OSAGE STREET	66048	-94.91202434377827	39.322147546149864	
231 OSAGE STREET	66048	-94.91279956794838	39.32173993703665	
311 OSAGE STREET	66048	-94.91350105212604	39.321621263976475	
417 OSAGE STREET	66048	-94.91539935061809	39.32141903083366	
327 OTTAWA STREET	66048	-94.91455381457276	39.32334126020661	
112 OTTAWA STREET	66048	-94.91140645679465	39.32407394451049	
426 1/2 POTTAWATOMIE STREET	66048	-94.91597249089135	39.322672631012544	
319 POTTAWATOMIE STREET	66048	-94.9139164723214	39.322501178101284	
406 POTTAWATOMIE STREET	66048	-94.91518453868382	39.32272178406592	
600 NORTH 5TH STREET	66048	-94.91628313005003	39.32346318512824	
616 NORTH 5TH STREET	66048	-94.91636414411096	39.32387545019317	
514 NORTH 2ND STREET	66048	-94.91161064880689	39.32362389842284	
412 KICKAPOO STREET	66048	-94.91579141301092	39.324446377322374	
317 KIOWA STREET	66048	-94.91453329673803	39.32514163151177	
206 MIAMI STREET	66048	-94.9117177826169	39.32131707702712	
210 OSAGE STREET	66048	-94.91193786075598	39.32215835015665	
112 OSAGE STREET	66048	-94.91111447054566	39.32227877222405	
314 OTTAWA STREET	66048	-94.91411245449041	39.323726407296945	
419 OTTAWA STREET	66048	-94.91577178888218	39.32314531110382	
322 POTTAWATOMIE STREET	66048	-94.914264664442	39.3227839321291	
309 SENECA STREET	66048	-94.91313417486714	39.31993329671243	
105 SENECA STREET	66048	-94.91026042612249	39.32024253792909	
510 SHAWNEE STREET	66048	-94.91619296759424	39.31891437736534	
214 MIAMI STREET	66048	-94.91193404667271	39.32129114401042	
325 POTTAWATOMIE STREET	66048	-94.9142851834166	39.322458195072905	
327 POTTAWATOMIE STREET	66048	-94.9143717634389	39.322447200066065	
711 NORTH 3RD STREET	66048	-94.9138541665517	39.325105306544515	
229 OSAGE STREET	66048	-94.9126926879207	39.32175126804467	
224 OTTAWA STREET	66048	-94.91301588320931	39.32387635438503	
111 OSAGE STREET	66048	-94.91090975846035	39.321960507182034	
426 KICKAPOO STREET	66048	-94.9163586311547	39.32435154527388	
110 MIAMI STREET	66048	-94.91076413037047	39.32142679310023	
224 OSAGE STREET	66048	-94.91265197993913	39.32206139709937	
507 MIAMI STREET	66048	-94.91626117975913	39.32045934762232	
221 MIAMI STREET	66048	-94.91218296870494	39.320924421934215	
222 OSAGE STREET	66048	-94.91253084090793	39.32207654210888	
411 OSAGE STREET	66048	-94.91504901452801	39.32146388886129	
312 OTTAWA STREET	66048	-94.9140214934657	39.32372415030175	
315 OTTAWA STREET	66048	-94.91405704243982	39.323350450236624	
208 OTTAWA STREET	66048	-94.91231784902874	39.323954422438156	
111 OTTAWA STREET	66048	-94.91123077771374	39.32372035746083	
213 POTTAWATOMIE STREET	66048	-94.91211524385643	39.32271380624025	
306 KICKAPOO STREET	66048	-94.91399294154688	39.32466072346151	
323 KIOWA STREET	66048	-94.91473323978954	39.3251166384961	
226 MIAMI STREET	66048	-94.91253969482864	39.32121561796302	
227 OTTAWA STREET	66048	-94.91296911415941	39.32348319932128	
416 OTTAWA STREET	66048	-94.9157546489118	39.32350635016575	
200 MIAMI STREET	66048	-94.91146013555068	39.321350409047554	
410 POTTAWATOMIE STREET	66048	-94.91532544372019	39.32270499205503	
311 KICKAPOO STREET	66048	-94.91409336454052	39.32430829639627	
321 OSAGE STREET	66048	-94.9139464872441	39.321601135947574	
206 OSAGE STREET	66048	-94.91184547473219	39.322169891163874	
325 OTTAWA STREET	66048	-94.91446788955061	39.3233517842133	
410 OTTAWA STREET	66048	-94.91550042084482	39.323522078183	
209 NORTH 5TH STREET	66048	-94.91593606463165	39.32003799956974	
429 POTTAWATOMIE STREET	66048	-94.91599171885528	39.32223736893797	
115 SENECA STREET	66048	-94.91065970622284	39.320166839893446	
408 SHAWNEE STREET	66048	-94.9144037821348	39.3191506515076	
230 POTTAWATOMIE STREET	66048	-94.91293563810804	39.323036610247804	
612 NORTH 2ND STREET	66048	-94.91173488891101	39.32436870754145	
613 NORTH 3RD STREET	66048	-94.91368991242663	39.32425320941004	
510 NORTH 4TH STREET	66048	-94.91457102553444	39.322888521129215	
115 MIAMI STREET	66048	-94.91087442136755	39.32108300003592	
308 POTTAWATOMIE STREET	66048	-94.91368600229393	39.32286601917603	
426 POTTAWATOMIE STREET	66048	-94.91598235688916	39.32262127200331	
514 SHAWNEE STREET	66048	-94.91622580861912	39.319083379392	
222 POTTAWATOMIE STREET	66048	-94.91263979002967	39.323050554267105	
418 KICKAPOO STREET	66048	-94.9159830470621	39.32444213731068	
316 MIAMI STREET	66048	-94.91363697810777	39.32104249387096	
220 POTTAWATOMIE STREET	66048	-94.91256241200979	39.32306074127323	
311 POTTAWATOMIE STREET	66048	-94.91369788626552	39.32253284911912	
214 POTTAWATOMIE STREET	66048	-94.91233782395172	39.3230860382904	
421 POTTAWATOMIE STREET	66048	-94.9156387437561	39.322194141950824	
211 KICKAPOO STREET	66048	-94.91241629410673	39.324497110524156	
121 KICKAPOO STREET	66048	-94.91179924395148	39.32461251557895	
201 MIAMI STREET	66048	-94.91155807954051	39.32096508997685	
228 OTTAWA STREET	66048	-94.91317263924977	39.323857563372876	
320 OTTAWA STREET	66048	-94.91436046655551	39.32370863227973	
419 POTTAWATOMIE STREET	66048	-94.91555188373377	39.32220518095767	
305 POTTAWATOMIE STREET	66048	-94.91343580019809	39.32256623513974	
413 POTTAWATOMIE STREET	66048	-94.91535181269073	39.32231932898842	
300 NORTH 4TH STREET	66048	-94.91403430922459	39.32114605386572	
309 NORTH ESPLANADE STREET	66048	-94.91037385429321	39.32172013017212	
400 1/2 NORTH 5TH STREET	66048	-94.91595689778816	39.321629164837255	
313 NORTH 3RD STREET	66048	-94.91308897400747	39.321541393986536	
306 SENECA STREET	66048	-94.9130360718735	39.32027931077648	
507 NORTH ESPLANADE STREET	66048	-94.91072215454447	39.32338005743247	
312 KICKAPOO STREET	66048	-94.91422077160547	39.324631396443536	
421 OSAGE STREET	66048	-94.91556621766136	39.32140108882107	
409 OSAGE STREET	66048	-94.91496408050608	39.321474202867904	
317 OTTAWA STREET	66048	-94.91415577446438	39.323328651227264	
313 OTTAWA STREET	66048	-94.91396349841419	39.32334546224112	
223 OTTAWA STREET	66048	-94.91280154111631	39.32350452233447	
214 OTTAWA STREET	66048	-94.91265690911592	39.323910994411385	
407 OTTAWA STREET	66048	-94.91526065675056	39.32320879114379	
409 NORTH ESPLANADE STREET	66048	-94.91054522142079	39.32257835230726	
219 NORTH 5TH STREET	66048	-94.91598758567835	39.32038416762526	
110 SHAWNEE STREET	66048	-94.91040915010319	39.319616961814916	
302 KICKAPOO STREET	66048	-94.9137613384873	39.324690170479776	
410 KICKAPOO STREET	66048	-94.91570945498987	39.324457319328914	
218 MIAMI STREET	66048	-94.9121204407207	39.32126790199583	
114 OSAGE STREET	66048	-94.91121265456985	39.3222548952144	
116 OTTAWA STREET	66048	-94.91156961383659	39.32405321749764	
318 POTTAWATOMIE STREET	66048	-94.91413268540802	39.32280040613939	
114 POTTAWATOMIE STREET	66048	-94.9112427936767	39.323295828388474	
427 POTTAWATOMIE STREET	66048	-94.9159296348392	39.32224465494271	
516 NORTH 4TH STREET	66048	-94.91465180859288	39.323275290189876	
312 POTTAWATOMIE STREET	66048	-94.91384315433437	39.322846365163755	
323 POTTAWATOMIE STREET	66048	-94.91421227639785	39.32246745407866	
200 POTTAWATOMIE STREET	66048	-94.91189549583893	39.32315311532701	
300 POTTAWATOMIE STREET	66048	-94.91343119023506	39.32296865320799	
322 NORTH 5TH STREET	66048	-94.91576621469109	39.321146969766744	
315 NORTH 5TH STREET	66048	-94.91615991379396	39.32111407173861	
109 NORTH 5TH STREET	66048	-94.91573062948964	39.31912415942717	
119 NORTH 5TH STREET	66048	-94.91599565159615	39.31949497147467	
316 NORTH 4TH STREET	66048	-94.9142641673061	39.3213524858874	
321 NORTH ESPLANADE STREET	66048	-94.9104468073452	39.32206129222553	
301 NORTH 5TH STREET	66048	-94.9160674787304	39.32070645967513	
211 OTTAWA STREET	66048	-94.91234089699894	39.32357481737271	
205 OSAGE STREET	66048	-94.91170492766655	39.32187697212245	
216 POTTAWATOMIE STREET	66048	-94.91244177497846	39.323072579282176	
504 MIAMI STREET	66048	-94.91625644478626	39.32075830567303	
412 MIAMI STREET	66048	-94.91504617247348	39.320897341765786	
330 SHAWNEE STREET	66048	-94.91364489394665	39.319321781579944	
119 KICKAPOO STREET	66048	-94.91178143394693	39.32461489558036	
308 MIAMI STREET	66048	-94.913322355034	39.32115805490845	
211 OSAGE STREET	66048	-94.91195450873079	39.32184509810278	
200 OSAGE STREET	66048	-94.911634810678	39.32219619918035	
328 OSAGE STREET	66048	-94.91427169536779	39.32198177799322	
422 OSAGE STREET	66048	-94.91566046271608	39.32171084386801	
700 NORTH 3RD STREET	66048	-94.9132847253804	39.3249161825452	
301 SHAWNEE STREET	66048	-94.91256729962895	39.31903177459264	
500 SHAWNEE STREET	66048	-94.91570818746587	39.31893768639699	
320 KICKAPOO STREET	66048	-94.91457191769454	39.32457331141365	
321 KIOWA STREET	66048	-94.91468971577831	39.325122076499525	
210 MIAMI STREET	66048	-94.91184118664881	39.32130273101765	
228 MIAMI STREET	66048	-94.91261697584854	39.32120574295687	
303 OSAGE STREET	66048	-94.91317319004978	39.32174821301667	
413 OSAGE STREET	66048	-94.91513394754989	39.32145357785472	
402 OTTAWA STREET	66048	-94.91526025178781	39.32360308021037	
308 OTTAWA STREET	66048	-94.91387262242739	39.32374270131339	
213 OTTAWA STREET	66048	-94.91241410601967	39.32358572837037	
420 OTTAWA STREET	66048	-94.91593726595977	39.32349344415312	
421 OTTAWA STREET	66048	-94.91585382790518	39.32315473810071	
302 POTTAWATOMIE STREET	66048	-94.91345971024235	39.32296442120565	
414 POTTAWATOMIE STREET	66048	-94.91552222976605	39.32262968103105	
207 NORTH ESPLANADE STREET	66048	-94.9102133171563	39.32073256901455	
411 KIOWA STREET	66048	-94.91571942603943	39.32495126641176	
305 MIAMI STREET	66048	-94.91307207793173	39.32079066986073	
318 MIAMI STREET	66048	-94.91380531515831	39.32109746987062	
514 NORTH 4TH STREET	66048	-94.91463226457884	39.32318260417533	
417 KICKAPOO STREET	66048	-94.91590034000326	39.32405659925033	
309 KICKAPOO STREET	66048	-94.913982487512	39.324322459404996	
219 KIOWA STREET	66048	-94.91303982535447	39.325337794630386	
105 MIAMI STREET	66048	-94.91041388024904	39.3211412110721	
220 OSAGE STREET	66048	-94.91244544288595	39.32208721811556	
325 OSAGE STREET	66048	-94.91410863628585	39.321580818934855	
221 OSAGE STREET	66048	-94.91241209084848	39.32178694706677	
321 OTTAWA STREET	66048	-94.91434689352079	39.32338113122519	
408 OTTAWA STREET	66048	-94.91540207181957	39.323534994190766	
426 OTTAWA STREET	66048	-94.91618041102198	39.32345889413336	
211 NORTH 5TH STREET	66048	-94.91594495263784	39.320078521576086	
201 NORTH 5TH STREET	66048	-94.9158918785995	39.31982474753628	
221 NORTH 3RD STREET	66048	-94.91294400090025	39.32082265287351	
409 POTTAWATOMIE STREET	66048	-94.91522243365745	39.32233569599858	
205 NORTH 5TH STREET	66048	-94.91591885861959	39.319959639557524	
400 SENECA STREET	66048	-94.91446978923815	39.32005308365624	
501 NORTH ESPLANADE STREET	66048	-94.91068869252035	39.32322035240744	
403 NORTH ESPLANADE STREET	66048	-94.91049704638593	39.32234770627104	
411 NORTH 4TH STREET	66048	-94.91488779555999	39.32225872100473	
200 NORTH 4TH STREET	66048	-94.91382435108103	39.32022907772286	
107 NORTH 5TH STREET	66048	-94.9157169454797	39.31905826441685	
101 NORTH 5TH STREET	66048	-94.91569916346644	39.318968849402786	
416 NORTH 4TH STREET	66048	-94.91445293944096	39.32223888802625	
408 NORTH 4TH STREET	66048	-94.91441783541514	39.32206568999905	
211 NORTH 2ND STREET	66048	-94.91139516249645	39.320963375985876	
305 NORTH 2ND STREET	66048	-94.91150322258349	39.32157400308282	
400 NORTH 4TH STREET	66048	-94.91436859438187	39.32185490396626	
426 MIAMI STREET	66048	-94.91553884561294	39.320968839749675	
300 SHAWNEE STREET	66048	-94.91259125766378	39.31933115864179	
303 NORTH 5TH STREET	66048	-94.91607766873925	39.32077071368539	
500 SOUTH 5TH STREET	66048	-94.91613080391753	39.32249858897408	
709 NORTH 2ND STREET	66048	-94.91231726314886	39.32522203765218	
408 NORTH 5TH STREET	66048	-94.91599538881644	39.3218173428668	
717 NORTH 2ND STREET	66048	-94.91234568916892	39.3253530686727	
213 NORTH 5TH STREET	66048	-94.9159374926468	39.32019409559604	
603 NORTH ESPLANADE STREET	66048	-94.91089335366138	39.32412589354864	
303 NORTH ESPLANADE STREET	66048	-94.91032463225818	39.321490914136255	
517 NORTH 2ND STREET	66048	-94.91195972790152	39.323629856403834	
231 OTTAWA STREET	66048	-94.91311545219523	39.32344550530659	
119 NORTH 3RD STREET	66048	-94.91275597477006	39.31998372374262	
215 NORTH 4TH STREET	66048	-94.91506590544296	39.320519707700875	
100 NORTH 5TH STREET	66048	-94.91532322039853	39.31932080548371	
318 NORTH 4TH STREET	66048	-94.91430590633615	39.321551022918555	
317 NORTH ESPLANADE STREET	66048	-94.91042015032622	39.32193650120603	
518 NORTH 5TH STREET	66048	-94.91616901998384	39.32308898507159	
420 NORTH 4TH STREET	66048	-94.91449299347259	39.32245839006102	
512 NORTH 2ND STREET	66048	-94.91154290777823	39.32351418840818	
620 NORTH 3RD STREET	66048	-94.91318774829546	39.32429619244605	
735 NORTH ESPLANADE STREET	66048	-94.91070641872362	39.325313218759796	
319 KICKAPOO STREET	66048	-94.91430790859418	39.32426542737672	
204 MIAMI STREET	66048	-94.91164067059472	39.32130183102899	
209 OSAGE STREET	66048	-94.91187654171242	39.32187320611197	
213 OSAGE STREET	66048	-94.91204617275541	39.32184481909748	
412 OTTAWA STREET	66048	-94.91557524486423	39.32351418517736	
418 OTTAWA STREET	66048	-94.9158274659307	39.32349896516032	
412 POTTAWATOMIE STREET	66048	-94.91540214873997	39.32269537404903	
311 NORTH 3RD STREET	66048	-94.91308563000212	39.32149440697885	
110 1/2 SHAWNEE STREET	66048	-94.91042685311311	39.319670920823036	
221 NORTH 5TH STREET	66048	-94.91599642768512	39.3204304506326	
223 NORTH 5TH STREET	66048	-94.91600221869095	39.32047571263985	
222 OTTAWA STREET	66048	-94.91290039718481	39.32394579540336	
222 OTTAWA STREET	66048	-94.91281624616325	39.323957232410066	
224 POTTAWATOMIE STREET	66048	-94.91274404205838	39.32305690726219	
620 NORTH 3RD STREET	66048	-94.91319519030286	39.324353351455265	
401 NORTH 5TH STREET	66048	-94.91627937187766	39.3216569698235	
401 NORTH 5TH STREET	66048	-94.91633246889131	39.321650385819346	
401 NORTH 5TH STREET	66048	-94.91636753590028	39.32164535281645	
401 NORTH 5TH STREET	66048	-94.91624836986962	39.3216603228258	
401 NORTH 5TH STREET	66048	-94.91623873886462	39.32163490982206	
616 NORTH 5TH STREET	66048	-94.91629020909161	39.323881124198394	
616 NORTH 5TH STREET	66048	-94.91627986308461	39.32383697319153	
616 NORTH 5TH STREET	66048	-94.91634910210229	39.3238264051858	
620 NORTH 5TH STREET	66048	-94.91631662710796	39.32397851121331	
611 NORTH ESPLANADE STREET	66048	-94.91101069372158	39.32442760359284	
611 NORTH ESPLANADE STREET	66048	-94.91104897173142	39.324422894589844	
422 KICKAPOO STREET	66048	-94.91617797711672	39.32446429830328	
328 KICKAPOO STREET	66048	-94.91466358071494	39.324528523400815	
415 KICKAPOO STREET	66048	-94.91573580695331	39.32399704524966	
405 KICKAPOO STREET	66048	-94.9153771268613	39.32404557727846	
409 KICKAPOO STREET	66048	-94.91556155190862	39.32402058526365	
418 KICKAPOO STREET	66048	-94.91599332906918	39.32448771731779	
416 KIOWA STREET	66048	-94.9161671591963	39.32533399245073	
307 MIAMI STREET	66048	-94.91312197293522	39.32068573684018	
307 MIAMI STREET	66048	-94.91312807793955	39.320714514844695	
307 MIAMI STREET	66048	-94.91313583494482	39.320747628849865	
311 MIAMI STREET	66048	-94.9133830960103	39.32073609483375	
300 OSAGE STREET	66048	-94.91339473014467	39.32211929706664	
300 OSAGE STREET	66048	-94.91328579412186	39.322187952084484	
300 OSAGE STREET	66048	-94.91341528215553	39.322175642075	
300 OSAGE STREET	66048	-94.91332706812732	39.322128951072145	
300 OSAGE STREET	66048	-94.91327523511393	39.32213473207611	
408 OSAGE STREET	66048	-94.91503962255749	39.32180105491877	
408 OSAGE STREET	66048	-94.9150664505744	39.32190335193454	
318 OSAGE STREET	66048	-94.91391445127955	39.322065827027856	
318 OSAGE STREET	66048	-94.91384116125265	39.321990097019274	
318 OSAGE STREET	66048	-94.91384943526236	39.32206906803213	
423 POTTAWATOMIE STREET	66048	-94.91574763778598	39.32219991394558	
418 POTTAWATOMIE STREET	66048	-94.9157077768204	39.32267592902823	
115 SENECA STREET	66048	-94.91067017222959	39.32020813389985	
115 SENECA STREET	66048	-94.91065520621811	39.32012951988742	
113 POTTAWATOMIE STREET	66048	-94.91113725360869	39.32287842032406	
113 POTTAWATOMIE STREET	66048	-94.9110967225979	39.322879964326624	
113 POTTAWATOMIE STREET	66048	-94.91111704859591	39.3228010603121	
113 SENECA STREET	66048	-94.91059383020979	39.3202162449056	
314 OSAGE STREET	66048	-94.91356459918242	39.32203517004273	
314 OSAGE STREET	66048	-94.91353915918413	39.32212511305936	
314 OSAGE STREET	66048	-94.91358542119613	39.32212037605593	
620 NORTH 5TH STREET	66048	-94.91638583612632	39.32397557320888	
620 NORTH 5TH STREET	66048	-94.91633447111734	39.32402667722041	
620 NORTH 5TH STREET	66048	-94.9164036801357	39.324023738216006	
101 SOUTH 4TH STREET	66048	-94.91361854690501	39.318957200519904	
101 SOUTH 4TH STREET	66048	-94.9135574858891	39.31896345252445	
101 SOUTH 4TH STREET	66048	-94.91348897087148	39.31897165352975	
101 SOUTH 4TH STREET	66048	-94.91339818984812	39.31898355753694	
101 SOUTH 4TH STREET	66048	-94.91332028782831	39.31899580154346	
101 SOUTH 4TH STREET	66048	-94.91326937681514	39.31900160754734	
101 SOUTH 4TH STREET	66048	-94.91359961490096	39.31896886152291	
101 SOUTH 4TH STREET	66048	-94.91353855388512	39.31897511352747	
101 SOUTH 4TH STREET	66048	-94.91347003886744	39.318983313532804	
101 SOUTH 4TH STREET	66048	-94.91337925784413	39.31899521753996	
101 SOUTH 4TH STREET	66048	-94.91330135582433	39.319007461546484	
101 SOUTH 4TH STREET	66048	-94.91325044481115	39.319013267550424	
101 SOUTH 4TH STREET	66048	-94.91367812392163	39.3189637855176	
101 SOUTH 4TH STREET	66048	-94.91321190080048	39.319010100552056	
101 SOUTH 4TH STREET	66048	-94.91316558978856	39.319016028555716	
101 SOUTH 4TH STREET	66048	-94.91359960489899	39.31894811451941	
101 SOUTH 4TH STREET	66048	-94.91353854288316	39.31895436652395	
101 SOUTH 4TH STREET	66048	-94.91347002886552	39.31896256652929	
101 SOUTH 4TH STREET	66048	-94.91337924784216	39.31897447053652	
101 SOUTH 4TH STREET	66048	-94.91330134482236	39.31898671454304	
101 SOUTH 4TH STREET	66048	-94.91325043480917	39.318992520546914	
101 SOUTH 4TH STREET	66048	-94.91365918191565	39.3189546995171	
101 SOUTH 4TH STREET	66048	-94.91319295879451	39.31900101455163	
101 SOUTH 4TH STREET	66048	-94.9131466467826	39.3190069415553	
200 SHAWNEE STREET	66048	-94.91167377244331	39.319611904741755	
200 SHAWNEE STREET	66048	-94.91164015943593	39.31962921474656	
200 SHAWNEE STREET	66048	-94.91179157946829	39.31954037772288	
200 SHAWNEE STREET	66048	-94.91176174846204	39.31955908072776	
200 SHAWNEE STREET	66048	-94.91173124345536	39.31957586973238	
200 SHAWNEE STREET	66048	-94.91159833743458	39.31973393876664	
200 SHAWNEE STREET	66048	-94.91160585044	39.31976954677223	
200 SHAWNEE STREET	66048	-94.91161482344644	39.31981207277891	
200 SHAWNEE STREET	66048	-94.91171172145245	39.319600570737634	
200 SHAWNEE STREET	66048	-94.91168189144622	39.31961927474252	
200 SHAWNEE STREET	66048	-94.91164827843879	39.31963658374736	
200 SHAWNEE STREET	66048	-94.91179969847114	39.319547746723664	
200 SHAWNEE STREET	66048	-94.91176986746487	39.319566450728544	
200 SHAWNEE STREET	66048	-94.91173936245828	39.319583238733166	
200 SHAWNEE STREET	66048	-94.9117198144554	39.319608535738524	
200 SHAWNEE STREET	66048	-94.91168998444913	39.31962723874336	
200 SHAWNEE STREET	66048	-94.91165637144174	39.31964454874824	
200 SHAWNEE STREET	66048	-94.9118077914741	39.31955571172456	
200 SHAWNEE STREET	66048	-94.91177796046783	39.319574414729445	
200 SHAWNEE STREET	66048	-94.91174745546118	39.319591203734	
200 SHAWNEE STREET	66048	-94.91173092145925	39.31961777173944	
200 SHAWNEE STREET	66048	-94.91170109145303	39.31963647474433	
200 SHAWNEE STREET	66048	-94.91166747844558	39.31965378474915	
200 SHAWNEE STREET	66048	-94.91181889847795	39.319564947725524	
200 SHAWNEE STREET	66048	-94.91178906747169	39.31958365073036	
200 SHAWNEE STREET	66048	-94.91175856246508	39.319600439734955	
200 SHAWNEE STREET	66048	-94.91173904046215	39.31962514074022	
200 SHAWNEE STREET	66048	-94.91170921045588	39.319643844745094	
200 SHAWNEE STREET	66048	-94.91167559744851	39.319661154749916	
200 SHAWNEE STREET	66048	-94.91182701748086	39.31957231772629	
200 SHAWNEE STREET	66048	-94.9117971864746	39.319591020731124	
200 SHAWNEE STREET	66048	-94.91176668146794	39.31960780873574	
200 SHAWNEE STREET	66048	-94.91174713346511	39.31963310574112	
200 SHAWNEE STREET	66048	-94.91171730345884	39.31965180874599	
200 SHAWNEE STREET	66048	-94.9116836904514	39.31966911875083	
200 SHAWNEE STREET	66048	-94.91183511048376	39.31958028172713	
200 SHAWNEE STREET	66048	-94.9118052794775	39.31959898573199	
200 SHAWNEE STREET	66048	-94.91177477447089	39.319615773736565	
200 SHAWNEE STREET	66048	-94.91175416546774	39.31964097374203	
200 SHAWNEE STREET	66048	-94.91172433546147	39.31965967774692	
200 SHAWNEE STREET	66048	-94.91169072245408	39.31967698675176	
200 SHAWNEE STREET	66048	-94.91184214248639	39.31958814972807	
200 SHAWNEE STREET	66048	-94.91181231048013	39.31960685373295	
200 SHAWNEE STREET	66048	-94.91178180647353	39.31962364173751	
200 SHAWNEE STREET	66048	-94.91161005243761	39.319732818765786	
200 SHAWNEE STREET	66048	-94.91161756544301	39.31976842677139	
200 SHAWNEE STREET	66048	-94.91164765946466	39.319911041793716	
200 SHAWNEE STREET	66048	-94.91164030245936	39.31987617178826	
200 SHAWNEE STREET	66048	-94.91163389645475	39.319845821783524	
200 SHAWNEE STREET	66048	-94.91162653944949	39.31981095177803	
200 SHAWNEE STREET	66048	-94.91165416046931	39.31994185179854	
200 SHAWNEE STREET	66048	-94.91162426344125	39.31973081076462	
200 SHAWNEE STREET	66048	-94.91163177644667	39.319766418770215	
200 SHAWNEE STREET	66048	-94.91166187046831	39.319909033792584	
200 SHAWNEE STREET	66048	-94.91165451246302	39.319874163787084	
200 SHAWNEE STREET	66048	-94.91164810745839	39.31984381478234	
200 SHAWNEE STREET	66048	-94.91164074945308	39.319808944776895	
200 SHAWNEE STREET	66048	-94.91166837147296	39.319939844797425	
200 SHAWNEE STREET	66048	-94.91163597844432	39.319729690763765	
200 SHAWNEE STREET	66048	-94.91164349144975	39.319765298769376	
200 SHAWNEE STREET	66048	-94.91167358547132	39.3199079137917	
200 SHAWNEE STREET	66048	-94.91166622846607	39.31987304278624	
200 SHAWNEE STREET	66048	-94.91165982246147	39.3198426937815	
200 SHAWNEE STREET	66048	-94.91165246545617	39.31980782377601	
200 SHAWNEE STREET	66048	-94.91168008647603	39.31993872379657	
200 SHAWNEE STREET	66048	-94.91165198744854	39.319728683762705	
200 SHAWNEE STREET	66048	-94.91165950145393	39.31976429176826	
200 SHAWNEE STREET	66048	-94.91168959547555	39.31990690779062	
200 SHAWNEE STREET	66048	-94.91168223747027	39.31987203678518	
200 SHAWNEE STREET	66048	-94.91167583246565	39.319841687780446	
200 SHAWNEE STREET	66048	-94.9116684744604	39.31980681777494	
200 SHAWNEE STREET	66048	-94.91169609648021	39.31993771779545	
200 SHAWNEE STREET	66048	-94.91166370345158	39.319727563761816	
200 SHAWNEE STREET	66048	-94.91167121645701	39.31976317176742	
200 SHAWNEE STREET	66048	-94.91170131047858	39.319905786789796	
200 SHAWNEE STREET	66048	-94.91169395247334	39.31987091678428	
200 SHAWNEE STREET	66048	-94.91168754746873	39.319840566779554	
200 SHAWNEE STREET	66048	-94.91168018946342	39.31980569677412	
200 SHAWNEE STREET	66048	-94.91170781148328	39.31993659679461	
200 SHAWNEE STREET	66048	-94.91167791445524	39.3197255557607	
200 SHAWNEE STREET	66048	-94.91168542746065	39.31976116376624	
200 SHAWNEE STREET	66048	-94.91171552148224	39.3199037797886	
200 SHAWNEE STREET	66048	-94.91170816347693	39.31986890878317	
200 SHAWNEE STREET	66048	-94.91170175847236	39.31983855977842	
200 SHAWNEE STREET	66048	-94.91169440046708	39.31980368977293	
200 SHAWNEE STREET	66048	-94.91172202248693	39.319934589793434	
200 SENECA STREET	66048	-94.9116235905036	39.32038990087596	
200 SENECA STREET	66048	-94.91159758349694	39.32039330187803	
200 SENECA STREET	66048	-94.9115690984896	39.32039707788031	
200 SENECA STREET	66048	-94.91154481048339	39.320400296882276	
200 SENECA STREET	66048	-94.91152538447837	39.32040287188382	
200 SENECA STREET	66048	-94.911500587472	39.32040616988576	
200 SENECA STREET	66048	-94.91148090146699	39.32040880188734	
200 SENECA STREET	66048	-94.9114544534602	39.32041246288945	
200 SENECA STREET	66048	-94.91142539145271	39.32041626389175	
200 SENECA STREET	66048	-94.91139938444606	39.320419663893865	
200 SENECA STREET	66048	-94.91137089943871	39.32042343989609	
200 SENECA STREET	66048	-94.9113466114325	39.320426658898036	
200 SENECA STREET	66048	-94.91132718442748	39.320429233899574	
200 SENECA STREET	66048	-94.9113023884211	39.32043253290156	
200 SENECA STREET	66048	-94.91128270241609	39.32043516490314	
200 SENECA STREET	66048	-94.91165945351544	39.32041298787784	
200 SENECA STREET	66048	-94.91163039150797	39.32041678888013	
200 SENECA STREET	66048	-94.91160438450132	39.32042018988222	
200 SENECA STREET	66048	-94.91157589949397	39.32042396588446	
200 SENECA STREET	66048	-94.91155161148777	39.3204271848864	
200 SENECA STREET	66048	-94.91153218448278	39.320429759887936	
200 SENECA STREET	66048	-94.91150738847638	39.32043305788994	
200 SENECA STREET	66048	-94.91148770247135	39.32043568989146	
200 SENECA STREET	66048	-94.91146125446454	39.3204393508936	
200 SENECA STREET	66048	-94.91143219245711	39.32044315189595	
200 SENECA STREET	66048	-94.91140618545042	39.32044655289796	
200 SENECA STREET	66048	-94.91137770044313	39.320450327900275	
200 SENECA STREET	66048	-94.91135341143688	39.32045354790221	
200 SENECA STREET	66048	-94.9113339854319	39.32045612190376	
200 SENECA STREET	66048	-94.91130918942555	39.3204594209057	
200 SENECA STREET	66048	-94.91128950342046	39.320462052907274	
200 SENECA STREET	66048	-94.91125678841205	39.320465954909814	
200 SENECA STREET	66048	-94.91166875052043	39.320438987881694	
200 SENECA STREET	66048	-94.91163853051259	39.320442002883944	
200 SENECA STREET	66048	-94.91161201250567	39.320444638885874	
200 SENECA STREET	66048	-94.91158179349783	39.320447653888124	
200 SENECA STREET	66048	-94.91155343449043	39.32045023989018	
200 SENECA STREET	66048	-94.9115232144826	39.32045325489241	
200 SENECA STREET	66048	-94.91149669647567	39.32045589089441	
200 SENECA STREET	66048	-94.91146647746783	39.320458904896604	
200 SENECA STREET	66048	-94.91143682746024	39.320462888898966	
200 SENECA STREET	66048	-94.91140660845238	39.3204659039012	
200 SENECA STREET	66048	-94.91138009044546	39.320468539903196	
200 SENECA STREET	66048	-94.91134987043763	39.32047155390546	
200 SENECA STREET	66048	-94.91132151143024	39.3204741409075	
200 SENECA STREET	66048	-94.91129129242239	39.32047715490974	
200 SENECA STREET	66048	-94.91126477441547	39.32047979191168	
200 SENECA STREET	66048	-94.91167261052374	39.32046293688549	
200 SENECA STREET	66048	-94.91164239051588	39.32046595088774	
200 SENECA STREET	66048	-94.91161587250897	39.32046858788972	
200 SENECA STREET	66048	-94.91158565350112	39.32047160189192	
200 SENECA STREET	66048	-94.91155729449373	39.32047418889402	
200 SENECA STREET	66048	-94.9115270744859	39.32047720289628	
311 KIOWA STREET	66048	-94.91426243766213	39.32511007952194	
334 POTTAWATOMIE STREET	66048	-94.9144411014874	39.32276165411522	
418 OSAGE STREET	66048	-94.91552466968066	39.32172280987782	
401 SENECA STREET	66048	-94.91439803118283	39.319673453596245	
424 OTTAWA STREET	66048	-94.91609502899956	39.32346506113932	
306 SHAWNEE STREET	66048	-94.91282656272536	39.31931233262518	
116 MIAMI STREET	66048	-94.91107860445251	39.32139879407751	
500 NORTH ESPLANADE STREET	66048	-94.91027424340203	39.32314974941925	
114 POTTAWATOMIE STREET	66048	-94.91135030270085	39.32324522437375	
232 SENECA STREET	66048	-94.91246792172699	39.32034760782052	
215 POTTAWATOMIE STREET	66048	-94.91227998689843	39.322688353226546	
119 SENECA STREET	66048	-94.91082021026821	39.32018921788809	
212 KICKAPOO STREET	66048	-94.91263659220158	39.32487155257477	
119 POTTAWATOMIE STREET	66048	-94.91135348866406	39.322848380306596	
219 POTTAWATOMIE STREET	66048	-94.91244766794281	39.322680275215596	
201 KICKAPOO STREET	66048	-94.91218788804713	39.32451752954068	
108 OTTAWA STREET	66048	-94.91131541377108	39.32408464751749	
226 SENECA STREET	66048	-94.91229065368081	39.320364372833495	
417 NORTH 5TH STREET	66048	-94.91637642193821	39.322019402879114	
150 NORTH 4TH STREET	66048	-94.91372385400577	39.31972086864281	
316 OSAGE STREET	66048	-94.91370391622661	39.322105297046555	
304 NORTH 3RD STREET	66048	-94.9125573118481	39.32137033398813	
101 NORTH 5TH STREET	66048	-94.91569905046494	39.31895394240029	
321 MIAMI STREET	66048	-94.9139303001513	39.32066907279111	
221 POTTAWATOMIE STREET	66048	-94.91256984697378	39.322659666205126	
327 KIOWA STREET	66048	-94.91492925184005	39.32509247948084	
228 OSAGE STREET	66048	-94.91287030299554	39.32203618008259	
310 SHAWNEE STREET	66048	-94.91301799677527	39.31929451161117	
312 MIAMI STREET	66048	-94.9134770770719	39.32111855289294	
318 KICKAPOO STREET	66048	-94.9144837056712	39.32457804641943	
220 SENECA STREET	66048	-94.91207637862509	39.32038492684923	
204 OTTAWA STREET	66048	-94.91224472100981	39.323962651443736	
414 OTTAWA STREET	66048	-94.91567228488925	39.32350214516977	
406 1/2 SHAWNEE STREET	66048	-94.91440173813203	39.31912718150378	
516 NORTH 5TH STREET	66048	-94.9161349339587	39.32292115704523	
111 SHAWNEE STREET	66048	-94.91035496604859	39.319194659746756	
111 SHAWNEE STREET	66048	-94.91038412806608	39.319296574762255	
111 SHAWNEE STREET	66048	-94.91029904504403	39.31930551476868	
111 SHAWNEE STREET	66048	-94.91039821105971	39.319189532743415	
111 SHAWNEE STREET	66048	-94.91035180804374	39.31915284373985	
111 SHAWNEE STREET	66048	-94.91033760305385	39.31929981676546	
111 SHAWNEE STREET	66048	-94.91027308302726	39.31920231475272	
111 SHAWNEE STREET	66048	-94.91031478303799	39.31919713874946	
111 SHAWNEE STREET	66048	-94.91040247506277	39.319209750746545	
111 SHAWNEE STREET	66048	-94.91035308804587	39.319171629742954	
111 SHAWNEE STREET	66048	-94.91031096903528	39.319179749746745	
111 SHAWNEE STREET	66048	-94.91023066301632	39.31920754675602	
111 SHAWNEE STREET	66048	-94.91033593405166	39.31928126176243	
111 SHAWNEE STREET	66048	-94.91020935601904	39.31929663477225	
111 SHAWNEE STREET	66048	-94.91042568307684	39.319292057759135	
111 SHAWNEE STREET	66048	-94.91041726507244	39.319269441755786	
111 SHAWNEE STREET	66048	-94.91021429402231	39.31931758577553	
111 SHAWNEE STREET	66048	-94.91039496905682	39.31916812973997	
111 SHAWNEE STREET	66048	-94.9103906380538	39.31914878773692	
111 SHAWNEE STREET	66048	-94.91026894502232	39.31916216674614	
111 SHAWNEE STREET	66048	-94.91023592502022	39.31923363676013	
111 SHAWNEE STREET	66048	-94.9103638230561	39.31924923675542	
111 SHAWNEE STREET	66048	-94.91021851300931	39.31916840275012	
111 SHAWNEE STREET	66048	-94.91028353203538	39.319258375761606	
111 SHAWNEE STREET	66048	-94.9101899710086	39.31924203676419	
111 SHAWNEE STREET	66048	-94.9103602130521	39.319216850750166	
111 SHAWNEE STREET	66048	-94.9102925110404	39.31928603376573	
111 SHAWNEE STREET	66048	-94.91027059902488	39.31918425174979	
111 SHAWNEE STREET	66048	-94.91040787006735	39.3192425907518	
111 SHAWNEE STREET	66048	-94.91037730706223	39.319275407759065	
111 SHAWNEE STREET	66048	-94.91022663801348	39.3191891177531	
111 SHAWNEE STREET	66048	-94.91032258304537	39.319252945758414	
111 SHAWNEE STREET	66048	-94.91030647703208	39.319158409743366	
111 SHAWNEE STREET	66048	-94.91025200102995	39.31929049776883	
111 SHAWNEE STREET	66048	-94.91027564803028	39.31922691175673	
111 SHAWNEE STREET	66048	-94.91025591103305	39.3193124067723	
111 SHAWNEE STREET	66048	-94.91019931001368	39.31926878076814	
111 SHAWNEE STREET	66048	-94.91031741004092	39.319220326753225	
111 SHAWNEE STREET	66048	-94.91024399702518	39.319262844764594	
215 NORTH 5TH STREET	66048	-94.91600551867091	39.320255059602424	
510 SENECA STREET	66048	-94.91596501961844	39.31981659353071	
217 NORTH 5TH STREET	66048	-94.91601948768032	39.32031456861166	
510 SENECA STREET	66048	-94.9159210216071	39.31982228453422	
221 NORTH 5TH STREET	66048	-94.9160452626979	39.320426852629154	
301 1/2 NORTH 5TH STREET	66048	-94.91612403274478	39.3206971696703	
402 SHAWNEE STREET	66048	-94.91420769508848	39.319219189530386	
402 SHAWNEE STREET	66048	-94.91421221209193	39.31924220253405	
402 SHAWNEE STREET	66048	-94.9142183480962	39.31927026553844	
402 SHAWNEE STREET	66048	-94.91420299008546	39.31920046452754	
510 SENECA STREET	66048	-94.91599365962712	39.31982682953078	
510 SENECA STREET	66048	-94.91594966161578	39.319832521534266	
117 MIAMI STREET	66048	-94.91100083040047	39.32107085002659	
317 OSAGE STREET	66048	-94.9137558281959	39.32163443896412	
225 OSAGE STREET	66048	-94.91260051089725	39.3217658280524	
213 NORTH 3RD STREET	66048	-94.91290916187455	39.32065079384645	
111 SHAWNEE STREET	66048	-94.91025669103712	39.31935316877911	
705 NORTH 2ND STREET	66048	-94.91223996010758	39.3250067366203	
703 NORTH 2ND STREET	66048	-94.91221644609216	39.324911036605435	
707 NORTH 2ND STREET	66048	-94.91224968511413	39.32504825462673	
701 NORTH 2ND STREET	66048	-94.91220910608612	39.324867787598585	
426 KICKAPOO STREET	66048	-94.91636493515894	39.324378911278195	
404 SHAWNEE STREET	66048	-94.91432054711144	39.319140551510664	
113 SENECA STREET	66048	-94.91058352020423	39.320186749901175	
413 KIOWA STREET	66048	-94.91590623108766	39.32492935439733	
303 NORTH ESPLANADE STREET	66048	-94.91059969932785	39.32144404711255	
113 CHESTNUT STREET	66048	-94.90878033410901	39.31375865391873	
113 DELAWARE STREET	66048	-94.91007352890557	39.31848603364318	
111 SHAWNEE STREET	66048	-94.91012566899984	39.319332103783054	
609 SOUTH 2ND STREET	66048	-94.9094576933351	39.31421921895781	
401 SOUTH 2ND STREET	66048	-94.91007474073557	39.31669031333983	
102 OLIVE STREET	66048	-94.90837760590111	39.3127096287646	
203 NORTH ESPLANADE STREET	66048	-94.91014657212325	39.32057400599158	
120 OLIVE STREET	66048	-94.90910330008705	39.31260974970622	
109 DELAWARE STREET	66048	-94.90971439880889	39.31848646866382	
108 OLIVE STREET	66048	-94.90854013694263	39.312686059751314	
117 CHEROKEE STREET	66048	-94.9100641758172	39.317580873490854	
100 OLIVE STREET	66048	-94.90819271785372	39.31273483177945	
200 OLIVE STREET	66048	-94.90957464820531	39.31251778766372	
108 SHAWNEE STREET	66048	-94.91007029703711	39.319882000879126	
117 CHESTNUT STREET	66048	-94.90920612021668	39.31368490388191	
209 CHESTNUT STREET	66048	-94.90972150929886	39.313087370751525	
116 OLIVE STREET	66048	-94.9087816520047	39.312654203732116	
212 OLIVE STREET	66048	-94.91000517031758	39.312479213632606	
111 DELAWARE STREET	66048	-94.90983704584049	39.318471400654204	
123 SOUTH ESPLANADE STREET	66048	-94.90924867571283	39.31879610674273	
712 SOUTH 2ND STREET	66048	-94.90959820722772	39.31268730169099	
118 OLIVE STREET	66048	-94.9089598180503	39.312629556717766	
121 CHEROKEE STREET	66048	-94.91016920384419	39.31756707348247	
110 OLIVE STREET	66048	-94.90858910995532	39.312680722747615	
708 SOUTH 2ND STREET	66048	-94.90974623528906	39.31291373872075	
702 SOUTH 2ND STREET	66048	-94.90974538931218	39.31316031976246	
710 SOUTH 2ND STREET	66048	-94.90961828024167	39.312777270705034	
202 OLIVE STREET	66048	-94.90964413222312	39.31250835065813	
320 SOUTH ESPLANADE STREET	66048	-94.90953958364648	39.31727068546847	
703 SOUTH 2ND STREET	66048	-94.90927086317554	39.31306641577374	
420 SOUTH ESPLANADE STREET	66048	-94.90923188246614	39.31624280931245	
210 OLIVE STREET	66048	-94.90989701028988	39.31249385064125	
521 SOUTH 2ND STREET	66048	-94.90950005738878	39.314664901030596	
701 SOUTH 2ND STREET	66048	-94.90934853321194	39.31323000479695	
417 SOUTH 2ND STREET	66048	-94.9098895916399	39.31620716426884	
100 CHEROKEE STREET	66048	-94.90956530071747	39.31794593658105	
113 DELAWARE STREET	66048	-94.91011556691628	39.31847951663965	
420 SOUTH ESPLANADE STREET	66048	-94.90924591047663	39.31631342932361	
420 SOUTH ESPLANADE STREET	66048	-94.90926239048893	39.316396401336654	
420 SOUTH ESPLANADE STREET	66048	-94.90927641749943	39.31646702234781	
420 SOUTH ESPLANADE STREET	66048	-94.90929029550979	39.3165368873588	
420 SOUTH ESPLANADE STREET	66048	-94.90930432252024	39.31660750836995	
420 SOUTH ESPLANADE STREET	66048	-94.90920965846045	39.31624555931422	
420 SOUTH ESPLANADE STREET	66048	-94.90922368547089	39.31631617932531	
420 SOUTH ESPLANADE STREET	66048	-94.90924016648324	39.316399151338416	
420 SOUTH ESPLANADE STREET	66048	-94.90925419349368	39.31646977134951	
420 SOUTH ESPLANADE STREET	66048	-94.90926807050406	39.31653963736056	
420 SOUTH ESPLANADE STREET	66048	-94.90928209851455	39.31661025737167	
420 SOUTH ESPLANADE STREET	66048	-94.90918803645489	39.31624856231598	
420 SOUTH ESPLANADE STREET	66048	-94.9092020634654	39.31631918232707	
420 SOUTH ESPLANADE STREET	66048	-94.90921854447768	39.31640215434017	
420 SOUTH ESPLANADE STREET	66048	-94.90923257148818	39.316472774351276	
420 SOUTH ESPLANADE STREET	66048	-94.90924644949848	39.31654264036227	
420 SOUTH ESPLANADE STREET	66048	-94.90926047650898	39.31661326037342	
420 SOUTH ESPLANADE STREET	66048	-94.90916151944802	39.31625119831791	
420 SOUTH ESPLANADE STREET	66048	-94.90917554645846	39.31632181832907	
420 SOUTH ESPLANADE STREET	66048	-94.90919202747081	39.31640479034212	
420 SOUTH ESPLANADE STREET	66048	-94.90920605448125	39.31647541035321	
420 SOUTH ESPLANADE STREET	66048	-94.90921993149162	39.316545276364266	
420 SOUTH ESPLANADE STREET	66048	-94.90923395950212	39.31661589637537	
420 SOUTH ESPLANADE STREET	66048	-94.90913684144164	39.31625388231977	
420 SOUTH ESPLANADE STREET	66048	-94.90915086945208	39.31632450233091	
420 SOUTH ESPLANADE STREET	66048	-94.90916734946437	39.31640747434397	
420 SOUTH ESPLANADE STREET	66048	-94.90918137647488	39.31647809435511	
420 SOUTH ESPLANADE STREET	66048	-94.90919525448524	39.316547960366115	
420 SOUTH ESPLANADE STREET	66048	-94.90920928149573	39.31661858037721	
420 SOUTH ESPLANADE STREET	66048	-94.90953655753664	39.31612092527448	
420 SOUTH ESPLANADE STREET	66048	-94.90955058554711	39.31619154628558	
420 SOUTH ESPLANADE STREET	66048	-94.90956706655942	39.31627451829868	
420 SOUTH ESPLANADE STREET	66048	-94.90946709451879	39.316129814279925	
420 SOUTH ESPLANADE STREET	66048	-94.90948112152927	39.31620043429107	
420 SOUTH ESPLANADE STREET	66048	-94.90949760254158	39.31628340630412	
401 SOUTH 2ND STREET	66048	-94.9100342987253	39.316696735343236	
401 SOUTH 2ND STREET	66048	-94.909998129716	39.31670139734609	
401 SOUTH 2ND STREET	66048	-94.90996847170842	39.31670523334843	
401 SOUTH 2ND STREET	66048	-94.90992483969717	39.316710856351875	
401 SOUTH 2ND STREET	66048	-94.90988867068786	39.31671551735474	
401 SOUTH 2ND STREET	66048	-94.90986102068076	39.31671913435693	
401 SOUTH 2ND STREET	66048	-94.9098313636731	39.31672297135928	
401 SOUTH 2ND STREET	66048	-94.90978773166192	39.31672859336273	
401 SOUTH 2ND STREET	66048	-94.90975156265263	39.31673325436558	
401 SOUTH 2ND STREET	66048	-94.9100709837324	39.3166675593362	
401 SOUTH 2ND STREET	66048	-94.91002735172121	39.31667318233967	
401 SOUTH 2ND STREET	66048	-94.90999118271192	39.31667784334251	
401 SOUTH 2ND STREET	66048	-94.90996152570426	39.31668167934487	
401 SOUTH 2ND STREET	66048	-94.90991789369306	39.31668730234831	
401 SOUTH 2ND STREET	66048	-94.90988172468377	39.316691963351154	
401 SOUTH 2ND STREET	66048	-94.90985407467669	39.31669558135335	
401 SOUTH 2ND STREET	66048	-94.90982441666905	39.3166994173557	
401 SOUTH 2ND STREET	66048	-94.90978078565784	39.316705039359164	
401 SOUTH 2ND STREET	66048	-94.90974461564849	39.31670970136201	
401 SOUTH 2ND STREET	66048	-94.91006418372803	39.31664067133203	
401 SOUTH 2ND STREET	66048	-94.91002055171684	39.31664629433548	
401 SOUTH 2ND STREET	66048	-94.90998438270755	39.31665095533838	
401 SOUTH 2ND STREET	66048	-94.90995472569989	39.31665479134069	
401 SOUTH 2ND STREET	66048	-94.90991109368869	39.31666041434411	
401 SOUTH 2ND STREET	66048	-94.9098749246794	39.31666507534701	
401 SOUTH 2ND STREET	66048	-94.90984727467232	39.31666869234921	
401 SOUTH 2ND STREET	66048	-94.90981761666467	39.316672529351514	
401 SOUTH 2ND STREET	66048	-94.90977398565347	39.31667815135497	
401 SOUTH 2ND STREET	66048	-94.90973781564412	39.31668281235782	
401 SOUTH 2ND STREET	66048	-94.91005797572384	39.31661427532798	
401 SOUTH 2ND STREET	66048	-94.91001434371265	39.31661989833141	
401 SOUTH 2ND STREET	66048	-94.90997817470337	39.316624559334265	
401 SOUTH 2ND STREET	66048	-94.9099485176957	39.31662839533657	
401 SOUTH 2ND STREET	66048	-94.90990488568454	39.316634018340075	
401 SOUTH 2ND STREET	66048	-94.90986871667522	39.31663867934291	
401 SOUTH 2ND STREET	66048	-94.90984106666812	39.3166422973451	
401 SOUTH 2ND STREET	66048	-94.90981140966048	39.31664613334746	
401 SOUTH 2ND STREET	66048	-94.9097677776493	39.316651755350854	
401 SOUTH 2ND STREET	66048	-94.90973160863997	39.31665641735375	
401 SOUTH 2ND STREET	66048	-94.91005009471887	39.31658401932331	
401 SOUTH 2ND STREET	66048	-94.91000646370767	39.31658964232675	
401 SOUTH 2ND STREET	66048	-94.90997029369838	39.316594303329595	
401 SOUTH 2ND STREET	66048	-94.90994063669073	39.31659813933196	
401 SOUTH 2ND STREET	66048	-94.90989700467954	39.316603762335404	
401 SOUTH 2ND STREET	66048	-94.90986083567024	39.31660842333825	
401 SOUTH 2ND STREET	66048	-94.9098331856631	39.31661204134043	
401 SOUTH 2ND STREET	66048	-94.9098035286555	39.31661587734279	
401 SOUTH 2ND STREET	66048	-94.90975989664425	39.31662149934626	
401 SOUTH 2ND STREET	66048	-94.90972372763495	39.31662616134909	
401 SOUTH 2ND STREET	66048	-94.90947579054874	39.31642101632863	
401 SOUTH 2ND STREET	66048	-94.90948259055376	39.31645462933388	
401 SOUTH 2ND STREET	66048	-94.909489651559	39.3164895233394	
401 SOUTH 2ND STREET	66048	-94.909496451564	39.31652313634471	
401 SOUTH 2ND STREET	66048	-94.90950403856957	39.31656062635055	
401 SOUTH 2ND STREET	66048	-94.90951083857465	39.31659423935588	
401 SOUTH 2ND STREET	66048	-94.9095016315556	39.31641979332693	
401 SOUTH 2ND STREET	66048	-94.90950843156062	39.316453406332236	
401 SOUTH 2ND STREET	66048	-94.9095154925658	39.316488300337724	
401 SOUTH 2ND STREET	66048	-94.90952229257087	39.31652191334299	
401 SOUTH 2ND STREET	66048	-94.90952987957644	39.316559403348904	
401 SOUTH 2ND STREET	66048	-94.90953667958144	39.31659301635415	
401 SOUTH 2ND STREET	66048	-94.90954374058668	39.31662791035965	
401 SOUTH 2ND STREET	66048	-94.9095505405917	39.31666152336497	
401 SOUTH 2ND STREET	66048	-94.90955827859743	39.316699761371005	
401 SOUTH 2ND STREET	66048	-94.90956507960243	39.31673337337626	
401 SOUTH 2ND STREET	66048	-94.90953026156247	39.31641101432382	
401 SOUTH 2ND STREET	66048	-94.90953706156749	39.31644462732908	
401 SOUTH 2ND STREET	66048	-94.90954412157272	39.316479521334564	
401 SOUTH 2ND STREET	66048	-94.90955092257774	39.31651313433989	
401 SOUTH 2ND STREET	66048	-94.9095585095833	39.31655062434579	
401 SOUTH 2ND STREET	66048	-94.90956530958836	39.316584237351066	
401 SOUTH 2ND STREET	66048	-94.90957236959355	39.31661913135656	
401 SOUTH 2ND STREET	66048	-94.90957917059855	39.316652744361825	
401 SOUTH 2ND STREET	66048	-94.90958690860427	39.31669098236783	
401 SOUTH 2ND STREET	66048	-94.90959370860928	39.31672459437315	
401 SOUTH 2ND STREET	66048	-94.90955728656972	39.31641077732224	
401 SOUTH 2ND STREET	66048	-94.90956408657475	39.31644439032748	
401 SOUTH 2ND STREET	66048	-94.90957114757997	39.31647928433299	
401 SOUTH 2ND STREET	66048	-94.90957794758499	39.31651289733831	
401 SOUTH 2ND STREET	66048	-94.90958553459056	39.31655038734422	
401 SOUTH 2ND STREET	66048	-94.90959233459556	39.316584000349465	
401 SOUTH 2ND STREET	66048	-94.90959939560081	39.316618894354974	
401 SOUTH 2ND STREET	66048	-94.9096061956058	39.31665250736024	
401 SOUTH 2ND STREET	66048	-94.90961393461153	39.31669074536624	
401 SOUTH 2ND STREET	66048	-94.90962073461655	39.31672435737158	
401 SOUTH 2ND STREET	66048	-94.90958693357736	39.31640679431987	
401 SOUTH 2ND STREET	66048	-94.90959373358237	39.31644040732512	
401 SOUTH 2ND STREET	66048	-94.90960079358754	39.31647530133063	
401 SOUTH 2ND STREET	66048	-94.90960759459256	39.31650891433594	
401 SOUTH 2ND STREET	66048	-94.90961518159818	39.31654640434185	
401 SOUTH 2ND STREET	66048	-94.9096219816032	39.31658001734711	
401 SOUTH 2ND STREET	66048	-94.90962904160843	39.31661491135261	
401 SOUTH 2ND STREET	66048	-94.90963584261343	39.31664852335788	
401 SOUTH 2ND STREET	66048	-94.9096435806191	39.31668676136389	
401 SOUTH 2ND STREET	66048	-94.90965038162417	39.31672037436922	
471 SOUTH ESPLANADE STREET	66048	-94.90857835422061	39.31550954822601	
100 NORTH ESPLANADE STREET	66048	-94.90949568288741	39.31993544192101	
105 CHESTNUT STREET	66048	-94.9089191540986	39.31325440182564	
50 OLIVE STREET	66048	-94.90775761774142	39.31278624181297	
100 CHESTNUT STREET	66048	-94.90849329198872	39.313305105858554	
401 SOUTH ESPLANADE STREET	66048	-94.908774931371	39.316537188388345	
100 DELAWARE STREET	66048	-94.90978433485965	39.31882313071667	
319 SOUTH ESPLANADE STREET	66048	-94.90898536850638	39.31736687251642	
451 SOUTH 2ND STREET	66048	-94.9097713635651	39.315753923199054	
451 SOUTH ESPLANADE STREET	66048	-94.90863743526637	39.315824102275755	
120 CHEROKEE STREET	66048	-94.90989919880482	39.31791879455734	
301 SOUTH ESPLANADE STREET	66048	-94.9084890234401	39.31807754866483	
151 WALNUT STREET	66048	-94.90883564417253	39.31427171500222	
513 SOUTH 2ND STREET	66048	-94.90956583745499	39.31517636811326	
150 WALNUT STREET	66048	-94.90893600723966	39.314694675067955	
401 SOUTH 2ND STREET	66048	-94.91012799874932	39.31668349833563	
303 SOUTH ESPLANADE STREET	66048	-94.90884491249174	39.31761139156572	
111 SHAWNEE STREET	66048	-94.91001881695996	39.3192150517694	
111 SHAWNEE STREET	66048	-94.91018260700405	39.31921484476001	
111 SHAWNEE STREET	66048	-94.9101784630011	39.31919560575702	
111 SHAWNEE STREET	66048	-94.91000660896918	39.31934685779237	
111 SHAWNEE STREET	66048	-94.90994652694656	39.31927879378429	
111 SHAWNEE STREET	66048	-94.91009568197971	39.319205188763334	
111 SHAWNEE STREET	66048	-94.90998217395274	39.319242896776224	
111 SHAWNEE STREET	66048	-94.91003846197212	39.319287475780484	
111 SHAWNEE STREET	66048	-94.9100947719775	39.31918426275985	
111 SHAWNEE STREET	66048	-94.91007730498481	39.31931112678231	
111 SHAWNEE STREET	66048	-94.90992089594472	39.31933258979488	
111 SHAWNEE STREET	66048	-94.90993645394114	39.319250403780075	
111 SHAWNEE STREET	66048	-94.90993272193766	39.319224141775905	
111 SHAWNEE STREET	66048	-94.90995284395052	39.31930293778802	
111 SHAWNEE STREET	66048	-94.90997849194963	39.31922039777261	
111 SHAWNEE STREET	66048	-94.91011806299268	39.31927833477444	
111 SHAWNEE STREET	66048	-94.91004425297892	39.3193427517895	
111 SHAWNEE STREET	66048	-94.91013853899094	39.31920142076024	
111 SHAWNEE STREET	66048	-94.90991844994187	39.31930945879109	
111 SHAWNEE STREET	66048	-94.91014287099397	39.31922110876333	
111 SHAWNEE STREET	66048	-94.90989986193156	39.31925341578272	
111 SHAWNEE STREET	66048	-94.91005393896893	39.31920995976653	
111 SHAWNEE STREET	66048	-94.90995777195418	39.31932740379189	
111 SHAWNEE STREET	66048	-94.91008351098888	39.3193364027862	
111 SHAWNEE STREET	66048	-94.91005359996679	39.31918824076287	
111 SHAWNEE STREET	66048	-94.91010550498707	39.31925455377115	
111 SHAWNEE STREET	66048	-94.90992555294855	39.31935945379916	
111 SHAWNEE STREET	66048	-94.91013348198751	39.31917986575689	
111 SHAWNEE STREET	66048	-94.91005923797248	39.31923221976998	
111 SHAWNEE STREET	66048	-94.9100232049633	39.31923803577302	
111 SHAWNEE STREET	66048	-94.90999887596463	39.319321018788436	
111 SHAWNEE STREET	66048	-94.91003720697452	39.31931649778551	
111 SHAWNEE STREET	66048	-94.91002921396732	39.31926334477698	
111 SHAWNEE STREET	66048	-94.90998727695674	39.319270846780654	
111 SHAWNEE STREET	66048	-94.91006525097686	39.319261163774534	
111 SHAWNEE STREET	66048	-94.90996552795869	39.31935289079576	
111 SHAWNEE STREET	66048	-94.91016890300865	39.3193019987755	
111 SHAWNEE STREET	66048	-94.91016190200409	39.31927410377121	
111 SHAWNEE STREET	66048	-94.91017431099806	39.31917494575375	
111 SHAWNEE STREET	66048	-94.909913452938	39.319282319786794	
111 SHAWNEE STREET	66048	-94.9101762150127	39.31932428477887	
111 SHAWNEE STREET	66048	-94.91011863999564	39.3193076107793	
111 SHAWNEE STREET	66048	-94.90989219092718	39.31922893877901	
111 SHAWNEE STREET	66048	-94.91010195498359	39.31922825076688	
111 SHAWNEE STREET	66048	-94.91015024899843	39.319247605767394	
111 SHAWNEE STREET	66048	-94.91000101796247	39.31929185878341	
111 SHAWNEE STREET	66048	-94.90988618093857	39.31936594680251	
501 SOUTH 2ND STREET	66048	-94.9098714005498	39.31530861211809	
111 SHAWNEE STREET	66048	-94.91007603798195	39.31928424677784	
101 SOUTH ESPLANADE STREET	66048	-94.9094209068179	39.31941506283738	
313 SOUTH 2ND STREET	66048	-94.91003074676713	39.317147517419556	
313 SOUTH 2ND STREET	66048	-94.91004106877459	39.317197133427364	
8 SHERMAN AVENUE	66027	-94.91581412968999	39.33153679451809	
4 SHERMAN AVENUE	66027	-94.91552342753441	39.330722480397306	
1 PATTON CIRCLE	66027	-94.92029379913404	39.334039093683955	
101 WAREHOUSE ROAD	66027	-94.9161280662471	39.336513506340204	
207 WAREHOUSE ROAD	66027	-94.91943678310444	39.33615792109067	
101 BULLARD AVENUE	66027	-94.9151886700689	39.33730092352688	
103 BULLARD AVENUE	66027	-94.91538138212502	39.33734545852338	
105 BULLARD AVENUE	66027	-94.91553240116856	39.33737574451982	
102 BULLARD AVENUE	66027	-94.91505476107315	39.337725586606226	
104 BULLARD AVENUE	66027	-94.91532046015355	39.337818315606675	
106 BULLARD AVENUE	66027	-94.91560518124206	39.33794328961147	
108 BULLARD AVENUE	66027	-94.91571471927335	39.33796205860836	
110 BULLARD AVENUE	66027	-94.9158560823151	39.33800071260678	
107 BULLARD AVENUE	66027	-94.91587128526857	39.33746787751598	
109 BULLARD AVENUE	66027	-94.91598476530126	39.33748992351322	
112 BULLARD AVENUE	66027	-94.91614173039304	39.338011443592244	
114 BULLARD AVENUE	66027	-94.91622732841661	39.33801688258823	
116 BULLARD AVENUE	66027	-94.91632939544436	39.338019582582874	
118 BULLARD AVENUE	66027	-94.91642751847077	39.33801900357713	
111 BULLARD AVENUE	66027	-94.91619284135811	39.33749860250271	
113 BULLARD AVENUE	66027	-94.91631109939054	39.337504904497045	
115 BULLARD AVENUE	66027	-94.91652678445068	39.33752648148833	
117 BULLARD AVENUE	66027	-94.91664165448071	39.3375168234801	
119 BULLARD AVENUE	66027	-94.91674399850797	39.33751318247365	
120 BULLARD AVENUE	66027	-94.91665884053667	39.3380568635703	
121 BULLARD AVENUE	66027	-94.9168218475285	39.33750889246847	
122 BULLARD AVENUE	66027	-94.91674077255833	39.33805268256489	
123 BULLARD AVENUE	66027	-94.91696668656368	39.337468287453284	
124 BULLARD AVENUE	66027	-94.91683481258356	39.33805199555939	
125 BULLARD AVENUE	66027	-94.91706142258761	39.33745174944512	
126 BULLARD AVENUE	66027	-94.91691771760338	39.33802562255023	
127 BULLARD AVENUE	66027	-94.91712744060403	39.33743762443894	
128 BULLARD AVENUE	66027	-94.91707466764215	39.337988510534935	
129 BULLARD AVENUE	66027	-94.91721823162659	39.337417807430384	
130 BULLARD AVENUE	66027	-94.91715687766332	39.3379779885284	
131 BULLARD AVENUE	66027	-94.91739503667198	39.33739391641622	
132 BULLARD AVENUE	66027	-94.91723078268247	39.33797042152295	
134 BULLARD AVENUE	66027	-94.91732973970728	39.33795081951398	
135 BULLARD AVENUE	66027	-94.91770304175175	39.337360798393014	
133 BULLARD AVENUE	66027	-94.91761702872898	39.33736487339862	
136 BULLARD AVENUE	66027	-94.91821302392661	39.33775516643036	
137 BULLARD AVENUE	66027	-94.91796655581861	39.337316981370506	
138 BULLARD AVENUE	66027	-94.9183190339557	39.33776114342531	
139 BULLARD AVENUE	66027	-94.91806931684502	39.337303829362405	
140 BULLARD AVENUE	66027	-94.91847811999924	39.33776852341743	
141 BULLARD AVENUE	66027	-94.91824909189359	39.3373054073524	
142 BULLARD AVENUE	66027	-94.91868466705898	39.337812071412955	
144 BULLARD AVENUE	66027	-94.9187622380801	39.33781412240884	
146 BULLARD AVENUE	66027	-94.91888035811284	39.337823591403684	
148 BULLARD AVENUE	66027	-94.91897834213945	39.337826181398526	
100 KING AVENUE	66027	-94.91764081277685	39.33780122547091	
101 KING AVENUE	66027	-94.9183144229787	39.33801653046864	
102 KING AVENUE	66027	-94.91767991179711	39.33790382848595	
103 KING AVENUE	66027	-94.91833249099169	39.33810164948198	
104 KING AVENUE	66027	-94.9177040008144	39.338017320503745	
105 KING AVENUE	66027	-94.91834132400639	39.33823166650344	
106 KING AVENUE	66027	-94.91773040584297	39.33824372654048	
107 KING AVENUE	66027	-94.91837696503323	39.33841317453199	
108 KING AVENUE	66027	-94.91772743984868	39.33831136155205	
109 KING AVENUE	66027	-94.91836649603734	39.33848625354493	
110 KING AVENUE	66027	-94.9177174628518	39.338373167563034	
111 KING AVENUE	66027	-94.91830151103468	39.33864253257503	
112 KING AVENUE	66027	-94.91772249685802	39.33842408557132	
113 KING AVENUE	66027	-94.9182912890384	39.33870997458699	
115 KING AVENUE	66027	-94.91823776302968	39.33877062860033	
117 KING AVENUE	66027	-94.91822778603289	39.33883243561135	
119 KING AVENUE	66027	-94.91830821306922	39.338986915632795	
121 KING AVENUE	66027	-94.91836282009155	39.3390673566432	
123 KING AVENUE	66027	-94.91837140510678	39.33920300966565	
125 KING AVENUE	66027	-94.91835722911792	39.33936062969303	
127 KING AVENUE	66027	-94.91833851112196	39.33945606171024	
120 DICKMAN AVENUE	66027	-94.92033814055073	39.3383003034006	
100 HARBORD ROAD	66027	-94.91938185524819	39.3378269863755	
102 HARBORD ROAD	66027	-94.91934719624729	39.33791568039245	
104 HARBORD ROAD	66027	-94.91929586124472	39.338033803415385	
106 HARBORD ROAD	66027	-94.91930338426376	39.33821322144519	
108 HARBORD ROAD	66027	-94.91929998427024	39.33829079345848	
110 HARBORD ROAD	66027	-94.91930453027824	39.33836260147038	
112 HARBORD ROAD	66027	-94.91930959928528	39.33842247548018	
114 HARBORD ROAD	66027	-94.91928873929157	39.338547378502426	
116 HARBORD ROAD	66027	-94.91930070730218	39.33862535651493	
118 HARBORD ROAD	66027	-94.91924064129947	39.33876714454231	
120 HARBORD ROAD	66027	-94.91925261031011	39.33884512255476	
122 HARBORD ROAD	66027	-94.91925715531812	39.33891693056658	
124 HARBORD ROAD	66027	-94.91926222532523	39.338976804576454	
126 HARBORD ROAD	66027	-94.91927873934388	39.33912659060073	
128 HARBORD ROAD	66027	-94.91928328635193	39.33919839861263	
130 HARBORD ROAD	66027	-94.91926242535818	39.33932330063489	
132 HARBORD ROAD	66027	-94.91926670936672	39.33940107564778	
134 HARBORD ROAD	66027	-94.9192752783838	39.339556625673524	
136 HARBORD ROAD	66027	-94.91936260944706	39.33997475873908	
138 HARBORD ROAD	66027	-94.91941564047491	39.340117565760174	
140 HARBORD ROAD	66027	-94.91946703249667	39.34020113677133	
142 HARBORD ROAD	66027	-94.91956294053493	39.3403319237879	
144 HARBORD ROAD	66027	-94.91962408855655	39.340386155793524	
146 HARBORD ROAD	66027	-94.91968961157907	39.34043721479843	
148 HARBORD ROAD	66027	-94.91975047160122	39.340498016805206	
150 HARBORD ROAD	66027	-94.91987377664253	39.34058348781254	
152 HARBORD ROAD	66027	-94.91993055166328	39.340640892818996	
154 HARBORD ROAD	66027	-94.9199915566852	39.34069840982521	
156 HARBORD ROAD	66027	-94.920026748701	39.34076510983445	
158 HARBORD ROAD	66027	-94.92005569571948	39.34087768385181	
160 HARBORD ROAD	66027	-94.92009920573787	39.34094789286115	
162 HARBORD ROAD	66027	-94.92015675576634	39.34108424288087	
165 HARBORD ROAD	66027	-94.92061257686494	39.34082991481179	
167 HARBORD ROAD	66027	-94.92067599890059	39.34102561184121	
100 LIGGETT AVENUE	66027	-94.91829554115172	39.33989097778607	
101 LIGGETT AVENUE	66027	-94.91874499424098	39.33955646770391	
102 LIGGETT AVENUE	66027	-94.91845814419798	39.3399171997812	
103 LIGGETT AVENUE	66027	-94.91893560529527	39.339587814698284	
104 LIGGETT AVENUE	66027	-94.91855851322777	39.33994616178034	
106 LIGGETT AVENUE	66027	-94.91870830027388	39.34000712178203	
108 LIGGETT AVENUE	66027	-94.91881450230483	39.340031851780125	
110 LIGGETT AVENUE	66027	-94.91897242434779	39.34003602577181	
112 LIGGETT AVENUE	66027	-94.91908484337918	39.34004776676733	
1 EISENHOWER CIRCLE	66027	-94.9169024207945	39.340080911897964	
290 STIMSON AVENUE	66027	-94.91933772690963	39.34491397657402	
5 WINT AVENUE	66027	-94.91341411936688	39.34546910100708	
35 WINT AVENUE	66027	-94.9154088889417	39.345863731959405	
33 WINT AVENUE	66027	-94.91528852990923	39.3458632179662	
31 WINT AVENUE	66027	-94.91513369786763	39.34586446297531	
29 WINT AVENUE	66027	-94.91500338283171	39.345855672981244	
27 WINT AVENUE	66027	-94.91483445778702	39.34586455599245	
25 WINT AVENUE	66027	-94.91473518075928	39.34585391699636	
23 WINT AVENUE	66027	-94.91457133071246	39.34582554500094	
21 WINT AVENUE	66027	-94.91447205268472	39.34581490600483	
19 WINT AVENUE	66027	-94.9142811866295	39.34577513600907	
17 WINT AVENUE	66027	-94.91419600260483	39.34575685801082	
15 WINT AVENUE	66027	-94.91401247655061	39.345706600012875	
13 WINT AVENUE	66027	-94.91393107952622	39.345680410013145	
11 WINT AVENUE	66027	-94.91375157647181	39.3456169050127	
9 WINT AVENUE	66027	-94.91365678744299	39.34558234901231	
7 WINT AVENUE	66027	-94.9134882933901	39.34550311200855	
201 SEDGWICK AVENUE	66027	-94.91551913012736	39.34750466422998	
245 SEDGWICK AVENUE	66027	-94.91796294280192	39.347676705118964	
255 SEDGWICK AVENUE	66027	-94.91875979101656	39.347676286073245	
250 GIBBON AVENUE	66027	-94.91579226109516	39.346392197026624	
201 REYNOLDS AVENUE	66027	-94.91600783031643	39.34810890130395	
200 REYNOLDS AVENUE	66027	-94.91593915438253	39.348999148458056	
8 REYNOLDS AVENUE	66027	-94.9141893559042	39.34892525854592	
6 REYNOLDS AVENUE	66027	-94.91404738186557	39.34892150055336	
4 REYNOLDS AVENUE	66027	-94.91373876578385	39.34893632357356	
2 REYNOLDS AVENUE	66027	-94.9135798517389	39.34891372357888	
220 SEDGWICK AVENUE	66027	-94.91642917041524	39.34795450825375	
201 SHERMAN AVENUE	66027	-94.91330594267008	39.348965548603275	
203 SHERMAN AVENUE	66027	-94.91319415065641	39.349139053638986	
205 SHERMAN AVENUE	66027	-94.9131886676668	39.349263903660386	
207 SHERMAN AVENUE	66027	-94.91327551770719	39.349442667685565	
301 SHERMAN AVENUE	66027	-94.91327443775022	39.34989850576254	
303 SHERMAN AVENUE	66027	-94.91320929675071	39.35008795079823	
305 SHERMAN AVENUE	66027	-94.91320445775987	39.3501981128171	
307 SHERMAN AVENUE	66027	-94.91331904080923	39.35039231684332	
401 SHERMAN AVENUE	66027	-94.91333881485372	39.35080458991175	
403 SHERMAN AVENUE	66027	-94.91349327892999	39.35116896096438	
405 SHERMAN AVENUE	66027	-94.91368343197955	39.351151936950615	
100 REYNOLDS AVENUE	66027	-94.9148954571483	39.349492428601096	
227 MEADE AVENUE	66027	-94.91786658902511	39.350297537566696	
225 MEADE AVENUE	66027	-94.91775638999397	39.350282399570474	
224 MEADE AVENUE	66027	-94.91766174602415	39.35086797867471	
223 MEADE AVENUE	66027	-94.91749520692322	39.35027757758463	
222 MEADE AVENUE	66027	-94.91753150198828	39.350859464680745	
220 MEADE AVENUE	66027	-94.91729666292446	39.35085325569316	
221 MEADE AVENUE	66027	-94.9173845648929	39.35027256959012	
219 MEADE AVENUE	66027	-94.91715621983055	39.35026354460168	
218 MEADE AVENUE	66027	-94.9171659748894	39.350854870700886	
217 MEADE AVENUE	66027	-94.91703275279632	39.35025312560701	
216 MEADE AVENUE	66027	-94.91694373682995	39.35085913571438	
215 MEADE AVENUE	66027	-94.91680174373536	39.350266520622505	
214 MEADE AVENUE	66027	-94.91681957079663	39.35086092272176	
213 MEADE AVENUE	66027	-94.91668020770292	39.350269557629986	
212 MEADE AVENUE	66027	-94.91657079673094	39.35087462673837	
211 MEADE AVENUE	66027	-94.91644451763851	39.35025993564187	
210 MEADE AVENUE	66027	-94.91647272470479	39.350877103744345	
209 MEADE AVENUE	66027	-94.91632464960652	39.35026326664926	
208 MEADE AVENUE	66027	-94.91619919062943	39.35085972775715	
206 MEADE AVENUE	66027	-94.91609481760105	39.350856966762635	
203 MEADE AVENUE	66027	-94.915681171452	39.350460663719474	
101 MEADE AVENUE	66027	-94.91493507225442	39.35049669976828	
10 MEADE AVENUE	66027	-94.91402603804052	39.3508225098754	
11 MEADE AVENUE	66027	-94.91423411605614	39.35039702079167	
9 MEADE AVENUE	66027	-94.913777486932	39.35038493481577	
305 GIBBON AVENUE	66027	-94.9156567014135	39.35012535966432	
1 GRANT AVENUE	66027	-94.92071108393995	39.33081110811524	
214 GRANT AVENUE	66027	-94.92203980041536	39.34257728502493	
357 GRANT AVENUE	66027	-94.91933918243315	39.35041734950254	
410 GRANT AVENUE	66027	-94.918039290125	39.35085906265155	
412 GRANT AVENUE	66027	-94.9180349481333	39.35095806366853	
414 GRANT AVENUE	66027	-94.91796762613194	39.351134692702146	
301 KANSAS AVENUE	66027	-94.9225269741012	39.337889496205925	
100 STIMSON AVENUE	66027	-94.91557097281893	39.34411238365455	
235 BURNHAM LOOP	66027	-94.92088962360928	39.33735332020919	
233 BURNHAM LOOP	66027	-94.92087624758828	39.33716985517902	
231 BURNHAM LOOP	66027	-94.92078615954681	39.33698905015367	
229 BURNHAM LOOP	66027	-94.9206414305002	39.33690854214836	
227 BURNHAM LOOP	66027	-94.9204754044508	39.336859092149524	
225 BURNHAM LOOP	66027	-94.92033107441061	39.33684531415548	
223 BURNHAM LOOP	66027	-94.92018670236978	39.336824385160206	
221 BURNHAM LOOP	66027	-94.91999018531531	39.336808412168736	
219 BURNHAM LOOP	66027	-94.91983356727161	39.336792293175044	
217 BURNHAM LOOP	66027	-94.91968612622988	39.33677137617993	
215 BURNHAM LOOP	66027	-94.91953263318794	39.336764779187625	
213 BURNHAM LOOP	66027	-94.919373044145	39.33676535419688	
211 BURNHAM LOOP	66027	-94.91917986809577	39.33679464921287	
209 BURNHAM LOOP	66027	-94.91904514306451	39.33684756722952	
207 BURNHAM LOOP	66027	-94.91890119903054	39.3368981342463	
205 BURNHAM LOOP	66027	-94.91877284100462	39.33698916126902	
203 BURNHAM LOOP	66027	-94.9187091589997	39.33711808829441	
201 BURNHAM LOOP	66027	-94.91869486601261	39.337294503325005	
202 BURNHAM LOOP	66027	-94.91921053415244	39.33730456429718	
216 BURNHAM LOOP	66027	-94.91947687121343	39.337191590262876	
218 BURNHAM LOOP	66027	-94.91968879027296	39.337217042255006	
220 BURNHAM LOOP	66027	-94.91991905333623	39.33723051124411	
222 BURNHAM LOOP	66027	-94.92012479239341	39.337248835235414	
224 BURNHAM LOOP	66027	-94.9203615634643	39.33732424623453	
130 DICKMAN AVENUE	66027	-94.92041994872454	39.3398979936656	
290 GRANT AVENUE	66027	-94.9187289450706	39.34833231318569	
302 STILLWELL AVENUE	66027	-94.9170897011549	39.34334305643773	
304 STILLWELL AVENUE	66027	-94.91732280722812	39.34345280544288	
306 STILLWELL AVENUE	66027	-94.91750421328521	39.34353986044722	
310 STILLWELL AVENUE	66027	-94.91802681244538	39.343743901451674	
312 STILLWELL AVENUE	66027	-94.9182653105146	39.3437964304469	
314 STILLWELL AVENUE	66027	-94.91849794558017	39.34382673543868	
316 STILLWELL AVENUE	66027	-94.91872756164888	39.34389963343781	
318 STILLWELL AVENUE	66027	-94.91894242971345	39.34397004143739	
191 KING AVENUE	66027	-94.91945892184964	39.34393878640251	
189 KING AVENUE	66027	-94.91955275785726	39.343752868365755	
187 KING AVENUE	66027	-94.91968357587723	39.343592240331205	
185 KING AVENUE	66027	-94.91980295689447	39.343435465297866	
183 KING AVENUE	66027	-94.91992891191391	39.34328311626498	
181 KING AVENUE	66027	-94.9200557009338	39.34313330523241	
179 KING AVENUE	66027	-94.9201857429543	39.342980306199166	
177 KING AVENUE	66027	-94.9203059289716	39.34282162216545	
175 KING AVENUE	66027	-94.92042445898815	39.3426597651314	
173 KING AVENUE	66027	-94.92052406099796	39.34248081709545	
171 KING AVENUE	66027	-94.92058267099566	39.34229057706	
169 KING AVENUE	66027	-94.92053481496373	39.342089918028904	
167 KING AVENUE	66027	-94.92038650890822	39.34192648300983	
165 KING AVENUE	66027	-94.92019513384606	39.341814683001914	
163 KING AVENUE	66027	-94.92003498179426	39.341723106995644	
161 KING AVENUE	66027	-94.91988220874457	39.34163341098923	
153 KING AVENUE	66027	-94.91945337157773	39.34109315492266	
151 KING AVENUE	66027	-94.91928675251889	39.340945990907365	
149 KING AVENUE	66027	-94.9191099784585	39.34081157489477	
147 KING AVENUE	66027	-94.91889046539026	39.34071544389116	
165 BUNDEL AVENUE	66027	-94.91887548344089	39.34129066698909	
160 BUNDEL AVENUE	66027	-94.91852996031969	39.34099479295894	
162 BUNDEL AVENUE	66027	-94.91845715231368	39.341138051987315	
164 BUNDEL AVENUE	66027	-94.9183987423128	39.341293970016935	
166 BUNDEL AVENUE	66027	-94.9183648773183	39.34144821204492	
168 BUNDEL AVENUE	66027	-94.91829677532338	39.341694730090396	
170 BUNDEL AVENUE	66027	-94.91823420632032	39.34183954211845	
167 BUNDEL AVENUE	66027	-94.91883957344587	39.34144491601718	
169 BUNDEL AVENUE	66027	-94.91879956044954	39.341597591045215	
171 BUNDEL AVENUE	66027	-94.91875752945322	39.34175504007421	
173 BUNDEL AVENUE	66027	-94.91870122345375	39.341920484105366	
175 BUNDEL AVENUE	66027	-94.9185859664447	39.34215128315091	
177 BUNDEL AVENUE	66027	-94.91843148041939	39.34232343518878	
179 BUNDEL AVENUE	66027	-94.91824837638691	39.34250045722913	
181 BUNDEL AVENUE	66027	-94.91813261536966	39.34264704926053	
183 BUNDEL AVENUE	66027	-94.91802294435327	39.3427856742902	
185 BUNDEL AVENUE	66027	-94.91791931833703	39.342908388316864	
187 BUNDEL AVENUE	66027	-94.91780351731916	39.343048624347176	
189 BUNDEL AVENUE	66027	-94.91770806530498	39.34316972037306	
172 BUNDEL AVENUE	66027	-94.91814077430617	39.341955864143415	
174 BUNDEL AVENUE	66027	-94.91804536229259	39.34208331617043	
176 BUNDEL AVENUE	66027	-94.91793966227532	39.34220127119641	
178 BUNDEL AVENUE	66027	-94.91785442326358	39.34231915322114	
180 BUNDEL AVENUE	66027	-94.9177467712473	39.3424530042499	
182 BUNDEL AVENUE	66027	-94.91763494022851	39.3425725702765	
184 BUNDEL AVENUE	66027	-94.91752517421062	39.342695307303465	
186 BUNDEL AVENUE	66027	-94.91740329219206	39.34284509733575	
188 BUNDEL AVENUE	66027	-94.91731604318032	39.34296934136171	
190 KING AVENUE	66027	-94.91913023272755	39.34358597136182	
188 KING AVENUE	66027	-94.91923179274298	39.343460086334765	
186 KING AVENUE	66027	-94.91933336175849	39.34333578830796	
184 KING AVENUE	66027	-94.9194308477731	39.3432130952817	
182 KING AVENUE	66027	-94.91954263879124	39.34308717225399	
180 KING AVENUE	66027	-94.91963603180473	39.342964493228	
178 KING AVENUE	66027	-94.91974986682347	39.34283856320019	
176 KING AVENUE	66027	-94.91984732283758	39.342711103173116	
174 KING AVENUE	66027	-94.91996106385476	39.34256928414264	
172 KING AVENUE	66027	-94.92004213086418	39.34243870511599	
174 BUCKNER AVENUE	66027	-94.9190512245887	39.34234853315755	
172 BUCKNER AVENUE	66027	-94.91915680860409	39.34221151112838	
173 BUCKNER AVENUE	66027	-94.91968324874192	39.34216925709103	
175 BUCKNER AVENUE	66027	-94.9195917447329	39.342333876124094	
177 BUCKNER AVENUE	66027	-94.91946918771632	39.34250686816031	
179 BUCKNER AVENUE	66027	-94.9193407966965	39.342662402193874	
170 BUCKNER AVENUE	66027	-94.91922355460969	39.34208098410253	
168 BUCKNER AVENUE	66027	-94.9193045656182	39.34194087207425	
176 BUCKNER AVENUE	66027	-94.91895166357307	39.34246646718315	
178 BUCKNER AVENUE	66027	-94.91884195655612	39.34259873721175	
180 BUCKNER AVENUE	66027	-94.91873835154018	39.342724630238955	
182 BUCKNER AVENUE	66027	-94.91863471652375	39.34284575626528	
184 BUCKNER AVENUE	66027	-94.91853109050751	39.34296847129196	
186 BUCKNER AVENUE	66027	-94.91842543749104	39.34309437231924	
188 BUCKNER AVENUE	66027	-94.91832389447592	39.343223434346825	
190 BUCKNER AVENUE	66027	-94.91824289946776	39.34336672337563	
181 BUCKNER AVENUE	66027	-94.91921689067766	39.34281538022682	
183 BUCKNER AVENUE	66027	-94.91909420365903	39.34296676325939	
185 BUCKNER AVENUE	66027	-94.9189600816377	39.3431223192933	
187 BUCKNER AVENUE	66027	-94.91883861361926	39.343272744325674	
189 BUCKNER AVENUE	66027	-94.91871398060171	39.343441294361256	
3 GRANT AVENUE	66027	-94.92058654913757	39.33324569953331	
10 GRANT AVENUE	66027	-94.92019375503224	39.333250295556574	
210 GRANT AVENUE	66027	-94.92187455934648	39.34232048899103	
301 GRANT AVENUE	66027	-94.92014685754255	39.349279990264336	
300 KANSAS AVENUE	66027	-94.92238175825915	39.339964106564366	
1 REYNOLDS AVENUE	66027	-94.91347766867233	39.34850296851541	
99 REYNOLDS AVENUE	66027	-94.91475715402603	39.34859839345819	
270 GRANT AVENUE	66027	-94.91930861304867	39.3464589948364	
271 GRANT AVENUE	66027	-94.92016011428966	39.34658164680833	
375 GRANT AVENUE	66027	-94.91875373931619	39.3508454226083	
2 SHERMAN AVENUE	66027	-94.91474669221202	39.32953046124051	
1 SHERMAN AVENUE	66027	-94.91715191897325	39.330725502304546	
920 NORTH 2ND STREET	66048	-94.91210351026224	39.327023765968654	
961 NORTH CHEYENNE CURVE	66048	-94.91179171825982	39.3278830431316	
921 NORTH CHEYENNE CURVE	66048	-94.91159635013182	39.32708865200867	
201 DAKOTA STREET	66048	-94.91259874731864	39.326212575803304	
701 CHEYENNE STREET	66048	-94.92059956655757	39.327099342495046	
707 METROPOLITAN AVENUE	66048	-94.92116524877582	39.32779369957988	
1122 NORTH 2ND STREET	66048	-94.91211687343322	39.328787584265655	
919 NORTH 7TH STREET	66048	-94.92040440441681	39.326170203349314	
817 NORTH 3RD STREET	66048	-94.91422857173656	39.3259907986726	
601 CHEYENNE STREET	66048	-94.91910954416568	39.32719862759709	
207 CHEYENNE STREET	66048	-94.91311999563045	39.32801848407842	
227 CHEYENNE STREET	66048	-94.91395536183276	39.32777972299025	
406 KIOWA STREET	66048	-94.91585222411574	39.32537878347632	
721 METROPOLITAN AVENUE	66048	-94.92173868994752	39.327975869577735	
919 NORTH 3RD STREET	66048	-94.91440056487004	39.32690945481786	
323 PAWNEE STREET	66048	-94.9151947260684	39.32674551374475	
802 NORTH 2ND STREET	66048	-94.91189742708515	39.32574219476409	
815 NORTH 5TH STREET	66048	-94.91714548647921	39.325538204429186	
819 NORTH 6TH STREET	66048	-94.91878976491763	39.32549225332735	
715 CHEYENNE STREET	66048	-94.92127452073257	39.327028381444414	
502 DAKOTA STREET	66048	-94.9172836285642	39.32604214950641	
205 DAKOTA STREET	66048	-94.91285343738947	39.32623602879273	
507 PAWNEE STREET	66048	-94.91771196272148	39.32648404555647	
723 PAWNEE STREET	66048	-94.92144764568754	39.32606244827141	
1050 NORTH 4TH STREET	66048	-94.91514539813723	39.32761116789371	
815 1/2 NORTH 5TH STREET	66048	-94.91715139148332	39.325565001433404	
501 PAWNEE STREET	66048	-94.9173877436402	39.32654757358576	
521 CHEYENNE STREET	66048	-94.91833759296694	39.32729498965759	
227 CHEYENNE STREET	66048	-94.91387261581148	39.32779062599686	
320 DAKOTA STREET	66048	-94.91491782596641	39.32645670371181	
703 METROPOLITAN AVENUE	66048	-94.92089460970469	39.3278122705985	
707 1/2 METROPOLITAN AVENUE	66048	-94.92110954376156	39.32780178158439	
611 CHEYENNE STREET	66048	-94.91951364727636	39.32721748657716	
314 DAKOTA STREET	66048	-94.91473126092076	39.32650486473061	
307 PAWNEE STREET	66048	-94.91464618592778	39.32682053278876	
736 CHEYENNE STREET	66048	-94.92252978608718	39.327202866402004	
515 DAKOTA STREET	66048	-94.91780498766471	39.32562170040552	
514 DAKOTA STREET	66048	-94.91790983372412	39.325950179455	
212 DAKOTA STREET	66048	-94.91342221757435	39.326570192816575	
200 DAKOTA STREET	66048	-94.9126677703809	39.326672521877065	
710 DAKOTA STREET	66048	-94.92069600043946	39.32558135323322	
732 DAKOTA STREET	66048	-94.92168908469523	39.32545881715569	
210 KIOWA STREET	66048	-94.91273669331305	39.32576162071931	
306 KIOWA STREET	66048	-94.91414313766842	39.32551489259712	
514 PAWNEE STREET	66048	-94.91796930982943	39.32689110061044	
520 PAWNEE STREET	66048	-94.91823402789481	39.3268284275847	
204 PAWNEE LANE	66048	-94.91308256157231	39.327512526995115	
603 PAWNEE STREET	66048	-94.91892506603534	39.326348720464146	
713 PAWNEE STREET	66048	-94.92104900558472	39.32611052430234	
719 PAWNEE STREET	66048	-94.92125908763902	39.32608627428625	
301 CHEYENNE STREET	66048	-94.91454572298612	39.327720661946486	
1120 NORTH 2ND STREET	66048	-94.9121164584297	39.32875135925959	
619 DAKOTA STREET	66048	-94.91938878007011	39.32539883727726	
706 DAKOTA STREET	66048	-94.92057377440828	39.32559987324337	
321 DAKOTA STREET	66048	-94.91492000191154	39.32587221161302	
317 PAWNEE STREET	66048	-94.91492041199794	39.32678157476653	
505 CHEYENNE STREET	66048	-94.91769582080734	39.3274342787178	
737 CHEYENNE STREET	66048	-94.92240143501888	39.326847409349334	
521 DAKOTA STREET	66048	-94.91808227973864	39.32561347638826	
525 DAKOTA STREET	66048	-94.91823197277706	39.325594062376474	
728 DAKOTA STREET	66048	-94.92156662966372	39.32547417916529	
530 PAWNEE STREET	66048	-94.91852620297314	39.326824911567385	
517 PAWNEE STREET	66048	-94.91800557080299	39.326509645543986	
208 PAWNEE LANE	66048	-94.9133179416346	39.327500832979645	
622 PAWNEE STREET	66048	-94.91987530531648	39.32661428145462	
722 PAWNEE STREET	66048	-94.92159305975946	39.32640753232135	
500 PAWNEE STREET	66048	-94.91749857070896	39.32695727164858	
605 CHEYENNE STREET	66048	-94.9192584672039	39.32717832558516	
703 PAWNEE STREET	66048	-94.92060594047426	39.32620337034341	
217 PAWNEE LANE	66048	-94.91378833972037	39.32706972887996	
821 NORTH 3RD STREET	66048	-94.91424152874647	39.32605823368325	
217 CHEYENNE STREET	66048	-94.9134727747105	39.32786115303164	
322 DAKOTA STREET	66048	-94.91497230498048	39.326450654707685	
315 DAKOTA STREET	66048	-94.91476344787125	39.32589198062533	
1148 NORTH 2ND STREET	66048	-94.91212354745363	39.32898346829835	
225 CHEYENNE STREET	66048	-94.91371820377354	39.32782869701213	
313 DAKOTA STREET	66048	-94.91464568584094	39.32590685963457	
712 CHEYENNE STREET	66048	-94.92132459377792	39.32736390949819	
510 DAKOTA STREET	66048	-94.91764503265271	39.325949391470054	
215 DAKOTA STREET	66048	-94.91334212151328	39.326153646750825	
534 PAWNEE STREET	66048	-94.91863493099181	39.32671329254233	
733 PAWNEE STREET	66048	-94.92197798882339	39.325989260228695	
512 CHEYENNE STREET	66048	-94.91822731498523	39.32780017474913	
720 DAKOTA STREET	66048	-94.92117461256272	39.325522042195836	
608 DAKOTA STREET	66048	-94.9191466700462	39.32583380136458	
520 DAKOTA STREET	66048	-94.91808408076871	39.32592534544085	
617 DAKOTA STREET	66048	-94.91932358305436	39.32541825028429	
325 DAKOTA STREET	66048	-94.91505807994844	39.32586933960459	
311 PAWNEE STREET	66048	-94.91475345995508	39.32680345477976	
609 CHEYENNE STREET	66048	-94.91942758925416	39.327228091583876	
513 CHEYENNE STREET	66048	-94.91794261987265	39.32742177870158	
716 CHEYENNE STREET	66048	-94.92154351483683	39.327363277485524	
310 KIOWA STREET	66048	-94.91430465672042	39.32560481860309	
732 PAWNEE STREET	66048	-94.9220809628918	39.32641791329515	
205 PAWNEE LANE	66048	-94.91301548951662	39.327115802932	
226 KIOWA STREET	66048	-94.91320549043223	39.325687053679864	
709 PAWNEE STREET	66048	-94.92084422253224	39.32613826231878	
610 PAWNEE STREET	66048	-94.91932100117144	39.32665894849391	
629 PAWNEE STREET	66048	-94.92000526529718	39.32604250835061	
212 PAWNEE LANE	66048	-94.91356119069992	39.327498429965324	
509 PAWNEE STREET	66048	-94.91776780573603	39.326478430552314	
616 PAWNEE STREET	66048	-94.91968029626466	39.32662155646698	
201 CHEYENNE STREET	66048	-94.91287305657191	39.328102789106765	
730 CHEYENNE STREET	66048	-94.92215949099433	39.327275141435386	
208 DAKOTA STREET	66048	-94.91314155850263	39.32661092483952	
722 DAKOTA STREET	66048	-94.92128247659046	39.32550854418734	
740 DAKOTA STREET	66048	-94.92213239480927	39.32540206612076	
204 KIOWA STREET	66048	-94.91263797828249	39.32572023271797	
216 PAWNEE LANE	66048	-94.91383648776296	39.32738178092992	
200 PAWNEE LANE	66048	-94.91284824651203	39.327542285013536	
607 PAWNEE STREET	66048	-94.91908595507857	39.32634725845469	
526 PAWNEE STREET	66048	-94.9184024739412	39.32683949457694	
325 PAWNEE STREET	66048	-94.91524246208076	39.32674010974106	
312 DAKOTA STREET	66048	-94.91469248591089	39.32651099973389	
907 NORTH 3RD STREET	66048	-94.91429815681207	39.32658891476959	
321 PAWNEE STREET	66048	-94.91514539705571	39.326752001748645	
723 CHEYENNE STREET	66048	-94.92174523784794	39.326908522397254	
507 DAKOTA STREET	66048	-94.91746143857857	39.325688675436545	
529 DAKOTA STREET	66048	-94.91840310582111	39.32557225336296	
738 PAWNEE STREET	66048	-94.92235991995842	39.32632778226398	
501 METROPOLITAN AVENUE	66048	-94.91822230401397	39.328117582803	
713 METROPOLITAN AVENUE	66048	-94.92143819584855	39.32778574156286	
219 CHEYENNE STREET	66048	-94.91358759373995	39.32784529202239	
311 DAKOTA STREET	66048	-94.91459601582817	39.32591314263848	
213 DAKOTA STREET	66048	-94.91312545445938	39.32620082377121	
302 DAKOTA STREET	66048	-94.91449952584954	39.3264119277282	
524 PAWNEE STREET	66048	-94.91833953492491	39.32684617258169	
204 DAKOTA STREET	66048	-94.91291429944424	39.32664043685755	
215 CHEYENNE STREET	66048	-94.91343469570073	39.32786599903467	
326 DAKOTA STREET	66048	-94.91519073402674	39.32631797367276	
402 KIOWA STREET	66048	-94.91572397408274	39.325394899486376	
323 DAKOTA STREET	66048	-94.91501075393627	39.32587533360831	
309 PAWNEE STREET	66048	-94.91468310593699	39.326812674785366	
609 DAKOTA STREET	66048	-94.91902406997482	39.32542959130335	
508 DAKOTA STREET	66048	-94.91754419262735	39.325967751478885	
516 DAKOTA STREET	66048	-94.91797136874044	39.32594762445106	
718 DAKOTA STREET	66048	-94.92108884854063	39.32553273620253	
726 DAKOTA STREET	66048	-94.92147423163995	39.32548576017257	
525 PAWNEE STREET	66048	-94.91840298990766	39.32648457951698	
731 PAWNEE STREET	66048	-94.9218654407945	39.326003779237595	
515 CHEYENNE STREET	66048	-94.91803726088708	39.32730562467654	
615 CHEYENNE STREET	66048	-94.9196454233098	39.327196128566	
502 PAWNEE STREET	66048	-94.91755941472398	39.32694265864261	
609 PAWNEE STREET	66048	-94.91924157811863	39.326327731442525	
209 PAWNEE LANE	66048	-94.91324397557098	39.32704045390621	
736 PAWNEE STREET	66048	-94.92220670891852	39.32634218927517	
211 KIOWA STREET	66048	-94.91271308726905	39.32536521065373	
210 PAWNEE LANE	66048	-94.91337682465196	39.32751676897898	
732 CHEYENNE STREET	66048	-94.92228128402347	39.32723645242187	
519 DAKOTA STREET	66048	-94.91798133071269	39.325626695396316	
724 DAKOTA STREET	66048	-94.92138274561643	39.32549722417969	
517 CHEYENNE STREET	66048	-94.9180779258981	39.32730607267427	
316 DAKOTA STREET	66048	-94.91480156893752	39.326482197722754	
911 NORTH 7TH STREET	66048	-94.92037078838939	39.32597651031857	
326 KIOWA STREET	66048	-94.91492900487191	39.32542887253763	
532 PAWNEE STREET	66048	-94.91856577398332	39.326819914564254	
903 NORTH 3RD STREET	66048	-94.9142756657961	39.326484398753266	
727 PAWNEE STREET	66048	-94.92163375073544	39.326038914256806	
213 CHEYENNE STREET	66048	-94.91337844268622	39.32787315703906	
221 CHEYENNE STREET	66048	-94.91363172775131	39.32783968501893	
319 DAKOTA STREET	66048	-94.91487850090085	39.32587745261628	
719 CHEYENNE STREET	66048	-94.92150162479092	39.326998461426335	
512 DAKOTA STREET	66048	-94.91772246367226	39.325935425463214	
735 PAWNEE STREET	66048	-94.92211755585927	39.32597111721767	
708 DAKOTA STREET	66048	-94.92060898941705	39.32559208024005	
711 METROPOLITAN AVENUE	66048	-94.92132335281809	39.32779059457027	
511 CHEYENNE STREET	66048	-94.91790487586294	39.327426777704574	
623 DAKOTA STREET	66048	-94.91951487210096	39.32536651326456	
707 PAWNEE STREET	66048	-94.9207410145052	39.326146688326126	
213 PAWNEE LANE	66048	-94.9134933956356	39.3270132048873	
612 PAWNEE STREET	66048	-94.91955569823362	39.326648233478615	
728 PAWNEE STREET	66048	-94.92183002281801	39.32635245429848	
525 CHEYENNE STREET	66048	-94.91849590501488	39.32735079065792	
1126 NORTH 2ND STREET	66048	-94.91211755643788	39.32883397827349	
412 KIOWA STREET	66048	-94.91589682612717	39.32537253647273	
214 PAWNEE LANE	66048	-94.91361210171087	39.32746959395758	
1000 NORTH 4TH STREET	66048	-94.91526640913648	39.327259607827415	
921 NORTH 3RD STREET	66048	-94.91441057087718	39.32695592782514	
217 DAKOTA STREET	66048	-94.91357199557456	39.32614694473654	
206 KIOWA STREET	66048	-94.91269449729849	39.325728447716095	
414 KIOWA STREET	66048	-94.91601659615823	39.3253597714637	
315 PAWNEE STREET	66048	-94.91487212998551	39.326787901770345	
600 DAKOTA STREET	66048	-94.91880379495804	39.325877908391654	
522 DAKOTA STREET	66048	-94.91823353680711	39.32590604142904	
617 PAWNEE STREET	66048	-94.91954274119608	39.32628971441886	
519 PAWNEE STREET	66048	-94.91808163182256	39.32649984953795	
710 NORTH 2ND STREET	66048	-94.91178971602561	39.325420567715945	
733 CHEYENNE STREET	66048	-94.92215503995573	39.3268808693691	
509 DAKOTA STREET	66048	-94.91754499460002	39.32567765742989	
527 DAKOTA STREET	66048	-94.91831771179916	39.325583103369695	
716 DAKOTA STREET	66048	-94.92097763151202	39.32554655521123	
709 METROPOLITAN AVENUE	66048	-94.9212164777899	39.327796561577394	
227 CHEYENNE STREET	66048	-94.91388424781842	39.327830103002825	
309 DAKOTA STREET	66048	-94.91454812781585	39.32591920064223	
729 CHEYENNE STREET	66048	-94.92191925689258	39.32688439438321	
740 PAWNEE STREET	66048	-94.92235187495216	39.326284804257185	
902 NORTH 7TH STREET	66048	-94.91990629323855	39.32570540729941	
819 NORTH 3RD STREET	66048	-94.91423399974089	39.32602088967735	
1014 NORTH 6TH STREET	66048	-94.91870180803595	39.32698862358498	
1220 NORTH 2ND STREET	66027	-94.91233916462785	39.330207303492614	
615 METROPOLITAN AVENUE	66048	-94.92041332861034	39.328183768688746	
319 PAWNEE STREET	66048	-94.91508365803986	39.326760121753516	
300 PAWNEE STREET	66048	-94.91428443688038	39.32734799789852	
404 KIOWA STREET	66048	-94.91578093409723	39.325386072481635	
707 CHEYENNE STREET	66048	-94.92090021163395	39.3270512104697	
211 CHEYENNE STREET	66048	-94.91332361767212	39.32788013404336	
308 DAKOTA STREET	66048	-94.91455898386513	39.32640812872415	
307 DAKOTA STREET	66048	-94.91449702880269	39.32592566464622	
313 PAWNEE STREET	66048	-94.9147996349669	39.32679740277608	
619 CHEYENNE STREET	66048	-94.91987009636769	39.3271686225485	
613 DAKOTA STREET	66048	-94.91916610801131	39.32541122929213	
506 DAKOTA STREET	66048	-94.91742524959672	39.32598274148823	
222 DAKOTA STREET	66048	-94.91367170263852	39.32653787479686	
712 DAKOTA STREET	66048	-94.92078677346286	39.32557016222615	
214 KIOWA STREET	66048	-94.91294084936254	39.32570374469783	
528 PAWNEE STREET	66048	-94.91848654596298	39.326830329570576	
503 PAWNEE STREET	66048	-94.91745959665839	39.326535165579564	
716 PAWNEE STREET	66048	-94.92123683066733	39.32644773534855	
705 PAWNEE STREET	66048	-94.92065552648701	39.32619726933954	
717 CHEYENNE STREET	66048	-94.92138969976222	39.32701339143529	
508 PAWNEE STREET	66048	-94.91776250477434	39.326897689623394	
611 PAWNEE STREET	66048	-94.91928569012995	39.326322337439066	
201 PAWNEE LANE	66048	-94.91277532445478	39.327145674950756	
602 PAWNEE STREET	66048	-94.9190123900913	39.32669000951677	
720 PAWNEE STREET	66048	-94.9214915007333	39.32642035432936	
915 NORTH 3RD STREET	66048	-94.91438372885771	39.326827210804936	
318 DAKOTA STREET	66048	-94.9148360169462	39.32647576271971	
1128 NORTH 2ND STREET	66048	-94.9121238104447	39.32888861228233	
1104 NORTH 2ND STREET	66048	-94.91213551442934	39.328693234248675	
227 CHEYENNE STREET	66048	-94.91396784983996	39.327820293996375	
705 METROPOLITAN AVENUE	66048	-94.92099806273208	39.32780722159168	
519 CHEYENNE STREET	66048	-94.9182934289555	39.32729941866087	
510 PAWNEE STREET	66048	-94.91780820378561	39.32688656961889	
518 PAWNEE STREET	66048	-94.91814335087149	39.326840047591865	
515 PAWNEE STREET	66048	-94.91790385977689	39.32652277655204	
615 PAWNEE STREET	66048	-94.91939405215783	39.32630799543045	
729 PAWNEE STREET	66048	-94.92178704077433	39.32601376724376	
701 METROPOLITAN AVENUE	66048	-94.9207836606753	39.327817684605755	
624 PAWNEE STREET	66048	-94.92005111436045	39.32657899343856	
1012 NORTH 6TH STREET	66048	-94.918689704027	39.326928263575475	
1101 NORTH 5TH STREET	66048	-94.91765441883689	39.32786274279252	
1101 NORTH 7TH STREET	66048	-94.92083793865187	39.3274164695349	
1102 NORTH 2ND STREET	66048	-94.91212528542371	39.32866346924422	
1106 NORTH 2ND STREET	66048	-94.9121508224363	39.32872362225295	
808 NORTH 3RD STREET	66048	-94.91353841252905	39.32576272267361	
905 NORTH 3RD STREET	66048	-94.91428670180395	39.326535701761266	
223 CHEYENNE STREET	66048	-94.91368012676374	39.327833535015124	
317 DAKOTA STREET	66048	-94.91481597788479	39.325885347621195	
709 CHEYENNE STREET	66048	-94.92104878766904	39.32699895945237	
1006 NORTH 7TH STREET	66048	-94.92022342842475	39.32676753046056	
820 NORTH 5TH STREET	66048	-94.91649701333691	39.32587903052385	
1001 NORTH 7TH STREET	66048	-94.92059261551097	39.326627959415816	
909 NORTH 3RD STREET	66048	-94.914307888819	39.326634127776686	
1100 NORTH 4TH STREET	66048	-94.91516088919563	39.32818243998926	
901 NORTH 7TH STREET	66048	-94.9203639043555	39.32563924626204	
815 NORTH 3RD STREET	66048	-94.91422078973109	39.32595535666703	
801 NORTH 2ND STREET	66048	-94.91245728424045	39.32578990274009	
1101 NORTH 4TH STREET	66048	-94.91702820665961	39.327772268813106	
917 NORTH 3RD STREET	66048	-94.91439124886344	39.326866182811074	
819 NORTH 7TH STREET	66048	-94.92029875731232	39.32536894322009	
1142 NORTH 2ND STREET	66048	-94.91212426144882	39.32893071628941	
801 NORTH ESPLANADE STREET	66048	-94.9108873688459	39.32608803488026	
409 METROPOLITAN AVENUE	66048	-94.91631983052885	39.32840442996041	
1138 NORTH 2ND STREET	66048	-94.91209553543975	39.32891651728869	
1141 NORTH 2ND STREET	66048	-94.91298719667068	39.328819616221274	
1145 NORTH 2ND STREET	66048	-94.91289808964652	39.32881787722605	
201 DAKOTA STREET	66048	-94.9125248123031	39.32625879481536	
201 DAKOTA STREET	66048	-94.91263242833014	39.326237798805664	
201 DAKOTA STREET	66048	-94.91263706433297	39.32625461380823	
201 DAKOTA STREET	66048	-94.91253100530632	39.326275055817796	
919 NORTH 7TH STREET	66048	-94.92041512742308	39.32620578035472	
919 NORTH 7TH STREET	66048	-94.9204211104277	39.326237415359735	
919 NORTH 7TH STREET	66048	-94.92043322743395	39.32626921336443	
601 CHEYENNE STREET	66048	-94.91909277315095	39.327090874579845	
605 CHEYENNE STREET	66048	-94.91924169618918	39.327070573567894	
601 CHEYENNE STREET	66048	-94.91910053315952	39.32715904359094	
605 CHEYENNE STREET	66048	-94.91924945619769	39.32713874157894	
601 CHEYENNE STREET	66048	-94.91909131215377	39.32712422158556	
605 CHEYENNE STREET	66048	-94.91924023519192	39.32710391957362	
611 CHEYENNE STREET	66048	-94.91950289427012	39.32718262457189	
609 CHEYENNE STREET	66048	-94.91941683624793	39.32719322957862	
505 CHEYENNE STREET	66048	-94.91768966680236	39.32739953871228	
712 CHEYENNE STREET	66048	-94.92128267777117	39.32741139150856	
712 CHEYENNE STREET	66048	-94.92133461778435	39.32740322550423	
712 CHEYENNE STREET	66048	-94.92126541876247	39.32736902450242	
326 KIOWA STREET	66048	-94.9149469228828	39.32549320354746	
310 KIOWA STREET	66048	-94.91436947773715	39.325596995598026	
610 PAWNEE STREET	66048	-94.91939361219062	39.326654858489036	
301 CHEYENNE STREET	66048	-94.91460663100213	39.32771612394224	
301 CHEYENNE STREET	66048	-94.91470472002763	39.327706420935	
301 CHEYENNE STREET	66048	-94.91479208305059	39.327700532929036	
941 NORTH CHEYENNE CURVE	66048	-94.91162139517071	39.32742708606433	
941 NORTH CHEYENNE CURVE	66048	-94.9116733361839	39.32741892406	
941 NORTH CHEYENNE CURVE	66048	-94.91161096916387	39.32738483905778	
941 NORTH CHEYENNE CURVE	66048	-94.91166291117706	39.32737667805345	
941 NORTH CHEYENNE CURVE	66048	-94.91167905517841	39.32734467304715	
941 NORTH CHEYENNE CURVE	66048	-94.9117309961916	39.327336511042745	
941 NORTH CHEYENNE CURVE	66048	-94.91166862917157	39.32730242704058	
941 NORTH CHEYENNE CURVE	66048	-94.9117205711848	39.32729426503626	
941 NORTH CHEYENNE CURVE	66048	-94.91158833314833	39.327285038042234	
941 NORTH CHEYENNE CURVE	66048	-94.9116402751615	39.32727687603792	
941 NORTH CHEYENNE CURVE	66048	-94.91157790814148	39.3272427910357	
941 NORTH CHEYENNE CURVE	66048	-94.91162984915468	39.32723462903138	
1060 NORTH 2ND STREET	66048	-94.91230497639977	39.32790088410521	
1060 NORTH 2ND STREET	66048	-94.91235691841294	39.32789272210084	
1060 NORTH 2ND STREET	66048	-94.91229455039293	39.327858638098654	
1060 NORTH 2ND STREET	66048	-94.91234649240616	39.32785047609434	
1060 NORTH 2ND STREET	66048	-94.91234709240366	39.32782282908963	
1060 NORTH 2ND STREET	66048	-94.91239903441692	39.32781466708529	
1060 NORTH 2ND STREET	66048	-94.91233666639688	39.32778058308306	
1060 NORTH 2ND STREET	66048	-94.91238860841008	39.327772421078734	
1060 NORTH 2ND STREET	66048	-94.91227154737807	39.32776717308457	
1060 NORTH 2ND STREET	66048	-94.91232348839128	39.32775901108019	
1060 NORTH 2ND STREET	66048	-94.91226112137126	39.32772492707801	
1060 NORTH 2ND STREET	66048	-94.91231306238444	39.32771676507363	
940 NORTH 2ND STREET	66048	-94.91218928231731	39.32736033802054	
940 NORTH 2ND STREET	66048	-94.91224122333051	39.32735217601624	
940 NORTH 2ND STREET	66048	-94.91217885631048	39.327318092014046	
940 NORTH 2ND STREET	66048	-94.91223079732367	39.32730992900969	
940 NORTH 2ND STREET	66048	-94.91224694132501	39.32727792500337	
940 NORTH 2ND STREET	66048	-94.9122988823382	39.32726976299899	
940 NORTH 2ND STREET	66048	-94.91223651531817	39.32723567899681	
940 NORTH 2ND STREET	66048	-94.91228845633142	39.32722751599244	
940 NORTH 2ND STREET	66048	-94.91215621929493	39.32721828999846	
940 NORTH 2ND STREET	66048	-94.91220816030814	39.32721012799409	
940 NORTH 2ND STREET	66048	-94.9121457932881	39.32717604399192	
940 NORTH 2ND STREET	66048	-94.91219773530129	39.32716788098761	
203 DAKOTA STREET	66048	-94.91279772837532	39.326244900797384	
961 NORTH CHEYENNE CURVE	66048	-94.91178739025607	39.32785574312724	
961 NORTH CHEYENNE CURVE	66048	-94.91183048527012	39.32788120812903	
961 NORTH CHEYENNE CURVE	66048	-94.91182051226507	39.327856620125495	
961 NORTH CHEYENNE CURVE	66048	-94.91187407627719	39.32783252411835	
961 NORTH CHEYENNE CURVE	66048	-94.91186974827345	39.32780522411398	
961 NORTH CHEYENNE CURVE	66048	-94.91191284328748	39.32783069011583	
961 NORTH CHEYENNE CURVE	66048	-94.91190287028245	39.32780610111222	
961 NORTH CHEYENNE CURVE	66048	-94.91178737125209	39.32781424912023	
961 NORTH CHEYENNE CURVE	66048	-94.91178304324835	39.32778694911586	
961 NORTH CHEYENNE CURVE	66048	-94.91182613826241	39.327812415117705	
961 NORTH CHEYENNE CURVE	66048	-94.91181616525735	39.32778782711408	
920 NORTH 2ND STREET	66048	-94.91210077125949	39.32700223096515	
920 NORTH 2ND STREET	66048	-94.9121405002719	39.32702045296595	
920 NORTH 2ND STREET	66048	-94.91213579526888	39.32700172796309	
920 NORTH 2ND STREET	66048	-94.91208672125023	39.32694462695623	
920 NORTH 2ND STREET	66048	-94.91208398224742	39.326923091952764	
920 NORTH 2ND STREET	66048	-94.9121237112599	39.32694131395357	
920 NORTH 2ND STREET	66048	-94.91211900625682	39.32692258895065	
920 NORTH 2ND STREET	66048	-94.91219194028207	39.32698175395651	
920 NORTH 2ND STREET	66048	-94.91218920127933	39.326960218953005	
920 NORTH 2ND STREET	66048	-94.91222893029175	39.3269784409538	
920 NORTH 2ND STREET	66048	-94.9122242252887	39.32695971495089	
921 NORTH CHEYENNE CURVE	66048	-94.91156297612329	39.3270934900114	
921 NORTH CHEYENNE CURVE	66048	-94.91159189712833	39.32706421000474	
921 NORTH CHEYENNE CURVE	66048	-94.9115585231198	39.32706904800747	
921 NORTH CHEYENNE CURVE	66048	-94.91158121412063	39.32701384899688	
921 NORTH CHEYENNE CURVE	66048	-94.91154784011212	39.3270186879996	
921 NORTH CHEYENNE CURVE	66048	-94.91157676011711	39.32698940699302	
921 NORTH CHEYENNE CURVE	66048	-94.91154338610858	39.32699424599574	
921 NORTH CHEYENNE CURVE	66048	-94.91167068814644	39.32703195899481	
921 NORTH CHEYENNE CURVE	66048	-94.91163731413792	39.327036797997515	
921 NORTH CHEYENNE CURVE	66048	-94.91166623514296	39.32700751699095	
921 NORTH CHEYENNE CURVE	66048	-94.91163286113444	39.32701235599366	
1011 NORTH 7TH STREET	66048	-94.92055071652555	39.326901088464325	
1013 NORTH 7TH STREET	66048	-94.92056110553246	39.32694428647104	
1000 NORTH 7TH STREET	66048	-94.9201755093926	39.32656476142907	
1201 NORTH 2ND STREET	66027	-94.91358452787841	39.3293131332704	
100 DAKOTA STREET	66048	-94.91011226878193	39.32761369518226	
1201 NORTH RIVERFRONT PARK ROAD	66048	-94.91077192022708	39.33043222362031	
1001 NORTH 4TH STREET	66048	-94.91641725443567	39.32714633874241	
529 CHEYENNE STREET	66048	-94.91869956906754	39.32732755964232	
200 CHEYENNE STREET	66048	-94.91336486974036	39.32848209814263	
215 KIOWA STREET	66048	-94.91283473630118	39.32535850164564	
234 KIOWA STREET	66048	-94.9135642165233	39.325628590649465	
616 DAKOTA STREET	66048	-94.91926924207702	39.32581128735373	
720 CHEYENNE STREET	66048	-94.92167547087085	39.32734727447528	
735 METROPOLITAN AVENUE	66048	-94.92257823513748	39.32759503346541	
506 PAWNEE STREET	66048	-94.91766044574877	39.32691743963255	
230 KIOWA STREET	66048	-94.91339929048094	39.32565069366262	
517 CHEYENNE STREET	66048	-94.91818243292694	39.32731326766952	
1008 NORTH 7TH STREET	66048	-94.92028456346843	39.327054111505454	
501 CHEYENNE STREET	66048	-94.91754463876194	39.32738459671806	
907 NORTH 7TH STREET	66048	-94.9203824303806	39.32585090829667	
529 PAWNEE STREET	66048	-94.91855951794828	39.326468448505295	
726 CHEYENNE STREET	66048	-94.92190789293377	39.32735116446265	
216 KIOWA STREET	66048	-94.91302544538405	39.32569079869082	
729 METROPOLITAN AVENUE	66048	-94.92234071610585	39.32793572953654	
320 KIOWA STREET	66048	-94.91479073483617	39.32544524354833	
625 CHEYENNE STREET	66048	-94.92012161043269	39.32713949952913	
505 PAWNEE STREET	66048	-94.91758772469161	39.326521242569854	
950 NORTH CHEYENNE CURVE	66048	-94.91107152802441	39.32744633309907	
50 DAKOTA STREET	66048	-94.90955744857747	39.32703382011608	
1101 NORTH 2ND STREET	66048	-94.91284877964424	39.32893389724846	
606 PAWNEE STREET	66048	-94.91916186113033	39.32667726850608	
609 METROPOLITAN AVENUE	66048	-94.92015156448794	39.327637205611474	
551 METROPOLITAN AVENUE	66048	-94.91882742017644	39.32811211876747	
601 METROPOLITAN AVENUE	66048	-94.91957101737457	39.328089640721096	
571 METROPOLITAN AVENUE	66048	-94.91878543812794	39.327720552703745	
1100 NORTH 2ND STREET	66048	-94.9121206264199	39.328636157239885	
1100 NORTH 2ND STREET	66048	-94.91147679324914	39.328664162281456	
1100 NORTH 2ND STREET	66048	-94.91152345426117	39.328658639277876	
1100 NORTH 2ND STREET	66048	-94.91159044827864	39.32865252827302	
1100 NORTH 2ND STREET	66048	-94.91164140629193	39.328648246269346	
1100 NORTH 2ND STREET	66048	-94.91175741632325	39.328649066262884	
1100 NORTH 2ND STREET	66048	-94.91141149423163	39.328664685285325	
1100 NORTH 2ND STREET	66048	-94.9118447943461	39.32864124225653	
1100 NORTH 2ND STREET	66048	-94.9113694772202	39.328663571287514	
1100 NORTH 2ND STREET	66048	-94.91127350419481	39.328668914293885	
1100 NORTH 2ND STREET	66048	-94.91132286520805	39.32866796929096	
1100 NORTH 2ND STREET	66048	-94.91204710240235	39.328660093248125	
1100 NORTH 2ND STREET	66048	-94.91202207539578	39.328661737249845	
1100 NORTH 2ND STREET	66048	-94.91199702938923	39.32866384225166	
1100 NORTH 2ND STREET	66048	-94.9119755223837	39.328666502253334	
1100 NORTH 2ND STREET	66048	-94.91195043537725	39.32866952925528	
1100 NORTH 2ND STREET	66048	-94.9119241603704	39.328672525257275	
1100 NORTH 2ND STREET	66048	-94.91189956536434	39.32867787125961	
1100 NORTH 2ND STREET	66048	-94.9118715713569	39.32867943726145	
1100 NORTH 2ND STREET	66048	-94.91184108134912	39.32868370526393	
1100 NORTH 2ND STREET	66048	-94.9118082593406	39.328686989266345	
1100 NORTH 2ND STREET	66048	-94.91177494433167	39.3286879522684	
1100 NORTH 2ND STREET	66048	-94.91174392232362	39.328690822270666	
1100 NORTH 2ND STREET	66048	-94.9117081733142	39.32869310427313	
1100 NORTH 2ND STREET	66048	-94.91167244430476	39.32869492727548	
1100 NORTH 2ND STREET	66048	-94.91164260929698	39.32869782827769	
1100 NORTH 2ND STREET	66048	-94.91160814628773	39.32869783727963	
1100 NORTH 2ND STREET	66048	-94.91157239727832	39.32870012028207	
1100 NORTH 2ND STREET	66048	-94.91153658726898	39.328703786284734	
1100 NORTH 2ND STREET	66048	-94.91150804026137	39.328704414286484	
1100 NORTH 2ND STREET	66048	-94.91148117325442	39.3287073942885	
1100 NORTH 2ND STREET	66048	-94.91145373124729	39.32870989729051	
1100 NORTH 2ND STREET	66048	-94.91142694424016	39.32871103329222	
1100 NORTH 2ND STREET	66048	-94.91139772323255	39.32871348829432	
1100 NORTH 2ND STREET	66048	-94.91137020022553	39.32871783429667	
1100 NORTH 2ND STREET	66048	-94.91133690621662	39.32871833629863	
1100 NORTH 2ND STREET	66048	-94.91204946340744	39.328706935255916	
1100 NORTH 2ND STREET	66048	-94.91202612440144	39.328709922257765	
1100 NORTH 2ND STREET	66048	-94.91200006439458	39.32871139425952	
1100 NORTH 2ND STREET	66048	-94.91197202438741	39.32871569826181	
1100 NORTH 2ND STREET	66048	-94.9119421613797	39.328719233264145	
1100 NORTH 2ND STREET	66048	-94.91190673537047	39.32872262126673	
1100 NORTH 2ND STREET	66048	-94.91187226736147	39.32872531326917	
1100 NORTH 2ND STREET	66048	-94.9118358173522	39.3287308362722	
1100 NORTH 2ND STREET	66048	-94.91179767234208	39.32873270927468	
1100 NORTH 2ND STREET	66048	-94.91176234033269	39.32873393627688	
1100 NORTH 2ND STREET	66048	-94.91171757732107	39.32873851828026	
1100 NORTH 2ND STREET	66048	-94.91167479530966	39.32874026928301	
1100 NORTH 2ND STREET	66048	-94.91163386829884	39.32874206828563	
1100 NORTH 2ND STREET	66048	-94.91159754628934	39.32874471128816	
1100 NORTH 2ND STREET	66048	-94.9115547962779	39.328745741290795	
1100 NORTH 2ND STREET	66048	-94.91151559726777	39.32875047129385	
1100 NORTH 2ND STREET	66048	-94.91148010725871	39.32875529829669	
1100 NORTH 2ND STREET	66048	-94.91143726224747	39.32875848829966	
1100 NORTH 2ND STREET	66048	-94.91139812623724	39.32876177830246	
1100 NORTH 2ND STREET	66048	-94.91135994922719	39.32876437130511	
1100 NORTH 2ND STREET	66048	-94.91132634521851	39.3287685283077	
1100 NORTH 2ND STREET	66048	-94.9112946282103	39.328772013310086	
1100 NORTH 2ND STREET	66048	-94.91126850520354	39.32877492631208	
1100 NORTH 2ND STREET	66048	-94.91124244619667	39.328776399313824	
1100 NORTH 2ND STREET	66048	-94.911220002191	39.328780129315746	
1100 NORTH 2ND STREET	66048	-94.91117623017948	39.32878329531878	
1100 NORTH 2ND STREET	66048	-94.91114652417147	39.328783229320486	
1100 NORTH 2ND STREET	66048	-94.91205508741216	39.32874039426126	
1100 NORTH 2ND STREET	66048	-94.9120330484063	39.328741656262736	
1100 NORTH 2ND STREET	66048	-94.9120097614003	39.32874427026449	
1100 NORTH 2ND STREET	66048	-94.91198524739401	39.328747773266514	
1100 NORTH 2ND STREET	66048	-94.91195905338708	39.32874892526819	
1100 NORTH 2ND STREET	66048	-94.91192923837929	39.3287513652703	
1100 NORTH 2ND STREET	66048	-94.91189938337158	39.32875472727256	
1100 NORTH 2ND STREET	66048	-94.91187136936422	39.3287567532745	
1100 NORTH 2ND STREET	66048	-94.91184155335642	39.32875919327663	
1100 NORTH 2ND STREET	66048	-94.91181047134843	39.32876344627916	
1100 NORTH 2ND STREET	66048	-94.91177834333989	39.32876444028119	
1100 NORTH 2ND STREET	66048	-94.91174261433045	39.32876626228348	
1100 NORTH 2ND STREET	66048	-94.91170983132186	39.328768624285786	
1100 NORTH 2ND STREET	66048	-94.91167942231385	39.328771048287926	
1100 NORTH 2ND STREET	66048	-94.91165142830647	39.328772614289775	
1100 NORTH 2ND STREET	66048	-94.91161983329819	39.32877500729199	
1100 NORTH 2ND STREET	66048	-94.9115823042883	39.32877724229452	
1100 NORTH 2ND STREET	66048	-94.91155003328	39.328781463297126	
1100 NORTH 2ND STREET	66048	-94.91151731127125	39.32878244229913	
1100 NORTH 2ND STREET	66048	-94.91148866426386	39.32878537430126	
1100 NORTH 2ND STREET	66048	-94.91146243025696	39.32878744830311	
1100 NORTH 2ND STREET	66048	-94.91143449624946	39.32878763030476	
1100 NORTH 2ND STREET	66048	-94.91140703524235	39.32879059430681	
1100 NORTH 2ND STREET	66048	-94.91137779323478	39.32879351130899	
1100 NORTH 2ND STREET	66048	-94.9113438452258	39.328795380311256	
1100 NORTH 2ND STREET	66048	-94.9113109402174	39.32880050631398	
1100 NORTH 2ND STREET	66048	-94.91128528021073	39.3288030573159	
1100 NORTH 2ND STREET	66048	-94.91125730620332	39.328804161317656	
1100 NORTH 2ND STREET	66048	-94.91122636419506	39.32880518731961	
1100 NORTH 2ND STREET	66048	-94.91204975141582	39.32879424227064	
1100 NORTH 2ND STREET	66048	-94.91203241841134	39.32879655127205	
1100 NORTH 2ND STREET	66048	-94.91201095340577	39.32879829027353	
1100 NORTH 2ND STREET	66048	-94.91199302740114	39.328800584274966	
1100 NORTH 2ND STREET	66048	-94.91197624839691	39.32880383127647	
1100 NORTH 2ND STREET	66048	-94.91195300139081	39.32880552227811	
1100 NORTH 2ND STREET	66048	-94.91193088238516	39.32880862827985	
1100 NORTH 2ND STREET	66048	-94.9119058543786	39.32881027128158	
1100 NORTH 2ND STREET	66048	-94.91188142237213	39.32881193128326	
1100 NORTH 2ND STREET	66048	-94.91185756236592	39.32881406828501	
1100 NORTH 2ND STREET	66048	-94.91183366135975	39.32881712628685	
1100 NORTH 2ND STREET	66048	-94.9118084723535	39.32882245828918	
1100 NORTH 2ND STREET	66048	-94.91177871734556	39.32882351529109	
1100 NORTH 2ND STREET	66048	-94.91174702133752	39.3288282132937	
1100 NORTH 2ND STREET	66048	-94.91170955232751	39.328829066295995	
1100 NORTH 2ND STREET	66048	-94.91167975731963	39.32883104529805	
1100 NORTH 2ND STREET	66048	-94.91164292230974	39.32883099230013	
1100 NORTH 2ND STREET	66048	-94.91160962830078	39.32883149430215	
1100 NORTH 2ND STREET	66048	-94.9115750842917	39.32883334730442	
1100 NORTH 2ND STREET	66048	-94.91154054228254	39.32883520030671	
1100 NORTH 2ND STREET	66048	-94.91150419927297	39.328837467309185	
1100 NORTH 2ND STREET	66048	-94.91147373026512	39.32884127531156	
1100 NORTH 2ND STREET	66048	-94.91144880525836	39.328840614312846	
1100 NORTH 2ND STREET	66048	-94.91142021725076	39.32884216431479	
1100 NORTH 2ND STREET	66048	-94.91139453624419	39.32884517531677	
1100 NORTH 2ND STREET	66048	-94.9113695502375	39.32884589731829	
1100 NORTH 2ND STREET	66048	-94.91134634423135	39.32884666731974	
1100 NORTH 2ND STREET	66048	-94.91132023222424	39.32884597532117	
1100 NORTH 2ND STREET	66048	-94.91129749721844	39.32884952532304	
1100 NORTH 2ND STREET	66048	-94.91166619832605	39.32893681931669	
625 PAWNEE STREET	66048	-94.91984449427386	39.326252629395306	
1100 NORTH 2ND STREET	66048	-94.9116341313209	39.32897377032473	
1100 NORTH 2ND STREET	66048	-94.91160109531108	39.32896403532499	
1100 NORTH 2ND STREET	66048	-94.91183964337925	39.32900555531837	
1100 NORTH 2ND STREET	66048	-94.91166492633002	39.32898255932445	
1100 NORTH 2ND STREET	66048	-94.911623523313	39.328920921316424	
1100 NORTH 2ND STREET	66048	-94.91172933434954	39.32900523432461	
1100 NORTH 2ND STREET	66048	-94.91174387434985	39.328967486317396	
1100 NORTH 2ND STREET	66048	-94.9117892883676	39.32902542832459	
1100 NORTH 2ND STREET	66048	-94.91182341137781	39.32903637432446	
625 PAWNEE STREET	66048	-94.91975365625039	39.326263226402304	
1100 NORTH 2ND STREET	66048	-94.91163511332645	39.32902931733404	
1100 NORTH 2ND STREET	66048	-94.91187361938945	39.32901660731829	
1100 NORTH 2ND STREET	66048	-94.91168133734006	39.32904176433351	
1100 NORTH 2ND STREET	66048	-94.9117234123525	39.32905351133312	
1100 NORTH 2ND STREET	66048	-94.91175444535709	39.32901357832456	
1100 NORTH 2ND STREET	66048	-94.91158184031055	39.32901284433434	
1100 NORTH 2ND STREET	66048	-94.91185378938691	39.32904603832435	
1100 NORTH 2ND STREET	66048	-94.91169892633603	39.32894922131689	
1100 NORTH 2ND STREET	66048	-94.91169563033935	39.32899341432456	
1100 NORTH 2ND STREET	66048	-94.91187816539421	39.32905377232428	
1100 NORTH 2ND STREET	66048	-94.91179878836671	39.328988783317854	
1100 NORTH 2ND STREET	66048	-94.91189715235991	39.32863812325302	
1100 NORTH 2ND STREET	66048	-94.91180817733697	39.32864928526003	
1100 NORTH 2ND STREET	66048	-94.91169806230705	39.32864636726582	
310 KIOWA STREET	66048	-94.91437100473988	39.325621390602095	
310 KIOWA STREET	66048	-94.91431036972423	39.325628866606834	
201 AUGUR AVENUE	66027	-94.91608912865723	39.35146358686529	
221 AUGUR AVENUE	66027	-94.91736341099724	39.351429809786566	
220 AUGUR AVENUE	66027	-94.91734386103437	39.351875500862924	
219 AUGUR AVENUE	66027	-94.91722861696141	39.35143495179518	
218 AUGUR AVENUE	66027	-94.91723165900424	39.35187688686954	
217 AUGUR AVENUE	66027	-94.91699030689725	39.35143518080889	
216 AUGUR AVENUE	66027	-94.91698707993984	39.35189218588618	
215 AUGUR AVENUE	66027	-94.91685850386183	39.351436048816566	
214 AUGUR AVENUE	66027	-94.9168557529035	39.35188218389201	
213 AUGUR AVENUE	66027	-94.91662821280065	39.35144519583133	
212 AUGUR AVENUE	66027	-94.91662555584216	39.35188915590636	
211 AUGUR AVENUE	66027	-94.91650509676697	39.35143976283746	
210 AUGUR AVENUE	66027	-94.91649375180675	39.351890022914056	
1 SCOTT AVENUE	66027	-94.91590207568296	39.35226433101111	
602 SCOTT AVENUE	66027	-94.91562505969061	39.35312990217305	
604 SCOTT AVENUE	66027	-94.91566505471064	39.35322718518717	
605 SCOTT AVENUE	66027	-94.91623923186809	39.35325611915914	
606 SCOTT AVENUE	66027	-94.9157627307555	39.3534222182145	
608 SCOTT AVENUE	66027	-94.91582101577922	39.35350623922529	
610 SCOTT AVENUE	66027	-94.91591869282405	39.35370127225261	
611 SCOTT AVENUE	66027	-94.91644433795844	39.35362582320973	
612 SCOTT AVENUE	66027	-94.91595014884108	39.353791456265995	
620 SCOTT AVENUE	66027	-94.91619174097737	39.35454015337849	
624 SCOTT AVENUE	66027	-94.91633705704692	39.35486016442412	
626 SCOTT AVENUE	66027	-94.91640459509144	39.35513687846699	
700 SCOTT AVENUE	66027	-94.91653986516094	39.35548411751776	
210 POPE AVENUE	66027	-94.91662897793623	39.35286861107142	
211 POPE AVENUE	66027	-94.91641938482978	39.35234317199477	
212 POPE AVENUE	66027	-94.91680536598302	39.35286107106002	
213 POPE AVENUE	66027	-94.91653978286018	39.352321946984276	
215 POPE AVENUE	66027	-94.91676966092132	39.35231338196969	
217 POPE AVENUE	66027	-94.91689580495442	39.35230451296096	
219 POPE AVENUE	66027	-94.9171232910133	39.3522787979436	
220 POPE AVENUE	66027	-94.91736147312675	39.35279767001748	
221 POPE AVENUE	66027	-94.917249114047	39.3522772429361	
1 HASTINGS ROAD	66027	-94.91367783022663	39.353766688392064	
100 HASTINGS ROAD	66027	-94.91473283855309	39.35421073440654	
751 SCOTT AVENUE	66027	-94.91683374434655	39.356603716689854	
753 SCOTT AVENUE	66027	-94.91680983734884	39.356695654706684	
755 SCOTT AVENUE	66027	-94.91677160935679	39.356887499741255	
757 SCOTT AVENUE	66027	-94.91675830336054	39.356964289754956	
770 SCOTT AVENUE	66027	-94.91573660612788	39.35741175688903	
2 RIVERSIDE AVENUE	66027	-94.91407519965966	39.35719416594755	
4 RIVERSIDE AVENUE	66027	-94.91417591970537	39.35738968697476	
5 RIVERSIDE AVENUE	66027	-94.9145916567993	39.35720011891895	
6 RIVERSIDE AVENUE	66027	-94.91439958079775	39.357727317018885	
8 RIVERSIDE AVENUE	66027	-94.9145585018622	39.357955235048244	
10 RIVERSIDE AVENUE	66027	-94.91489924199081	39.35834224809402	
12 RIVERSIDE AVENUE	66027	-94.9150474480326	39.358361597088745	
14 RIVERSIDE AVENUE	66027	-94.91537420612435	39.358401284076734	
16 RIVERSIDE AVENUE	66027	-94.91550991316245	39.35841722207163	
20 RIVERSIDE AVENUE	66027	-94.91615498634249	39.35848323804581	
22 RIVERSIDE AVENUE	66027	-94.91629942038199	39.35848954003856	
100 RIVERSIDE AVENUE	66027	-94.91377056644107	39.35575897072287	
210 RIVERSIDE AVENUE	66027	-94.91549370289638	39.35566571160839	
2 SUMNER PLACE	66027	-94.91733614544304	39.35619542859215	
4 SUMNER PLACE	66027	-94.91731597746451	39.35647818264103	
6 SUMNER PLACE	66027	-94.91728861946595	39.3565708836582	
8 SUMNER PLACE	66027	-94.91724376946695	39.356708327683975	
10 SUMNER PLACE	66027	-94.91723994047425	39.35679562369893	
12 SUMNER PLACE	66027	-94.91719910047603	39.35693015872395	
14 SUMNER PLACE	66027	-94.91718210249144	39.35714066776042	
16 SUMNER PLACE	66027	-94.91748565258001	39.35721198075507	
18 SUMNER PLACE	66027	-94.91760144961262	39.35722709675098	
20 SUMNER PLACE	66027	-94.91783678967919	39.35726044074308	
22 SUMNER PLACE	66027	-94.91794483170973	39.357275350739414	
24 SUMNER PLACE	66027	-94.91811575476393	39.3573612387441	
26 SUMNER PLACE	66027	-94.91835977483088	39.357373715732265	
28 SUMNER PLACE	66027	-94.91867155991216	39.35734579070964	
30 SUMNER PLACE	66027	-94.91882626395508	39.35735891970301	
32 SUMNER PLACE	66027	-94.91902683901192	39.357388329696434	
34 SUMNER PLACE	66027	-94.91914290104405	39.357397423691324	
411 GRANT AVENUE	66027	-94.91876190737673	39.35145964171146	
416 GRANT AVENUE	66027	-94.9179207801286	39.351232570721365	
418 GRANT AVENUE	66027	-94.91787017113245	39.351416247755246	
420 GRANT AVENUE	66027	-94.9178406151332	39.3515079747724	
501 GRANT AVENUE	66027	-94.91837223530474	39.351806159792254	
510 GRANT AVENUE	66027	-94.91773765814415	39.35191493184701	
511 GRANT AVENUE	66027	-94.91833729033422	39.35221491486324	
512 GRANT AVENUE	66027	-94.91770810314492	39.35200665886416	
514 GRANT AVENUE	66027	-94.91766599315103	39.352190561897594	
516 GRANT AVENUE	66027	-94.91762822614896	39.35227546391405	
601 GRANT AVENUE	66027	-94.91813734932636	39.352698600956316	
603 GRANT AVENUE	66027	-94.91811571633052	39.3528037529753	
605 GRANT AVENUE	66027	-94.91807244933882	39.3530140560132	
607 GRANT AVENUE	66027	-94.91805110534244	39.353112608031054	
609 GRANT AVENUE	66027	-94.91799933834848	39.35332268606948	
611 GRANT AVENUE	66027	-94.91796949234983	39.35342101308776	
612 GRANT AVENUE	66027	-94.91709860212123	39.3534838901483	
613 GRANT AVENUE	66027	-94.91793443636104	39.35363814112644	
615 GRANT AVENUE	66027	-94.91792130336746	39.353743517145	
617 GRANT AVENUE	66027	-94.9178616123701	39.35394017118156	
619 GRANT AVENUE	66027	-94.91784848037659	39.354045547200116	
621 GRANT AVENUE	66027	-94.91777149537518	39.35424835123871	
623 GRANT AVENUE	66027	-94.91775072937766	39.35433370325429	
625 GRANT AVENUE	66027	-94.91770702638681	39.35455390629397	
627 GRANT AVENUE	66027	-94.91769389439331	39.35465928231251	
629 GRANT AVENUE	66027	-94.91772511142632	39.35491780935432	
631 GRANT AVENUE	66027	-94.91777235644734	39.355004958366344	
316 DONIPHAN DRIVE	66027	-94.91975014766335	39.35167412969105	
318 DONIPHAN DRIVE	66027	-94.92041349384712	39.35172763366204	
320 DONIPHAN DRIVE	66027	-94.92108276903298	39.351786802633676	
322 DONIPHAN DRIVE	66027	-94.92176044921948	39.35182840660184	
324 DONIPHAN DRIVE	66027	-94.92244549740849	39.35187612857059	
315 POPE AVENUE	66027	-94.91967695268124	39.35206985276199	
317 POPE AVENUE	66027	-94.9203709148738	39.35212915373219	
319 POPE AVENUE	66027	-94.92103916805907	39.35218433670323	
320 POPE AVENUE	66027	-94.91975565979156	39.35300722691562	
321 POPE AVENUE	66027	-94.92171204924584	39.35224307267455	
323 POPE AVENUE	66027	-94.92239619043418	39.35228571564255	
450 POPE AVENUE	66027	-94.921196312191	39.35312721585327	
614 THOMAS AVENUE	66027	-94.92158847739968	39.35421041101356	
616 THOMAS AVENUE	66027	-94.92158444940732	39.35430237202927	
620 THOMAS AVENUE	66027	-94.92155415343063	39.35463301408683	
622 THOMAS AVENUE	66027	-94.92154008044022	39.35477381111135	
624 THOMAS AVENUE	66027	-94.9215262754493	39.35490847913484	
626 THOMAS AVENUE	66027	-94.92148877845194	39.35504252015963	
628 THOMAS AVENUE	66027	-94.92147739045642	39.35512201017366	
630 THOMAS AVENUE	66027	-94.92143828346217	39.35529283720476	
632 THOMAS AVENUE	66027	-94.92142635846766	39.35538458922092	
600 THOMAS AVENUE	66027	-94.92149772331453	39.3535724199111	
614 CUSTER AVENUE	66027	-94.92104574924744	39.35414697803394	
415 CUSTER AVENUE	66027	-94.92073148524432	39.35500411019655	
605 MCCLELLAN AVENUE	66027	-94.92039375299562	39.35334544393607	
606 MCCLELLAN AVENUE	66027	-94.91978950682986	39.35331415096542	
607 MCCLELLAN AVENUE	66027	-94.9203831520015	39.35343715595218	
608 MCCLELLAN AVENUE	66027	-94.91977890383576	39.35340586298154	
609 MCCLELLAN AVENUE	66027	-94.92034311700614	39.35359963998189	
610 MCCLELLAN AVENUE	66027	-94.9197443248443	39.35359404401525	
611 MCCLELLAN AVENUE	66027	-94.92033976101253	39.35367621099501	
612 MCCLELLAN AVENUE	66027	-94.91973349785061	39.3536908610322	
614 MCCLELLAN AVENUE	66027	-94.91969256785696	39.3538737630654	
615 MCCLELLAN AVENUE	66027	-94.92054788510262	39.35403434504346	
616 MCCLELLAN AVENUE	66027	-94.91968129286414	39.35398078908412	
622 MCCLELLAN AVENUE	66027	-94.91957410988213	39.35447369217345	
624 MCCLELLAN AVENUE	66027	-94.91956941089109	39.35458089219174	
626 MCCLELLAN AVENUE	66027	-94.91953214590475	39.35483033123598	
627 MCCLELLAN AVENUE	66027	-94.92025319610563	39.3549004842065	
628 MCCLELLAN AVENUE	66027	-94.91952288590807	39.3548914142468	
629 MCCLELLAN AVENUE	66027	-94.92022219610745	39.35500699022625	
630 MCCLELLAN AVENUE	66027	-94.91951317791224	39.3549627072594	
631 MCCLELLAN AVENUE	66027	-94.92021749811637	39.35511419024462	
632 MCCLELLAN AVENUE	66027	-94.91949510491797	39.35507466427932	
633 MCCLELLAN AVENUE	66027	-94.92019150812287	39.35525660127007	
634 MCCLELLAN AVENUE	66027	-94.9194840529247	39.35517658529716	
711 MCCLELLAN AVENUE	66027	-94.91992641815533	39.35634839246947	
721 MCCLELLAN AVENUE	66027	-94.91985980518194	39.35681681455228	
731 MCCLELLAN AVENUE	66027	-94.91977296723269	39.35759645268883	
750 MCCLELLAN AVENUE	66027	-94.9190525080592	39.35781250876658	
801 MCCLELLAN AVENUE	66027	-94.91961513726127	39.358343550823875	
810 MCCLELLAN AVENUE	66027	-94.91907562410094	39.358186197828246	
811 MCCLELLAN AVENUE	66027	-94.919866616369	39.35876415788044	
820 MCCLELLAN AVENUE	66027	-94.91906930414152	39.358630658903614	
821 MCCLELLAN AVENUE	66027	-94.91999264843939	39.35914754093786	
831 MCCLELLAN AVENUE	66027	-94.91996518545977	39.35943943698864	
841 MCCLELLAN AVENUE	66027	-94.91989931946962	39.35972942504135	
851 MCCLELLAN AVENUE	66027	-94.91984374748279	39.360025270094425	
861 MCCLELLAN AVENUE	66027	-94.9195127284148	39.36024769115097	
881 MCCLELLAN AVENUE	66027	-94.91937870246777	39.36118394331653	
911 MCCLELLAN AVENUE	66027	-94.92037204286297	39.36252485148579	
806 HARRISON DRIVE	66027	-94.91614967340766	39.35918325116421	
809 HARRISON DRIVE	66027	-94.91723980370108	39.35918119410135	
801 RILEY AVENUE	66027	-94.92099587166148	39.35864091979488	
830 RILEY AVENUE	66027	-94.92096733371572	39.35929223790638	
851 RILEY AVENUE	66027	-94.92068081172143	39.36016355006981	
801 BLUNTVILLE AVENUE	66027	-94.91802126685077	39.358541746948674	
803 BLUNTVILLE AVENUE	66027	-94.91797161086352	39.35881618199779	
316 MCPHERSON AVENUE	66027	-94.91820548383117	39.357813637815326	
410 MCPHERSON AVENUE	66027	-94.92008047538835	39.35836215380033	
415 MCPHERSON AVENUE	66027	-94.92043578437868	39.35725451259315	
425 MCPHERSON AVENUE	66027	-94.9208456195349	39.35773596065083	
428 MCPHERSON AVENUE	66027	-94.92048480850745	39.3584692267952	
440 MCPHERSON AVENUE	66027	-94.92143159778428	39.35869835377958	
450 MCPHERSON AVENUE	66027	-94.9217272448722	39.35878554177736	
510 MCPHERSON AVENUE	66027	-94.92246697705119	39.358572589699	
420 ORGAN AVENUE	66027	-94.92080478940939	39.356531989450076	
450 ORGAN AVENUE	66027	-94.92165764562861	39.356421732382586	
510 ORGAN AVENUE	66027	-94.92225735380322	39.35655927537145	
311 KEARNY AVENUE	66027	-94.91831424360386	39.35511592735399	
321 KEARNY AVENUE	66027	-94.91891392176832	39.35514650932474	
415 KEARNY AVENUE	66027	-94.92052015821619	39.355306820259706	
417 KEARNY AVENUE	66027	-94.92063979224963	39.35531980325508	
419 KEARNY AVENUE	66027	-94.92079755829297	39.35532888124757	
420 KEARNY AVENUE	66027	-94.92092961633028	39.35534710424305	
400 KEARNY AVENUE	66027	-94.91986264909302	39.355873929393105	
410 KEARNY AVENUE	66027	-94.92086848636411	39.35587593833581	
510 KEARNY AVENUE	66027	-94.9223300447713	39.35601766727588	
1015 SHERIDAN DRIVE	66027	-94.92207071681051	39.3676735542567	
981 SYLVAN TRAIL	66027	-94.9226231217544	39.365520635861905	
950 BLUNTVILLE AVENUE	66027	-94.91839762055842	39.36491405700195	
604 THOMAS AVENUE	66027	-94.92090795317098	39.353733020972015	
513 GRANT AVENUE	66027	-94.91856582139776	39.352236258853765	
310 POPE AVENUE	66027	-94.91901599864615	39.35357326205353	
823 MCCLELLAN AVENUE	66027	-94.91965146134369	39.359107109950614	
833 MCCLELLAN AVENUE	66027	-94.91959564435734	39.359408910004696	
843 MCCLELLAN AVENUE	66027	-94.91953287436708	39.35968908405556	
853 MCCLELLAN AVENUE	66027	-94.9194488453719	39.35997767910903	
811 HARRISON DRIVE	66027	-94.91720622685374	39.36088084538995	
801 HARRISON DRIVE	66027	-94.91727296262319	39.35826852494551	
300 MCPHERSON AVENUE	66027	-94.91683372247365	39.35794006491528	
310 MCPHERSON AVENUE	66027	-94.91719598157496	39.35797937990112	
803 HARRISON DRIVE	66027	-94.91755204270217	39.358307874936145	
802 HARRISON DRIVE	66027	-94.91658185942092	39.35809909195653	
804 HARRISON DRIVE	66027	-94.91656526445875	39.35854373203251	
807 HARRISON DRIVE	66027	-94.91724481666631	39.35880122403699	
920 EAST WAREHOUSE ROAD	66027	-94.92114873412828	39.363114390540666	
910 EAST WAREHOUSE ROAD	66027	-94.92099914502845	39.3624893194438	
625 THOMAS AVENUE	66027	-94.92248311169384	39.35477004705668	
1000 CHIEF JOSEPH LOOP	66027	-94.91738508464096	39.368646592689494	
970 CHIEF JOSEPH LOOP	66027	-94.91645819617612	39.36638658836149	
950 CHIEF JOSEPH LOOP	66027	-94.91565946783086	39.36501905517666	
805 HARRISON DRIVE	66027	-94.91747428673195	39.35884171103065	
18 RIVERSIDE AVENUE	66027	-94.91560186932637	39.35987990931312	
310 KEARNY AVENUE	66027	-94.91842672270474	39.35585807247275	
315 MCPHERSON AVENUE	66027	-94.91810793684043	39.35818736888391	
860 RILEY AVENUE	66027	-94.92067039075626	39.36055881613706	
885 RILEY AVENUE	66027	-94.92052323581736	39.36161792432413	
500 THOMAS AVENUE	66027	-94.92155306729848	39.35324650385296	
601 MCCLELLAN AVENUE	66027	-94.92039991196727	39.35302964288245	
316 DONIPHAN DRIVE	66027	-94.9197569836587	39.351605751679074	
318 DONIPHAN DRIVE	66027	-94.92042032884243	39.35165925565008	
320 DONIPHAN DRIVE	66027	-94.92108960402832	39.35171842462169	
322 DONIPHAN DRIVE	66027	-94.92176728321478	39.35176002858992	
324 DONIPHAN DRIVE	66027	-94.92245233140387	39.351807750558685	
316 DONIPHAN DRIVE	66027	-94.91975959265372	39.3515462046689	
318 DONIPHAN DRIVE	66027	-94.92042293883749	39.3515997086399	
320 DONIPHAN DRIVE	66027	-94.92109221202335	39.35165887761153	
322 DONIPHAN DRIVE	66027	-94.92176989120988	39.35170048157969	
324 DONIPHAN DRIVE	66027	-94.92245493839891	39.35174820354851	
316 DONIPHAN DRIVE	66027	-94.91965975562688	39.3515465476747	
318 DONIPHAN DRIVE	66027	-94.92032310081059	39.3516000516457	
320 DONIPHAN DRIVE	66027	-94.92099237399651	39.3516592216173	
322 DONIPHAN DRIVE	66027	-94.92167005318296	39.351700825585475	
324 DONIPHAN DRIVE	66027	-94.92235510037202	39.351748548554276	
316 DONIPHAN DRIVE	66027	-94.91951799458803	39.35153982168164	
318 DONIPHAN DRIVE	66027	-94.92018133977182	39.3515933266527	
320 DONIPHAN DRIVE	66027	-94.92085061395767	39.35165249762429	
322 DONIPHAN DRIVE	66027	-94.92152829314419	39.35169410259251	
324 DONIPHAN DRIVE	66027	-94.92221333933324	39.351741825561255	
316 DONIPHAN DRIVE	66027	-94.91940307855648	39.35153380468724	
318 DONIPHAN DRIVE	66027	-94.92006642374027	39.35158731065822	
320 DONIPHAN DRIVE	66027	-94.92073569692619	39.35164648162988	
322 DONIPHAN DRIVE	66027	-94.92141337611265	39.35168808759802	
324 DONIPHAN DRIVE	66027	-94.92209842330169	39.35173581156684	
316 DONIPHAN DRIVE	66027	-94.91939637356091	39.35159920569864	
318 DONIPHAN DRIVE	66027	-94.9200597187447	39.35165271166967	
320 DONIPHAN DRIVE	66027	-94.92072899293056	39.35171188264126	
322 DONIPHAN DRIVE	66027	-94.92140667211707	39.35175348860948	
324 DONIPHAN DRIVE	66027	-94.92209171930611	39.351801212578266	
316 DONIPHAN DRIVE	66027	-94.91939363256613	39.351661729709384	
318 DONIPHAN DRIVE	66027	-94.9200569787499	39.35171523568036	
320 DONIPHAN DRIVE	66027	-94.92072625293581	39.351774406652005	
322 DONIPHAN DRIVE	66027	-94.92140393312225	39.35181601262016	
324 DONIPHAN DRIVE	66027	-94.92208898131135	39.351863736588975	
315 POPE AVENUE	66027	-94.91966641068461	39.35213515177359	
317 POPE AVENUE	66027	-94.92036037487716	39.35219445374385	
319 POPE AVENUE	66027	-94.92102862806242	39.35224963571482	
321 POPE AVENUE	66027	-94.92170151024925	39.352308371686185	
323 POPE AVENUE	66027	-94.92238565143754	39.35235101465415	
315 POPE AVENUE	66027	-94.91968258369555	39.35220413778433	
317 POPE AVENUE	66027	-94.9203765478881	39.35226343875451	
319 POPE AVENUE	66027	-94.92104480207334	39.352318621725566	
321 POPE AVENUE	66027	-94.92171768426016	39.35237735769688	
323 POPE AVENUE	66027	-94.92240182644849	39.35242000066489	
315 POPE AVENUE	66027	-94.91958326666766	39.35219257078806	
317 POPE AVENUE	66027	-94.92027723086026	39.3522518737583	
319 POPE AVENUE	66027	-94.92094548504545	39.35230705672927	
321 POPE AVENUE	66027	-94.92161836723227	39.35236579270066	
323 POPE AVENUE	66027	-94.92230250942062	39.3524084366686	
315 POPE AVENUE	66027	-94.91941479162134	39.35218215779593	
317 POPE AVENUE	66027	-94.92010875481388	39.35224146076616	
319 POPE AVENUE	66027	-94.9207770089991	39.35229664573718	
321 POPE AVENUE	66027	-94.9214498911859	39.35235538270854	
323 POPE AVENUE	66027	-94.92213403237426	39.35239802667654	
315 POPE AVENUE	66027	-94.91930370859082	39.35217624280132	
317 POPE AVENUE	66027	-94.91999767278337	39.35223554577155	
319 POPE AVENUE	66027	-94.92066592596863	39.352290730742574	
321 POPE AVENUE	66027	-94.92133880815545	39.35234946871393	
323 POPE AVENUE	66027	-94.9220229493438	39.35239211368191	
315 POPE AVENUE	66027	-94.91931782358898	39.35211699979051	
317 POPE AVENUE	66027	-94.92001178678153	39.352176302760725	
319 POPE AVENUE	66027	-94.9206800399668	39.35223148773175	
321 POPE AVENUE	66027	-94.92135292215363	39.35229022570311	
323 POPE AVENUE	66027	-94.92203706234193	39.352332870671106	
315 POPE AVENUE	66027	-94.91934078258704	39.35203116277472	
317 POPE AVENUE	66027	-94.92003474477956	39.352090465744965	
319 POPE AVENUE	66027	-94.92070299796481	39.352145650716	
321 POPE AVENUE	66027	-94.92137587815166	39.352204388687284	
323 POPE AVENUE	66027	-94.92206001833996	39.35224703365527	
415 SHERMAN AVENUE	66027	-94.91506264037731	39.351428076918154	
435 MCPHERSON AVENUE	66027	-94.92144658465246	39.35727013353783	
